Timestamp,Dataset,p,Critical_k,Speedup_At_k,Ratio
2026-04-12 17:28:56,Synthetic_high_corr_p25,25,13,0.0633,0.9999
2026-04-12 17:28:56,Synthetic_high_corr_p25,25,19,0.0447,1.0000
2026-04-12 17:28:56,Synthetic_high_corr_p25,25,22,0.0427,1.0000
2026-04-12 17:28:56,Synthetic_high_corr_p25,25,24,0.0404,1.0000
2026-04-12 17:28:56,Synthetic_high_corr_p25,25,25,0.0388,1.0000
2026-04-12 17:28:57,Synthetic_high_corr_p32,32,16,0.0515,0.9998
2026-04-12 17:28:57,Synthetic_high_corr_p32,32,24,0.1047,1.0000
2026-04-12 17:28:57,Synthetic_high_corr_p32,32,28,0.0610,1.0000
2026-04-12 17:28:57,Synthetic_high_corr_p32,32,30,0.0590,1.0000
2026-04-12 17:28:57,Synthetic_high_corr_p32,32,31,0.0568,1.0000
2026-04-12 17:28:57,Synthetic_high_corr_p32,32,32,0.0552,1.0000
2026-04-12 17:28:57,Synthetic_high_corr_p40,40,20,0.0866,0.9998
2026-04-12 17:28:58,Synthetic_high_corr_p40,40,30,0.0857,1.0001
2026-04-12 17:28:58,Synthetic_high_corr_p40,40,35,0.0813,1.0000
2026-04-12 17:28:58,Synthetic_high_corr_p40,40,38,0.0781,0.9999
2026-04-12 17:28:58,Synthetic_high_corr_p40,40,39,0.0775,1.0000
2026-04-12 17:28:58,Synthetic_high_corr_p40,40,40,0.0765,1.0000
2026-04-12 17:28:58,Synthetic_high_corr_p48,48,24,0.1113,0.9997
2026-04-12 17:28:59,Synthetic_high_corr_p48,48,36,0.1123,1.0000
2026-04-12 17:28:59,Synthetic_high_corr_p48,48,42,0.1076,1.0000
2026-04-12 17:28:59,Synthetic_high_corr_p48,48,45,0.1049,1.0000
2026-04-12 17:28:59,Synthetic_high_corr_p48,48,47,0.1003,1.0000
2026-04-12 17:29:00,Synthetic_high_corr_p48,48,48,0.0997,1.0000
2026-04-12 17:29:00,Synthetic_high_corr_p56,56,28,0.1394,0.9998
2026-04-12 17:29:00,Synthetic_high_corr_p56,56,42,0.1398,0.9999
2026-04-12 17:29:00,Synthetic_high_corr_p56,56,49,0.1358,1.0000
2026-04-12 17:29:01,Synthetic_high_corr_p56,56,53,0.1374,1.0000
2026-04-12 17:29:01,Synthetic_high_corr_p56,56,55,0.1391,1.0000
2026-04-12 17:29:01,Synthetic_high_corr_p56,56,56,0.1389,1.0000
2026-04-12 17:29:02,Synthetic_high_corr_p63,63,32,0.1625,0.9999
2026-04-12 17:29:02,Synthetic_high_corr_p63,63,48,0.1668,1.0000
2026-04-12 17:29:02,Synthetic_high_corr_p63,63,56,0.1810,1.0000
2026-04-12 17:29:02,Synthetic_high_corr_p63,63,60,0.1866,1.0000
2026-04-12 17:29:03,Synthetic_high_corr_p63,63,62,0.1885,1.0000
2026-04-12 17:29:03,Synthetic_high_corr_p63,63,63,0.1961,1.0000
2026-04-12 17:29:03,Synthetic_high_corr_p71,71,36,0.1944,0.9998
2026-04-12 17:29:04,Synthetic_high_corr_p71,71,54,0.2175,0.9999
2026-04-12 17:29:04,Synthetic_high_corr_p71,71,63,0.2429,1.0000
2026-04-12 17:29:04,Synthetic_high_corr_p71,71,67,0.2513,1.0000
2026-04-12 17:29:05,Synthetic_high_corr_p71,71,69,0.2539,1.0000
2026-04-12 17:29:05,Synthetic_high_corr_p71,71,70,0.2561,1.0000
2026-04-12 17:29:05,Synthetic_high_corr_p71,71,71,0.2584,1.0000
2026-04-12 17:29:06,Synthetic_high_corr_p79,79,40,0.2227,0.9999
2026-04-12 17:29:06,Synthetic_high_corr_p79,79,60,0.2845,1.0000
2026-04-12 17:29:06,Synthetic_high_corr_p79,79,70,0.3208,1.0000
2026-04-12 17:29:07,Synthetic_high_corr_p79,79,75,0.3360,1.0000
2026-04-12 17:29:07,Synthetic_high_corr_p79,79,77,0.3374,1.0000
2026-04-12 17:29:08,Synthetic_high_corr_p79,79,78,0.3424,1.0000
2026-04-12 17:29:08,Synthetic_high_corr_p79,79,79,0.3439,1.0000
2026-04-12 17:29:08,Synthetic_high_corr_p87,87,44,0.2309,0.9999
2026-04-12 17:29:09,Synthetic_high_corr_p87,87,66,0.3596,1.0000
2026-04-12 17:29:09,Synthetic_high_corr_p87,87,77,0.4184,1.0000
2026-04-12 17:29:10,Synthetic_high_corr_p87,87,82,0.4333,1.0000
2026-04-12 17:29:10,Synthetic_high_corr_p87,87,85,0.4355,1.0000
2026-04-12 17:29:10,Synthetic_high_corr_p87,87,86,0.4372,1.0000
2026-04-12 17:29:11,Synthetic_high_corr_p87,87,87,0.4368,1.0000
2026-04-12 17:29:11,Synthetic_high_corr_p94,94,47,0.2790,0.9999
2026-04-12 17:29:12,Synthetic_high_corr_p94,94,71,0.4470,1.0000
2026-04-12 17:29:12,Synthetic_high_corr_p94,94,83,0.5146,1.0000
2026-04-12 17:29:13,Synthetic_high_corr_p94,94,89,0.5332,1.0000
2026-04-12 17:29:13,Synthetic_high_corr_p94,94,92,0.5503,1.0000
2026-04-12 17:29:14,Synthetic_high_corr_p94,94,93,0.5406,1.0000
2026-04-12 17:29:14,Synthetic_high_corr_p94,94,94,0.5491,1.0000
2026-04-12 17:29:15,Synthetic_high_corr_p102,102,51,0.3275,0.9999
2026-04-12 17:29:15,Synthetic_high_corr_p102,102,77,0.5700,1.0000
2026-04-12 17:29:16,Synthetic_high_corr_p102,102,90,0.6226,0.9999
2026-04-12 17:29:16,Synthetic_high_corr_p102,102,96,0.6841,1.0000
2026-04-12 17:29:17,Synthetic_high_corr_p102,102,99,0.6808,1.0000
2026-04-12 17:29:17,Synthetic_high_corr_p102,102,101,0.6885,1.0000
2026-04-12 17:29:18,Synthetic_high_corr_p102,102,102,0.6895,1.0000
2026-04-12 17:29:18,Synthetic_high_corr_p110,110,55,0.3948,0.9999
2026-04-12 17:29:19,Synthetic_high_corr_p110,110,83,0.7029,1.0000
2026-04-12 17:29:19,Synthetic_high_corr_p110,110,97,0.8154,1.0000
2026-04-12 17:29:20,Synthetic_high_corr_p110,110,104,0.8520,1.0000
2026-04-12 17:29:20,Synthetic_high_corr_p110,110,107,0.8574,1.0000
2026-04-12 17:29:21,Synthetic_high_corr_p110,110,109,0.8648,1.0000
2026-04-12 17:29:22,Synthetic_high_corr_p110,110,110,0.8681,1.0000
2026-04-12 17:29:22,Synthetic_high_corr_p118,118,59,0.4638,0.9998
2026-04-12 17:29:23,Synthetic_high_corr_p118,118,89,0.8374,1.0000
2026-04-12 17:29:23,Synthetic_high_corr_p118,118,104,1.0552,1.0000
2026-04-12 17:29:24,Synthetic_high_corr_p118,118,96,0.8955,1.0000
2026-04-12 17:29:25,Synthetic_high_corr_p118,118,100,0.9513,1.0000
2026-04-12 17:29:25,Synthetic_high_corr_p125,125,63,0.5406,0.9999
2026-04-12 17:29:26,Synthetic_high_corr_p125,125,94,0.9184,0.9999
2026-04-12 17:29:27,Synthetic_high_corr_p125,125,110,1.1698,1.0000
2026-04-12 17:29:27,Synthetic_high_corr_p125,125,102,1.0866,0.9999
2026-04-12 17:29:28,Synthetic_high_corr_p125,125,98,1.0476,1.0000
2026-04-12 17:29:29,Synthetic_high_corr_p133,133,67,0.6280,0.9999
2026-04-12 17:29:30,Synthetic_high_corr_p133,133,100,1.1595,1.0000
2026-04-12 17:29:30,Synthetic_high_corr_p133,133,83,0.7956,1.0000
2026-04-12 17:29:31,Synthetic_high_corr_p133,133,91,1.0851,1.0000
2026-04-12 17:29:32,Synthetic_high_corr_p133,133,87,0.9737,1.0000
2026-04-12 17:29:32,Synthetic_high_corr_p141,141,71,0.7261,0.9999
2026-04-12 17:29:33,Synthetic_high_corr_p141,141,106,1.3433,0.9999
2026-04-12 17:29:34,Synthetic_high_corr_p141,141,88,1.0392,0.9999
2026-04-12 17:29:35,Synthetic_high_corr_p149,149,75,0.8448,0.9999
2026-04-12 17:29:36,Synthetic_high_corr_p149,149,112,1.5831,0.9999
2026-04-12 17:29:37,Synthetic_high_corr_p149,149,93,1.2088,0.9999
2026-04-12 17:29:37,Synthetic_high_corr_p149,149,84,1.0321,0.9999
2026-04-12 17:29:38,Synthetic_high_corr_p156,156,78,0.9346,0.9999
2026-04-12 17:29:39,Synthetic_high_corr_p156,156,117,1.8448,1.0000
2026-04-12 17:29:40,Synthetic_high_corr_p156,156,97,1.3581,1.0000
2026-04-12 17:29:41,Synthetic_high_corr_p156,156,87,1.1709,1.0000
2026-04-12 17:29:42,Synthetic_high_corr_p156,156,82,1.0815,0.9999
2026-04-12 17:29:43,Synthetic_high_corr_p156,156,80,1.0287,1.0000
2026-04-12 17:29:44,Synthetic_high_corr_p164,164,82,1.0450,0.9999
2026-04-12 17:29:44,Synthetic_high_corr_p172,172,86,1.2505,0.9999
2026-04-12 17:29:45,Synthetic_high_corr_p172,172,43,0.4236,0.9996
2026-04-12 17:29:46,Synthetic_high_corr_p172,172,64,0.7177,0.9998
2026-04-12 17:29:47,Synthetic_high_corr_p172,172,75,1.0077,0.9998
2026-04-12 17:29:48,Synthetic_high_corr_p180,180,90,1.3768,0.9999
2026-04-12 17:29:48,Synthetic_high_corr_p180,180,45,0.4779,0.9996
2026-04-12 17:29:49,Synthetic_high_corr_p180,180,67,0.8170,0.9999
2026-04-12 17:29:50,Synthetic_high_corr_p180,180,78,1.0585,0.9999
2026-04-12 17:29:51,Synthetic_high_corr_p180,180,72,0.9104,0.9999
2026-04-12 17:29:52,Synthetic_high_corr_p180,180,75,1.0135,0.9999
2026-04-12 17:29:53,Synthetic_high_corr_p187,187,94,1.5543,0.9999
2026-04-12 17:29:53,Synthetic_high_corr_p187,187,47,0.4734,0.9997
2026-04-12 17:29:54,Synthetic_high_corr_p187,187,70,0.8953,0.9998
2026-04-12 17:29:55,Synthetic_high_corr_p187,187,82,1.2143,0.9998
2026-04-12 17:29:56,Synthetic_high_corr_p187,187,76,1.0407,0.9998
2026-04-12 17:29:57,Synthetic_high_corr_p195,195,98,1.6961,0.9999
2026-04-12 17:29:58,Synthetic_high_corr_p195,195,49,0.4936,0.9997
2026-04-12 17:29:59,Synthetic_high_corr_p195,195,73,0.9970,0.9998
2026-04-12 17:30:00,Synthetic_high_corr_p203,203,102,1.9030,0.9999
2026-04-12 17:30:01,Synthetic_high_corr_p203,203,51,0.5274,0.9997
2026-04-12 17:30:02,Synthetic_high_corr_p203,203,76,1.1016,0.9998
2026-04-12 17:30:03,Synthetic_high_corr_p203,203,63,0.7456,0.9998
2026-04-12 17:30:04,Synthetic_high_corr_p203,203,69,0.9079,0.9999
2026-04-12 17:30:05,Synthetic_high_corr_p203,203,72,0.9807,0.9999
2026-04-12 17:30:06,Synthetic_high_corr_p211,211,106,2.0990,0.9999
2026-04-12 17:30:07,Synthetic_high_corr_p211,211,53,0.5724,0.9997
2026-04-12 17:30:08,Synthetic_high_corr_p211,211,79,1.2166,0.9998
2026-04-12 17:30:09,Synthetic_high_corr_p211,211,66,0.8462,0.9997
2026-04-12 17:30:10,Synthetic_high_corr_p211,211,72,1.0063,0.9998
2026-04-12 17:30:11,Synthetic_high_corr_p218,218,109,2.2088,0.9999
2026-04-12 17:30:12,Synthetic_high_corr_p218,218,54,0.6083,0.9998
2026-04-12 17:30:13,Synthetic_high_corr_p218,218,81,1.2867,0.9999
2026-04-12 17:30:14,Synthetic_high_corr_p218,218,67,0.8903,0.9998
2026-04-12 17:30:15,Synthetic_high_corr_p218,218,74,1.0954,0.9999
2026-04-12 17:30:16,Synthetic_high_corr_p218,218,70,0.9775,0.9998
2026-04-12 17:30:18,Synthetic_high_corr_p226,226,113,2.4824,1.0000
2026-04-12 17:30:19,Synthetic_high_corr_p226,226,56,0.6443,0.9997
2026-04-12 17:30:20,Synthetic_high_corr_p226,226,84,1.4134,0.9998
2026-04-12 17:30:21,Synthetic_high_corr_p226,226,70,0.9815,0.9997
2026-04-12 17:30:23,Synthetic_high_corr_p234,234,117,2.6329,0.9999
2026-04-12 17:30:24,Synthetic_high_corr_p234,234,58,0.6972,0.9997
2026-04-12 17:30:26,Synthetic_high_corr_p234,234,87,1.5037,0.9999
2026-04-12 17:30:27,Synthetic_high_corr_p234,234,72,1.0675,0.9998
2026-04-12 17:30:28,Synthetic_high_corr_p234,234,65,0.8481,0.9998
2026-04-12 17:30:29,Synthetic_high_corr_p234,234,68,0.9252,0.9997
2026-04-12 17:30:30,Synthetic_high_corr_p234,234,70,0.9682,0.9997
2026-04-12 17:30:32,Synthetic_high_corr_p242,242,121,2.9258,0.9999
2026-04-12 17:30:33,Synthetic_high_corr_p242,242,60,0.7408,0.9996
2026-04-12 17:30:34,Synthetic_high_corr_p242,242,90,1.6569,0.9999
2026-04-12 17:30:36,Synthetic_high_corr_p242,242,75,1.1205,0.9998
2026-04-12 17:30:37,Synthetic_high_corr_p242,242,67,0.9053,0.9997
2026-04-12 17:30:38,Synthetic_high_corr_p242,242,71,0.9883,0.9997
2026-04-12 17:30:40,Synthetic_high_corr_p250,250,125,3.2021,0.9999
2026-04-12 17:30:41,Synthetic_high_corr_p250,250,62,0.7923,0.9997
2026-04-12 17:30:43,Synthetic_high_corr_p250,250,93,1.7872,0.9999
2026-04-12 17:30:44,Synthetic_high_corr_p250,250,77,1.2122,0.9998
2026-04-12 17:30:45,Synthetic_high_corr_p250,250,69,0.9591,0.9997
2026-04-12 17:30:45,Synthetic_high_corr_p25,25,13,0.0503,0.9997
2026-04-12 17:30:45,Synthetic_high_corr_p25,25,19,0.0452,1.0000
2026-04-12 17:30:45,Synthetic_high_corr_p25,25,22,0.0422,1.0000
2026-04-12 17:30:45,Synthetic_high_corr_p25,25,24,0.0401,1.0000
2026-04-12 17:30:46,Synthetic_high_corr_p25,25,25,0.0393,1.0000
2026-04-12 17:30:46,Synthetic_high_corr_p32,32,16,0.0652,0.9996
2026-04-12 17:30:46,Synthetic_high_corr_p32,32,24,0.0643,1.0000
2026-04-12 17:30:46,Synthetic_high_corr_p32,32,28,0.0603,1.0000
2026-04-12 17:30:46,Synthetic_high_corr_p32,32,30,0.0580,1.0000
2026-04-12 17:30:46,Synthetic_high_corr_p32,32,31,0.0568,1.0000
2026-04-12 17:30:46,Synthetic_high_corr_p32,32,32,0.0561,1.0000
2026-04-12 17:30:47,Synthetic_high_corr_p40,40,20,0.0869,0.9998
2026-04-12 17:30:47,Synthetic_high_corr_p40,40,30,0.0867,1.0000
2026-04-12 17:30:47,Synthetic_high_corr_p40,40,35,0.0843,0.9999
2026-04-12 17:30:47,Synthetic_high_corr_p40,40,38,0.0784,1.0000
2026-04-12 17:30:47,Synthetic_high_corr_p40,40,39,0.0760,1.0000
2026-04-12 17:30:47,Synthetic_high_corr_p40,40,40,0.0753,1.0000
2026-04-12 17:30:48,Synthetic_high_corr_p48,48,24,0.1114,0.9998
2026-04-12 17:30:48,Synthetic_high_corr_p48,48,36,0.1139,1.0000
2026-04-12 17:30:48,Synthetic_high_corr_p48,48,42,0.1082,1.0000
2026-04-12 17:30:48,Synthetic_high_corr_p48,48,45,0.1070,1.0000
2026-04-12 17:30:49,Synthetic_high_corr_p48,48,47,0.1004,1.0000
2026-04-12 17:30:49,Synthetic_high_corr_p48,48,48,0.0991,1.0000
2026-04-12 17:30:49,Synthetic_high_corr_p56,56,28,0.1382,0.9998
2026-04-12 17:30:49,Synthetic_high_corr_p56,56,42,0.1417,0.9999
2026-04-12 17:30:50,Synthetic_high_corr_p56,56,49,0.1368,1.0000
2026-04-12 17:30:50,Synthetic_high_corr_p56,56,53,0.1354,1.0000
2026-04-12 17:30:50,Synthetic_high_corr_p56,56,55,0.1408,1.0000
2026-04-12 17:30:50,Synthetic_high_corr_p56,56,56,0.1404,1.0000
2026-04-12 17:30:51,Synthetic_high_corr_p63,63,32,0.1632,0.9999
2026-04-12 17:30:51,Synthetic_high_corr_p63,63,48,0.1721,1.0000
2026-04-12 17:30:51,Synthetic_high_corr_p63,63,56,0.1820,1.0000
2026-04-12 17:30:52,Synthetic_high_corr_p63,63,60,0.1866,1.0000
2026-04-12 17:30:52,Synthetic_high_corr_p63,63,62,0.1881,1.0000
2026-04-12 17:30:52,Synthetic_high_corr_p63,63,63,0.1925,1.0000
2026-04-12 17:30:52,Synthetic_high_corr_p71,71,36,0.1917,0.9998
2026-04-12 17:30:53,Synthetic_high_corr_p71,71,54,0.2191,1.0000
2026-04-12 17:30:53,Synthetic_high_corr_p71,71,63,0.2402,1.0001
2026-04-12 17:30:53,Synthetic_high_corr_p71,71,67,0.2556,1.0000
2026-04-12 17:30:54,Synthetic_high_corr_p71,71,69,0.2543,1.0000
2026-04-12 17:30:54,Synthetic_high_corr_p71,71,70,0.2581,1.0000
2026-04-12 17:30:55,Synthetic_high_corr_p71,71,71,0.2566,1.0000
2026-04-12 17:30:55,Synthetic_high_corr_p79,79,40,0.2222,0.9999
2026-04-12 17:30:55,Synthetic_high_corr_p79,79,60,0.2856,1.0000
2026-04-12 17:30:56,Synthetic_high_corr_p79,79,70,0.3257,1.0000
2026-04-12 17:30:56,Synthetic_high_corr_p79,79,75,0.3398,1.0000
2026-04-12 17:30:56,Synthetic_high_corr_p79,79,77,0.3354,1.0000
2026-04-12 17:30:57,Synthetic_high_corr_p79,79,78,0.3418,1.0000
2026-04-12 17:30:57,Synthetic_high_corr_p79,79,79,0.3464,1.0000
2026-04-12 17:30:57,Synthetic_high_corr_p87,87,44,0.2459,1.0000
2026-04-12 17:30:58,Synthetic_high_corr_p87,87,66,0.3683,1.0000
2026-04-12 17:30:58,Synthetic_high_corr_p87,87,77,0.4151,1.0000
2026-04-12 17:30:59,Synthetic_high_corr_p87,87,82,0.4395,1.0000
2026-04-12 17:30:59,Synthetic_high_corr_p87,87,85,0.4410,1.0000
2026-04-12 17:31:00,Synthetic_high_corr_p87,87,86,0.4366,1.0000
2026-04-12 17:31:00,Synthetic_high_corr_p87,87,87,0.4334,1.0000
2026-04-12 17:31:00,Synthetic_high_corr_p94,94,47,0.2852,1.0000
2026-04-12 17:31:01,Synthetic_high_corr_p94,94,71,0.4476,0.9999
2026-04-12 17:31:01,Synthetic_high_corr_p94,94,83,0.5228,1.0000
2026-04-12 17:31:02,Synthetic_high_corr_p94,94,89,0.5351,1.0000
2026-04-12 17:31:02,Synthetic_high_corr_p94,94,92,0.5537,1.0000
2026-04-12 17:31:03,Synthetic_high_corr_p94,94,93,0.5505,1.0000
2026-04-12 17:31:03,Synthetic_high_corr_p94,94,94,0.5520,1.0000
2026-04-12 17:31:04,Synthetic_high_corr_p102,102,51,0.3269,0.9999
2026-04-12 17:31:04,Synthetic_high_corr_p102,102,77,0.5643,1.0000
2026-04-12 17:31:05,Synthetic_high_corr_p102,102,90,0.6550,1.0000
2026-04-12 17:31:05,Synthetic_high_corr_p102,102,96,0.6898,1.0000
2026-04-12 17:31:06,Synthetic_high_corr_p102,102,99,0.6897,1.0000
2026-04-12 17:31:06,Synthetic_high_corr_p102,102,101,0.6972,1.0000
2026-04-12 17:31:07,Synthetic_high_corr_p102,102,102,0.7026,1.0000
2026-04-12 17:31:07,Synthetic_high_corr_p110,110,55,0.3937,0.9999
2026-04-12 17:31:08,Synthetic_high_corr_p110,110,83,0.7094,1.0000
2026-04-12 17:31:08,Synthetic_high_corr_p110,110,97,0.8330,1.0000
2026-04-12 17:31:09,Synthetic_high_corr_p110,110,104,0.8405,1.0000
2026-04-12 17:31:09,Synthetic_high_corr_p110,110,107,0.8647,1.0000
2026-04-12 17:31:10,Synthetic_high_corr_p110,110,109,0.8747,1.0000
2026-04-12 17:31:11,Synthetic_high_corr_p110,110,110,0.8646,1.0000
2026-04-12 17:31:11,Synthetic_high_corr_p118,118,59,0.4602,0.9999
2026-04-12 17:31:12,Synthetic_high_corr_p118,118,89,0.8391,1.0000
2026-04-12 17:31:12,Synthetic_high_corr_p118,118,104,0.9728,1.0000
2026-04-12 17:31:13,Synthetic_high_corr_p125,125,63,0.5451,0.9999
2026-04-12 17:31:14,Synthetic_high_corr_p125,125,94,0.9966,1.0000
2026-04-12 17:31:14,Synthetic_high_corr_p133,133,67,0.6263,0.9999
2026-04-12 17:31:15,Synthetic_high_corr_p133,133,100,1.1479,1.0000
2026-04-12 17:31:16,Synthetic_high_corr_p133,133,83,0.9007,1.0000
2026-04-12 17:31:16,Synthetic_high_corr_p133,133,91,1.0217,1.0000
2026-04-12 17:31:17,Synthetic_high_corr_p141,141,71,0.7256,0.9999
2026-04-12 17:31:18,Synthetic_high_corr_p141,141,106,1.3576,0.9999
2026-04-12 17:31:19,Synthetic_high_corr_p141,141,88,1.0483,1.0000
2026-04-12 17:31:19,Synthetic_high_corr_p149,149,75,0.8502,0.9999
2026-04-12 17:31:20,Synthetic_high_corr_p149,149,112,1.6021,1.0000
2026-04-12 17:31:21,Synthetic_high_corr_p149,149,93,1.2020,1.0000
2026-04-12 17:31:22,Synthetic_high_corr_p149,149,84,1.0333,0.9999
2026-04-12 17:31:23,Synthetic_high_corr_p156,156,78,0.9674,0.9999
2026-04-12 17:31:24,Synthetic_high_corr_p164,164,82,1.0987,0.9999
2026-04-12 17:31:24,Synthetic_high_corr_p164,164,41,0.4153,0.9997
2026-04-12 17:31:25,Synthetic_high_corr_p164,164,61,0.6477,0.9997
2026-04-12 17:31:25,Synthetic_high_corr_p164,164,71,0.8493,0.9998
2026-04-12 17:31:26,Synthetic_high_corr_p164,164,76,0.9640,0.9999
2026-04-12 17:31:27,Synthetic_high_corr_p172,172,86,1.2536,0.9999
2026-04-12 17:31:28,Synthetic_high_corr_p172,172,43,0.4334,0.9996
2026-04-12 17:31:28,Synthetic_high_corr_p172,172,64,0.7178,0.9998
2026-04-12 17:31:29,Synthetic_high_corr_p172,172,75,0.9792,0.9999
2026-04-12 17:31:30,Synthetic_high_corr_p180,180,90,1.3913,0.9999
2026-04-12 17:31:31,Synthetic_high_corr_p180,180,45,0.4575,0.9997
2026-04-12 17:31:32,Synthetic_high_corr_p180,180,67,0.8065,0.9998
2026-04-12 17:31:32,Synthetic_high_corr_p180,180,78,1.0775,0.9999
2026-04-12 17:31:33,Synthetic_high_corr_p180,180,72,0.9290,0.9998
2026-04-12 17:31:34,Synthetic_high_corr_p180,180,75,0.9923,0.9998
2026-04-12 17:31:35,Synthetic_high_corr_p187,187,94,1.5368,0.9999
2026-04-12 17:31:36,Synthetic_high_corr_p187,187,47,0.4735,0.9995
2026-04-12 17:31:37,Synthetic_high_corr_p187,187,70,0.8923,0.9999
2026-04-12 17:31:38,Synthetic_high_corr_p187,187,82,1.2262,0.9999
2026-04-12 17:31:39,Synthetic_high_corr_p187,187,76,1.0519,0.9998
2026-04-12 17:31:39,Synthetic_high_corr_p187,187,73,0.9580,0.9998
2026-04-12 17:31:41,Synthetic_high_corr_p195,195,98,1.7007,0.9999
2026-04-12 17:31:41,Synthetic_high_corr_p195,195,49,0.4850,0.9996
2026-04-12 17:31:42,Synthetic_high_corr_p195,195,73,0.9720,0.9998
2026-04-12 17:31:44,Synthetic_high_corr_p203,203,102,1.9154,0.9999
2026-04-12 17:31:44,Synthetic_high_corr_p203,203,51,0.5224,0.9996
2026-04-12 17:31:45,Synthetic_high_corr_p203,203,76,1.0993,0.9998
2026-04-12 17:31:46,Synthetic_high_corr_p203,203,63,0.7510,0.9998
2026-04-12 17:31:47,Synthetic_high_corr_p203,203,69,0.9015,0.9998
2026-04-12 17:31:48,Synthetic_high_corr_p203,203,72,0.9899,0.9998
2026-04-12 17:31:50,Synthetic_high_corr_p211,211,106,2.1162,0.9999
2026-04-12 17:31:50,Synthetic_high_corr_p211,211,53,0.5645,0.9996
2026-04-12 17:31:51,Synthetic_high_corr_p211,211,79,1.2059,0.9999
2026-04-12 17:31:52,Synthetic_high_corr_p211,211,66,0.8487,0.9997
2026-04-12 17:31:53,Synthetic_high_corr_p211,211,72,1.0050,0.9998
2026-04-12 17:31:55,Synthetic_high_corr_p218,218,109,2.2972,0.9999
2026-04-12 17:31:56,Synthetic_high_corr_p218,218,54,0.6005,0.9997
2026-04-12 17:31:57,Synthetic_high_corr_p218,218,81,1.2950,0.9998
2026-04-12 17:31:58,Synthetic_high_corr_p218,218,67,0.9020,0.9998
2026-04-12 17:31:59,Synthetic_high_corr_p218,218,74,1.0932,0.9998
2026-04-12 17:32:00,Synthetic_high_corr_p218,218,70,0.9629,0.9998
2026-04-12 17:32:02,Synthetic_high_corr_p226,226,113,2.4691,0.9999
2026-04-12 17:32:02,Synthetic_high_corr_p226,226,56,0.6526,0.9996
2026-04-12 17:32:04,Synthetic_high_corr_p226,226,84,1.3867,0.9998
2026-04-12 17:32:05,Synthetic_high_corr_p226,226,70,0.9712,0.9997
2026-04-12 17:32:07,Synthetic_high_corr_p234,234,117,2.7244,0.9999
2026-04-12 17:32:08,Synthetic_high_corr_p234,234,58,0.6764,0.9996
2026-04-12 17:32:09,Synthetic_high_corr_p234,234,87,1.4905,0.9998
2026-04-12 17:32:10,Synthetic_high_corr_p234,234,72,1.0285,0.9997
2026-04-12 17:32:12,Synthetic_high_corr_p242,242,121,2.9390,0.9999
2026-04-12 17:32:13,Synthetic_high_corr_p242,242,60,0.7325,0.9996
2026-04-12 17:32:15,Synthetic_high_corr_p242,242,90,1.6316,0.9999
2026-04-12 17:32:16,Synthetic_high_corr_p242,242,75,1.1399,0.9998
2026-04-12 17:32:17,Synthetic_high_corr_p242,242,67,0.8984,0.9997
2026-04-12 17:32:18,Synthetic_high_corr_p242,242,71,1.0112,0.9998
2026-04-12 17:32:20,Synthetic_high_corr_p250,250,125,3.2065,0.9999
2026-04-12 17:32:21,Synthetic_high_corr_p250,250,62,0.7906,0.9996
2026-04-12 17:32:23,Synthetic_high_corr_p250,250,93,1.7744,0.9998
2026-04-12 17:32:24,Synthetic_high_corr_p250,250,77,1.2195,0.9998
2026-04-12 17:32:25,Synthetic_high_corr_p250,250,69,0.9609,0.9997
2026-04-12 17:32:25,Synthetic_high_corr_p25,25,13,0.0497,0.9994
2026-04-12 17:32:26,Synthetic_high_corr_p25,25,19,0.0456,0.9995
2026-04-12 17:32:26,Synthetic_high_corr_p25,25,22,0.0434,0.9996
2026-04-12 17:32:26,Synthetic_high_corr_p25,25,24,0.0398,1.0000
2026-04-12 17:32:26,Synthetic_high_corr_p25,25,25,0.0389,1.0000
2026-04-12 17:32:26,Synthetic_high_corr_p32,32,16,0.0667,0.9998
2026-04-12 17:32:26,Synthetic_high_corr_p32,32,24,0.0634,1.0000
2026-04-12 17:32:26,Synthetic_high_corr_p32,32,28,0.0607,1.0000
2026-04-12 17:32:26,Synthetic_high_corr_p32,32,30,0.0572,1.0000
2026-04-12 17:32:27,Synthetic_high_corr_p32,32,31,0.0567,1.0000
2026-04-12 17:32:27,Synthetic_high_corr_p32,32,32,0.0557,1.0000
2026-04-12 17:32:27,Synthetic_high_corr_p40,40,20,0.0878,0.9998
2026-04-12 17:32:27,Synthetic_high_corr_p40,40,30,0.0871,1.0000
2026-04-12 17:32:27,Synthetic_high_corr_p40,40,35,0.0820,1.0000
2026-04-12 17:32:27,Synthetic_high_corr_p40,40,38,0.0796,1.0000
2026-04-12 17:32:28,Synthetic_high_corr_p40,40,39,0.0773,1.0000
2026-04-12 17:32:28,Synthetic_high_corr_p40,40,40,0.0766,1.0000
2026-04-12 17:32:28,Synthetic_high_corr_p48,48,24,0.1114,1.0000
2026-04-12 17:32:28,Synthetic_high_corr_p48,48,36,0.1146,1.0000
2026-04-12 17:32:28,Synthetic_high_corr_p48,48,42,0.1084,1.0000
2026-04-12 17:32:29,Synthetic_high_corr_p48,48,45,0.1016,1.0000
2026-04-12 17:32:29,Synthetic_high_corr_p48,48,47,0.1020,1.0000
2026-04-12 17:32:29,Synthetic_high_corr_p48,48,48,0.0996,1.0000
2026-04-12 17:32:29,Synthetic_high_corr_p56,56,28,0.1378,0.9998
2026-04-12 17:32:30,Synthetic_high_corr_p56,56,42,0.1401,1.0000
2026-04-12 17:32:30,Synthetic_high_corr_p56,56,49,0.1383,1.0000
2026-04-12 17:32:30,Synthetic_high_corr_p56,56,53,0.1382,1.0000
2026-04-12 17:32:30,Synthetic_high_corr_p56,56,55,0.1395,1.0000
2026-04-12 17:32:31,Synthetic_high_corr_p56,56,56,0.1413,1.0000
2026-04-12 17:32:31,Synthetic_high_corr_p63,63,32,0.1647,1.0000
2026-04-12 17:32:31,Synthetic_high_corr_p63,63,48,0.1718,1.0000
2026-04-12 17:32:32,Synthetic_high_corr_p63,63,56,0.1815,1.0000
2026-04-12 17:32:32,Synthetic_high_corr_p63,63,60,0.1861,1.0000
2026-04-12 17:32:32,Synthetic_high_corr_p63,63,62,0.1893,1.0000
2026-04-12 17:32:33,Synthetic_high_corr_p63,63,63,0.1907,1.0000
2026-04-12 17:32:33,Synthetic_high_corr_p71,71,36,0.1943,0.9998
2026-04-12 17:32:33,Synthetic_high_corr_p71,71,54,0.2132,1.0000
2026-04-12 17:32:33,Synthetic_high_corr_p71,71,63,0.2453,1.0000
2026-04-12 17:32:34,Synthetic_high_corr_p71,71,67,0.2520,1.0000
2026-04-12 17:32:34,Synthetic_high_corr_p71,71,69,0.2558,1.0000
2026-04-12 17:32:34,Synthetic_high_corr_p71,71,70,0.2517,1.0000
2026-04-12 17:32:35,Synthetic_high_corr_p71,71,71,0.2619,1.0000
2026-04-12 17:32:35,Synthetic_high_corr_p79,79,40,0.2175,1.0000
2026-04-12 17:32:35,Synthetic_high_corr_p79,79,60,0.2850,1.0000
2026-04-12 17:32:36,Synthetic_high_corr_p79,79,70,0.3267,1.0000
2026-04-12 17:32:36,Synthetic_high_corr_p79,79,75,0.3347,1.0000
2026-04-12 17:32:37,Synthetic_high_corr_p79,79,77,0.3330,1.0000
2026-04-12 17:32:37,Synthetic_high_corr_p79,79,78,0.3428,1.0000
2026-04-12 17:32:37,Synthetic_high_corr_p79,79,79,0.3479,1.0000
2026-04-12 17:32:38,Synthetic_high_corr_p87,87,44,0.2470,0.9999
2026-04-12 17:32:38,Synthetic_high_corr_p87,87,66,0.3640,1.0000
2026-04-12 17:32:39,Synthetic_high_corr_p87,87,77,0.4246,1.0000
2026-04-12 17:32:39,Synthetic_high_corr_p87,87,82,0.4237,1.0000
2026-04-12 17:32:39,Synthetic_high_corr_p87,87,85,0.4393,1.0000
2026-04-12 17:32:40,Synthetic_high_corr_p87,87,86,0.4369,1.0000
2026-04-12 17:32:40,Synthetic_high_corr_p87,87,87,0.4411,1.0000
2026-04-12 17:32:41,Synthetic_high_corr_p94,94,47,0.2784,0.9999
2026-04-12 17:32:41,Synthetic_high_corr_p94,94,71,0.4438,1.0000
2026-04-12 17:32:42,Synthetic_high_corr_p94,94,83,0.5195,1.0000
2026-04-12 17:32:42,Synthetic_high_corr_p94,94,89,0.5469,1.0000
2026-04-12 17:32:43,Synthetic_high_corr_p94,94,92,0.5432,1.0000
2026-04-12 17:32:43,Synthetic_high_corr_p94,94,93,0.5541,1.0000
2026-04-12 17:32:43,Synthetic_high_corr_p94,94,94,0.5508,1.0000
2026-04-12 17:32:44,Synthetic_high_corr_p102,102,51,0.3286,0.9999
2026-04-12 17:32:44,Synthetic_high_corr_p102,102,77,0.5609,1.0000
2026-04-12 17:32:45,Synthetic_high_corr_p102,102,90,0.6540,1.0000
2026-04-12 17:32:45,Synthetic_high_corr_p102,102,96,0.6771,1.0000
2026-04-12 17:32:46,Synthetic_high_corr_p102,102,99,0.6879,1.0000
2026-04-12 17:32:47,Synthetic_high_corr_p102,102,101,0.6913,1.0000
2026-04-12 17:32:47,Synthetic_high_corr_p102,102,102,0.6937,1.0000
2026-04-12 17:32:47,Synthetic_high_corr_p110,110,55,0.3995,0.9999
2026-04-12 17:32:48,Synthetic_high_corr_p110,110,83,0.7026,1.0000
2026-04-12 17:32:49,Synthetic_high_corr_p110,110,97,0.8161,1.0000
2026-04-12 17:32:49,Synthetic_high_corr_p110,110,104,0.8481,1.0000
2026-04-12 17:32:50,Synthetic_high_corr_p110,110,107,0.8638,1.0000
2026-04-12 17:32:50,Synthetic_high_corr_p110,110,109,0.8685,1.0000
2026-04-12 17:32:51,Synthetic_high_corr_p110,110,110,0.8646,1.0000
2026-04-12 17:32:52,Synthetic_high_corr_p118,118,59,0.4622,0.9999
2026-04-12 17:32:52,Synthetic_high_corr_p118,118,89,0.8337,1.0000
2026-04-12 17:32:53,Synthetic_high_corr_p118,118,104,0.9819,0.9999
2026-04-12 17:32:53,Synthetic_high_corr_p125,125,63,0.5438,0.9999
2026-04-12 17:32:54,Synthetic_high_corr_p125,125,94,0.9887,1.0000
2026-04-12 17:32:55,Synthetic_high_corr_p133,133,67,0.6458,0.9999
2026-04-12 17:32:55,Synthetic_high_corr_p133,133,100,1.1555,1.0000
2026-04-12 17:32:56,Synthetic_high_corr_p133,133,83,0.9085,0.9999
2026-04-12 17:32:57,Synthetic_high_corr_p133,133,91,1.0180,1.0000
2026-04-12 17:32:57,Synthetic_high_corr_p141,141,71,0.7322,0.9999
2026-04-12 17:32:58,Synthetic_high_corr_p141,141,106,1.3366,1.0000
2026-04-12 17:32:59,Synthetic_high_corr_p141,141,88,1.0468,1.0000
2026-04-12 17:33:00,Synthetic_high_corr_p149,149,75,0.8418,0.9999
2026-04-12 17:33:01,Synthetic_high_corr_p149,149,112,1.5867,1.0000
2026-04-12 17:33:02,Synthetic_high_corr_p149,149,93,1.2106,1.0000
2026-04-12 17:33:02,Synthetic_high_corr_p149,149,84,1.0305,1.0000
2026-04-12 17:33:03,Synthetic_high_corr_p156,156,78,0.9662,0.9999
2026-04-12 17:33:04,Synthetic_high_corr_p164,164,82,1.1124,0.9999
2026-04-12 17:33:04,Synthetic_high_corr_p164,164,41,0.4159,0.9996
2026-04-12 17:33:05,Synthetic_high_corr_p164,164,61,0.6409,0.9998
2026-04-12 17:33:06,Synthetic_high_corr_p164,164,71,0.8509,0.9998
2026-04-12 17:33:07,Synthetic_high_corr_p164,164,76,0.9510,0.9999
2026-04-12 17:33:07,Synthetic_high_corr_p172,172,86,1.2494,0.9999
2026-04-12 17:33:08,Synthetic_high_corr_p172,172,43,0.4342,0.9995
2026-04-12 17:33:09,Synthetic_high_corr_p172,172,64,0.7090,0.9997
2026-04-12 17:33:10,Synthetic_high_corr_p172,172,75,0.9617,0.9998
2026-04-12 17:33:11,Synthetic_high_corr_p180,180,90,1.4053,0.9999
2026-04-12 17:33:11,Synthetic_high_corr_p180,180,45,0.4549,0.9996
2026-04-12 17:33:12,Synthetic_high_corr_p180,180,67,0.8318,0.9999
2026-04-12 17:33:13,Synthetic_high_corr_p180,180,78,1.0844,0.9999
2026-04-12 17:33:14,Synthetic_high_corr_p180,180,72,0.9250,0.9999
2026-04-12 17:33:14,Synthetic_high_corr_p180,180,75,1.0059,0.9999
2026-04-12 17:33:16,Synthetic_high_corr_p187,187,94,1.5403,0.9999
2026-04-12 17:33:16,Synthetic_high_corr_p187,187,47,0.4784,0.9997
2026-04-12 17:33:17,Synthetic_high_corr_p187,187,70,0.8946,0.9998
2026-04-12 17:33:18,Synthetic_high_corr_p187,187,82,1.2233,0.9999
2026-04-12 17:33:19,Synthetic_high_corr_p187,187,76,1.0404,0.9998
2026-04-12 17:33:20,Synthetic_high_corr_p195,195,98,1.6838,0.9999
2026-04-12 17:33:21,Synthetic_high_corr_p195,195,49,0.4922,0.9997
2026-04-12 17:33:22,Synthetic_high_corr_p195,195,73,0.9907,0.9999
2026-04-12 17:33:23,Synthetic_high_corr_p203,203,102,1.8875,0.9999
2026-04-12 17:33:24,Synthetic_high_corr_p203,203,51,0.5232,0.9996
2026-04-12 17:33:25,Synthetic_high_corr_p203,203,76,1.0916,0.9998
2026-04-12 17:33:26,Synthetic_high_corr_p203,203,63,0.7427,0.9997
2026-04-12 17:33:27,Synthetic_high_corr_p203,203,69,0.8981,0.9998
2026-04-12 17:33:27,Synthetic_high_corr_p203,203,72,0.9835,0.9998
2026-04-12 17:33:29,Synthetic_high_corr_p211,211,106,2.0988,0.9999
2026-04-12 17:33:30,Synthetic_high_corr_p211,211,53,0.5730,0.9997
2026-04-12 17:33:31,Synthetic_high_corr_p211,211,79,1.2021,0.9998
2026-04-12 17:33:32,Synthetic_high_corr_p211,211,66,0.8418,0.9997
2026-04-12 17:33:33,Synthetic_high_corr_p211,211,72,1.0083,0.9997
2026-04-12 17:33:34,Synthetic_high_corr_p218,218,109,2.2929,0.9999
2026-04-12 17:33:35,Synthetic_high_corr_p218,218,54,0.6017,0.9996
2026-04-12 17:33:36,Synthetic_high_corr_p218,218,81,1.3125,0.9999
2026-04-12 17:33:37,Synthetic_high_corr_p218,218,67,0.9079,0.9997
2026-04-12 17:33:38,Synthetic_high_corr_p218,218,74,1.0969,0.9998
2026-04-12 17:33:39,Synthetic_high_corr_p218,218,70,0.9666,0.9998
2026-04-12 17:33:41,Synthetic_high_corr_p226,226,113,2.4717,0.9999
2026-04-12 17:33:42,Synthetic_high_corr_p226,226,56,0.6410,0.9997
2026-04-12 17:33:43,Synthetic_high_corr_p226,226,84,1.3971,0.9998
2026-04-12 17:33:44,Synthetic_high_corr_p226,226,70,0.9798,0.9998
2026-04-12 17:33:46,Synthetic_high_corr_p234,234,117,2.6741,0.9999
2026-04-12 17:33:47,Synthetic_high_corr_p234,234,58,0.6908,0.9996
2026-04-12 17:33:48,Synthetic_high_corr_p234,234,87,1.5179,0.9998
2026-04-12 17:33:49,Synthetic_high_corr_p234,234,72,1.0351,0.9997
2026-04-12 17:33:52,Synthetic_high_corr_p242,242,121,2.9709,0.9999
2026-04-12 17:33:53,Synthetic_high_corr_p242,242,60,0.7378,0.9997
2026-04-12 17:33:54,Synthetic_high_corr_p242,242,90,1.6516,0.9998
2026-04-12 17:33:55,Synthetic_high_corr_p242,242,75,1.1415,0.9998
2026-04-12 17:33:56,Synthetic_high_corr_p242,242,67,0.9024,0.9995
2026-04-12 17:33:57,Synthetic_high_corr_p242,242,71,1.0322,0.9998
2026-04-12 17:34:00,Synthetic_high_corr_p250,250,125,3.1990,0.9999
2026-04-12 17:34:01,Synthetic_high_corr_p250,250,62,0.7853,0.9997
2026-04-12 17:34:02,Synthetic_high_corr_p250,250,93,1.7770,0.9998
2026-04-12 17:34:04,Synthetic_high_corr_p250,250,77,1.2159,0.9998
2026-04-12 17:34:05,Synthetic_high_corr_p250,250,69,0.9698,0.9999
2026-04-12 17:34:05,Synthetic_high_corr_p25,25,13,0.0491,1.0000
2026-04-12 17:34:05,Synthetic_high_corr_p25,25,19,0.0457,0.9999
2026-04-12 17:34:05,Synthetic_high_corr_p25,25,22,0.0425,1.0000
2026-04-12 17:34:05,Synthetic_high_corr_p25,25,24,0.0408,1.0000
2026-04-12 17:34:05,Synthetic_high_corr_p25,25,25,0.0395,1.0000
2026-04-12 17:34:05,Synthetic_high_corr_p32,32,16,0.0653,0.9996
2026-04-12 17:34:05,Synthetic_high_corr_p32,32,24,0.0622,1.0001
2026-04-12 17:34:06,Synthetic_high_corr_p32,32,28,0.0601,1.0000
2026-04-12 17:34:06,Synthetic_high_corr_p32,32,30,0.0573,1.0000
2026-04-12 17:34:06,Synthetic_high_corr_p32,32,31,0.0574,1.0000
2026-04-12 17:34:06,Synthetic_high_corr_p32,32,32,0.0555,1.0000
2026-04-12 17:34:06,Synthetic_high_corr_p40,40,20,0.0872,0.9998
2026-04-12 17:34:06,Synthetic_high_corr_p40,40,30,0.0879,0.9999
2026-04-12 17:34:07,Synthetic_high_corr_p40,40,35,0.0835,1.0000
2026-04-12 17:34:07,Synthetic_high_corr_p40,40,38,0.0799,1.0000
2026-04-12 17:34:07,Synthetic_high_corr_p40,40,39,0.0781,1.0000
2026-04-12 17:34:07,Synthetic_high_corr_p40,40,40,0.0782,1.0000
2026-04-12 17:34:07,Synthetic_high_corr_p48,48,24,0.1120,1.0000
2026-04-12 17:34:07,Synthetic_high_corr_p48,48,36,0.1134,1.0000
2026-04-12 17:34:08,Synthetic_high_corr_p48,48,42,0.1084,1.0000
2026-04-12 17:34:08,Synthetic_high_corr_p48,48,45,0.1044,1.0000
2026-04-12 17:34:08,Synthetic_high_corr_p48,48,47,0.1013,1.0000
2026-04-12 17:34:08,Synthetic_high_corr_p48,48,48,0.0994,1.0000
2026-04-12 17:34:09,Synthetic_high_corr_p56,56,28,0.1372,0.9999
2026-04-12 17:34:09,Synthetic_high_corr_p56,56,42,0.1416,1.0000
2026-04-12 17:34:09,Synthetic_high_corr_p56,56,49,0.1370,1.0000
2026-04-12 17:34:09,Synthetic_high_corr_p56,56,53,0.1381,1.0000
2026-04-12 17:34:10,Synthetic_high_corr_p56,56,55,0.1395,1.0000
2026-04-12 17:34:10,Synthetic_high_corr_p56,56,56,0.1395,1.0000
2026-04-12 17:34:10,Synthetic_high_corr_p63,63,32,0.1668,0.9999
2026-04-12 17:34:11,Synthetic_high_corr_p63,63,48,0.1648,1.0000
2026-04-12 17:34:11,Synthetic_high_corr_p63,63,56,0.1820,1.0000
2026-04-12 17:34:11,Synthetic_high_corr_p63,63,60,0.1851,1.0000
2026-04-12 17:34:12,Synthetic_high_corr_p63,63,62,0.1876,1.0000
2026-04-12 17:34:12,Synthetic_high_corr_p63,63,63,0.1900,1.0000
2026-04-12 17:34:12,Synthetic_high_corr_p71,71,36,0.1910,0.9999
2026-04-12 17:34:12,Synthetic_high_corr_p71,71,54,0.2159,1.0000
2026-04-12 17:34:13,Synthetic_high_corr_p71,71,63,0.2443,1.0000
2026-04-12 17:34:13,Synthetic_high_corr_p71,71,67,0.2521,1.0000
2026-04-12 17:34:13,Synthetic_high_corr_p71,71,69,0.2548,1.0000
2026-04-12 17:34:14,Synthetic_high_corr_p71,71,70,0.2515,1.0000
2026-04-12 17:34:14,Synthetic_high_corr_p71,71,71,0.2598,1.0000
2026-04-12 17:34:14,Synthetic_high_corr_p79,79,40,0.2245,0.9999
2026-04-12 17:34:15,Synthetic_high_corr_p79,79,60,0.2791,1.0000
2026-04-12 17:34:15,Synthetic_high_corr_p79,79,70,0.3329,1.0000
2026-04-12 17:34:16,Synthetic_high_corr_p79,79,75,0.3467,1.0000
2026-04-12 17:34:16,Synthetic_high_corr_p79,79,77,0.3391,1.0000
2026-04-12 17:34:16,Synthetic_high_corr_p79,79,78,0.3440,1.0000
2026-04-12 17:34:17,Synthetic_high_corr_p79,79,79,0.3471,1.0000
2026-04-12 17:34:17,Synthetic_high_corr_p87,87,44,0.2493,0.9999
2026-04-12 17:34:17,Synthetic_high_corr_p87,87,66,0.3603,1.0000
2026-04-12 17:34:18,Synthetic_high_corr_p87,87,77,0.4191,1.0000
2026-04-12 17:34:18,Synthetic_high_corr_p87,87,82,0.4305,1.0000
2026-04-12 17:34:19,Synthetic_high_corr_p87,87,85,0.4414,1.0000
2026-04-12 17:34:19,Synthetic_high_corr_p87,87,86,0.4368,1.0000
2026-04-12 17:34:20,Synthetic_high_corr_p87,87,87,0.4402,1.0000
2026-04-12 17:34:20,Synthetic_high_corr_p94,94,47,0.2835,0.9998
2026-04-12 17:34:20,Synthetic_high_corr_p94,94,71,0.4462,1.0000
2026-04-12 17:34:21,Synthetic_high_corr_p94,94,83,0.5142,1.0000
2026-04-12 17:34:21,Synthetic_high_corr_p94,94,89,0.5518,1.0000
2026-04-12 17:34:22,Synthetic_high_corr_p94,94,92,0.5444,1.0000
2026-04-12 17:34:22,Synthetic_high_corr_p94,94,93,0.5490,1.0000
2026-04-12 17:34:23,Synthetic_high_corr_p94,94,94,0.5518,1.0000
2026-04-12 17:34:23,Synthetic_high_corr_p102,102,51,0.3324,0.9999
2026-04-12 17:34:24,Synthetic_high_corr_p102,102,77,0.5655,1.0000
2026-04-12 17:34:24,Synthetic_high_corr_p102,102,90,0.6581,1.0000
2026-04-12 17:34:25,Synthetic_high_corr_p102,102,96,0.6805,1.0000
2026-04-12 17:34:25,Synthetic_high_corr_p102,102,99,0.6932,1.0000
2026-04-12 17:34:26,Synthetic_high_corr_p102,102,101,0.6882,1.0000
2026-04-12 17:34:26,Synthetic_high_corr_p102,102,102,0.7007,1.0000
2026-04-12 17:34:27,Synthetic_high_corr_p110,110,55,0.3977,0.9999
2026-04-12 17:34:27,Synthetic_high_corr_p110,110,83,0.7163,1.0000
2026-04-12 17:34:28,Synthetic_high_corr_p110,110,97,0.8183,1.0000
2026-04-12 17:34:29,Synthetic_high_corr_p110,110,104,0.8538,1.0000
2026-04-12 17:34:29,Synthetic_high_corr_p110,110,107,0.8544,1.0000
2026-04-12 17:34:30,Synthetic_high_corr_p110,110,109,0.8625,1.0000
2026-04-12 17:34:30,Synthetic_high_corr_p110,110,110,0.8813,1.0000
2026-04-12 17:34:31,Synthetic_high_corr_p118,118,59,0.4660,0.9999
2026-04-12 17:34:31,Synthetic_high_corr_p118,118,89,0.8355,1.0000
2026-04-12 17:34:32,Synthetic_high_corr_p118,118,104,0.9934,1.0000
2026-04-12 17:34:33,Synthetic_high_corr_p125,125,63,0.5478,0.9999
2026-04-12 17:34:33,Synthetic_high_corr_p125,125,94,0.9975,1.0000
2026-04-12 17:34:34,Synthetic_high_corr_p133,133,67,0.6333,0.9999
2026-04-12 17:34:35,Synthetic_high_corr_p133,133,100,1.1556,1.0000
2026-04-12 17:34:35,Synthetic_high_corr_p133,133,83,0.9020,1.0000
2026-04-12 17:34:36,Synthetic_high_corr_p133,133,91,1.0337,0.9999
2026-04-12 17:34:37,Synthetic_high_corr_p141,141,71,0.7295,1.0000
2026-04-12 17:34:38,Synthetic_high_corr_p141,141,106,1.3431,1.0000
2026-04-12 17:34:38,Synthetic_high_corr_p141,141,88,1.0403,1.0000
2026-04-12 17:34:39,Synthetic_high_corr_p149,149,75,0.8480,0.9999
2026-04-12 17:34:40,Synthetic_high_corr_p149,149,112,1.5742,0.9999
2026-04-12 17:34:41,Synthetic_high_corr_p149,149,93,1.2007,1.0000
2026-04-12 17:34:42,Synthetic_high_corr_p149,149,84,1.0377,0.9999
2026-04-12 17:34:42,Synthetic_high_corr_p156,156,78,0.9560,0.9999
2026-04-12 17:34:43,Synthetic_high_corr_p164,164,82,1.1007,0.9999
2026-04-12 17:34:44,Synthetic_high_corr_p164,164,41,0.4104,0.9997
2026-04-12 17:34:44,Synthetic_high_corr_p164,164,61,0.6432,0.9998
2026-04-12 17:34:45,Synthetic_high_corr_p164,164,71,0.8408,0.9999
2026-04-12 17:34:46,Synthetic_high_corr_p164,164,76,0.9670,0.9998
2026-04-12 17:34:47,Synthetic_high_corr_p172,172,86,1.2295,0.9999
2026-04-12 17:34:47,Synthetic_high_corr_p172,172,43,0.4272,0.9996
2026-04-12 17:34:48,Synthetic_high_corr_p172,172,64,0.7152,0.9998
2026-04-12 17:34:49,Synthetic_high_corr_p172,172,75,0.9651,0.9999
2026-04-12 17:34:50,Synthetic_high_corr_p180,180,90,1.3840,0.9999
2026-04-12 17:34:50,Synthetic_high_corr_p180,180,45,0.4557,0.9997
2026-04-12 17:34:51,Synthetic_high_corr_p180,180,67,0.7979,0.9998
2026-04-12 17:34:52,Synthetic_high_corr_p180,180,78,1.0760,0.9998
2026-04-12 17:34:53,Synthetic_high_corr_p180,180,72,0.9212,0.9999
2026-04-12 17:34:54,Synthetic_high_corr_p180,180,75,0.9997,0.9999
2026-04-12 17:34:55,Synthetic_high_corr_p187,187,94,1.5605,0.9999
2026-04-12 17:34:56,Synthetic_high_corr_p187,187,47,0.4729,0.9996
2026-04-12 17:34:56,Synthetic_high_corr_p187,187,70,0.8908,0.9999
2026-04-12 17:34:57,Synthetic_high_corr_p187,187,82,1.2134,0.9999
2026-04-12 17:34:58,Synthetic_high_corr_p187,187,76,1.0401,0.9999
2026-04-12 17:35:00,Synthetic_high_corr_p195,195,98,1.7021,0.9999
2026-04-12 17:35:00,Synthetic_high_corr_p195,195,49,0.4840,0.9997
2026-04-12 17:35:01,Synthetic_high_corr_p195,195,73,0.9919,0.9999
2026-04-12 17:35:02,Synthetic_high_corr_p203,203,102,1.8791,0.9999
2026-04-12 17:35:03,Synthetic_high_corr_p203,203,51,0.5231,0.9997
2026-04-12 17:35:04,Synthetic_high_corr_p203,203,76,1.0813,0.9999
2026-04-12 17:35:05,Synthetic_high_corr_p203,203,63,0.7524,0.9997
2026-04-12 17:35:06,Synthetic_high_corr_p203,203,69,0.8919,0.9998
2026-04-12 17:35:07,Synthetic_high_corr_p203,203,72,0.9805,0.9998
2026-04-12 17:35:08,Synthetic_high_corr_p211,211,106,2.1123,0.9999
2026-04-12 17:35:09,Synthetic_high_corr_p211,211,53,0.5821,0.9996
2026-04-12 17:35:10,Synthetic_high_corr_p211,211,79,1.2108,0.9999
2026-04-12 17:35:11,Synthetic_high_corr_p211,211,66,0.8419,0.9998
2026-04-12 17:35:12,Synthetic_high_corr_p211,211,72,1.0173,0.9998
2026-04-12 17:35:14,Synthetic_high_corr_p218,218,109,2.2872,0.9999
2026-04-12 17:35:15,Synthetic_high_corr_p218,218,54,0.5960,0.9997
2026-04-12 17:35:16,Synthetic_high_corr_p218,218,81,1.3191,0.9998
2026-04-12 17:35:17,Synthetic_high_corr_p218,218,67,0.8866,0.9997
2026-04-12 17:35:18,Synthetic_high_corr_p218,218,74,1.0904,0.9998
2026-04-12 17:35:19,Synthetic_high_corr_p218,218,70,0.9765,0.9998
2026-04-12 17:35:20,Synthetic_high_corr_p226,226,113,2.4563,1.0000
2026-04-12 17:35:21,Synthetic_high_corr_p226,226,56,0.6409,0.9997
2026-04-12 17:35:22,Synthetic_high_corr_p226,226,84,1.4107,0.9999
2026-04-12 17:35:24,Synthetic_high_corr_p226,226,70,0.9867,0.9998
2026-04-12 17:35:25,Synthetic_high_corr_p234,234,117,2.6917,0.9999
2026-04-12 17:35:26,Synthetic_high_corr_p234,234,58,0.6998,0.9996
2026-04-12 17:35:28,Synthetic_high_corr_p234,234,87,1.5106,0.9998
2026-04-12 17:35:29,Synthetic_high_corr_p234,234,72,1.0438,0.9997
2026-04-12 17:35:31,Synthetic_high_corr_p242,242,121,2.9343,0.9999
2026-04-12 17:35:32,Synthetic_high_corr_p242,242,60,0.7394,0.9996
2026-04-12 17:35:33,Synthetic_high_corr_p242,242,90,1.6441,0.9998
2026-04-12 17:35:35,Synthetic_high_corr_p242,242,75,1.1428,0.9998
2026-04-12 17:35:36,Synthetic_high_corr_p242,242,67,0.8901,0.9998
2026-04-12 17:35:37,Synthetic_high_corr_p242,242,71,1.0188,0.9998
2026-04-12 17:35:39,Synthetic_high_corr_p250,250,125,3.1706,0.9999
2026-04-12 17:35:40,Synthetic_high_corr_p250,250,62,0.7793,0.9997
2026-04-12 17:35:42,Synthetic_high_corr_p250,250,93,1.7860,0.9999
2026-04-12 17:35:43,Synthetic_high_corr_p250,250,77,1.2285,0.9998
2026-04-12 17:35:44,Synthetic_high_corr_p250,250,69,0.9735,0.9998
2026-04-12 17:35:44,Synthetic_high_corr_p25,25,13,0.0490,0.9996
2026-04-12 17:35:44,Synthetic_high_corr_p25,25,19,0.0452,0.9998
2026-04-12 17:35:44,Synthetic_high_corr_p25,25,22,0.0423,1.0000
2026-04-12 17:35:45,Synthetic_high_corr_p25,25,24,0.0402,1.0000
2026-04-12 17:35:45,Synthetic_high_corr_p25,25,25,0.0395,1.0000
2026-04-12 17:35:45,Synthetic_high_corr_p32,32,16,0.0668,1.0000
2026-04-12 17:35:45,Synthetic_high_corr_p32,32,24,0.0638,0.9999
2026-04-12 17:35:45,Synthetic_high_corr_p32,32,28,0.0602,1.0000
2026-04-12 17:35:45,Synthetic_high_corr_p32,32,30,0.0575,1.0000
2026-04-12 17:35:45,Synthetic_high_corr_p32,32,31,0.0584,1.0000
2026-04-12 17:35:45,Synthetic_high_corr_p32,32,32,0.0554,1.0000
2026-04-12 17:35:46,Synthetic_high_corr_p40,40,20,0.0865,0.9995
2026-04-12 17:35:46,Synthetic_high_corr_p40,40,30,0.0855,1.0000
2026-04-12 17:35:46,Synthetic_high_corr_p40,40,35,0.0833,1.0000
2026-04-12 17:35:46,Synthetic_high_corr_p40,40,38,0.0799,1.0000
2026-04-12 17:35:46,Synthetic_high_corr_p40,40,39,0.0778,1.0000
2026-04-12 17:35:47,Synthetic_high_corr_p40,40,40,0.0754,1.0000
2026-04-12 17:35:47,Synthetic_high_corr_p48,48,24,0.1122,0.9996
2026-04-12 17:35:47,Synthetic_high_corr_p48,48,36,0.1128,0.9999
2026-04-12 17:35:47,Synthetic_high_corr_p48,48,42,0.1075,1.0000
2026-04-12 17:35:47,Synthetic_high_corr_p48,48,45,0.1041,1.0000
2026-04-12 17:35:48,Synthetic_high_corr_p48,48,47,0.1003,1.0000
2026-04-12 17:35:48,Synthetic_high_corr_p48,48,48,0.1015,1.0000
2026-04-12 17:35:48,Synthetic_high_corr_p56,56,28,0.1358,0.9997
2026-04-12 17:35:48,Synthetic_high_corr_p56,56,42,0.1412,1.0000
2026-04-12 17:35:49,Synthetic_high_corr_p56,56,49,0.1341,1.0000
2026-04-12 17:35:49,Synthetic_high_corr_p56,56,53,0.1370,1.0000
2026-04-12 17:35:49,Synthetic_high_corr_p56,56,55,0.1385,1.0000
2026-04-12 17:35:49,Synthetic_high_corr_p56,56,56,0.1419,1.0000
2026-04-12 17:35:50,Synthetic_high_corr_p63,63,32,0.1650,0.9998
2026-04-12 17:35:50,Synthetic_high_corr_p63,63,48,0.1680,1.0000
2026-04-12 17:35:50,Synthetic_high_corr_p63,63,56,0.1794,1.0000
2026-04-12 17:35:51,Synthetic_high_corr_p63,63,60,0.1865,1.0000
2026-04-12 17:35:51,Synthetic_high_corr_p63,63,62,0.1885,1.0000
2026-04-12 17:35:51,Synthetic_high_corr_p63,63,63,0.1914,1.0000
2026-04-12 17:35:51,Synthetic_high_corr_p71,71,36,0.1917,0.9999
2026-04-12 17:35:52,Synthetic_high_corr_p71,71,54,0.2141,1.0000
2026-04-12 17:35:52,Synthetic_high_corr_p71,71,63,0.2417,1.0000
2026-04-12 17:35:52,Synthetic_high_corr_p71,71,67,0.2548,1.0000
2026-04-12 17:35:53,Synthetic_high_corr_p71,71,69,0.2549,1.0000
2026-04-12 17:35:53,Synthetic_high_corr_p71,71,70,0.2543,1.0000
2026-04-12 17:35:54,Synthetic_high_corr_p71,71,71,0.2536,1.0000
2026-04-12 17:35:54,Synthetic_high_corr_p79,79,40,0.2226,0.9999
2026-04-12 17:35:54,Synthetic_high_corr_p79,79,60,0.2845,1.0000
2026-04-12 17:35:55,Synthetic_high_corr_p79,79,70,0.3231,1.0000
2026-04-12 17:35:55,Synthetic_high_corr_p79,79,75,0.3318,1.0000
2026-04-12 17:35:55,Synthetic_high_corr_p79,79,77,0.3343,1.0000
2026-04-12 17:35:56,Synthetic_high_corr_p79,79,78,0.3412,1.0000
2026-04-12 17:35:56,Synthetic_high_corr_p79,79,79,0.3392,1.0000
2026-04-12 17:35:56,Synthetic_high_corr_p87,87,44,0.2516,0.9999
2026-04-12 17:35:57,Synthetic_high_corr_p87,87,66,0.3680,1.0000
2026-04-12 17:35:57,Synthetic_high_corr_p87,87,77,0.4109,1.0000
2026-04-12 17:35:58,Synthetic_high_corr_p87,87,82,0.4319,1.0000
2026-04-12 17:35:58,Synthetic_high_corr_p87,87,85,0.4350,1.0000
2026-04-12 17:35:59,Synthetic_high_corr_p87,87,86,0.4343,1.0000
2026-04-12 17:35:59,Synthetic_high_corr_p87,87,87,0.4366,1.0000
2026-04-12 17:35:59,Synthetic_high_corr_p94,94,47,0.2781,0.9998
2026-04-12 17:36:00,Synthetic_high_corr_p94,94,71,0.4451,1.0000
2026-04-12 17:36:00,Synthetic_high_corr_p94,94,83,0.5212,1.0000
2026-04-12 17:36:01,Synthetic_high_corr_p94,94,89,0.5471,1.0000
2026-04-12 17:36:01,Synthetic_high_corr_p94,94,92,0.5348,1.0000
2026-04-12 17:36:02,Synthetic_high_corr_p94,94,93,0.5492,1.0000
2026-04-12 17:36:02,Synthetic_high_corr_p94,94,94,0.5538,1.0000
2026-04-12 17:36:03,Synthetic_high_corr_p102,102,51,0.3201,0.9999
2026-04-12 17:36:03,Synthetic_high_corr_p102,102,77,0.5637,1.0000
2026-04-12 17:36:04,Synthetic_high_corr_p102,102,90,0.6552,1.0000
2026-04-12 17:36:04,Synthetic_high_corr_p102,102,96,0.6843,1.0000
2026-04-12 17:36:05,Synthetic_high_corr_p102,102,99,0.6916,1.0000
2026-04-12 17:36:05,Synthetic_high_corr_p102,102,101,0.6901,1.0000
2026-04-12 17:36:06,Synthetic_high_corr_p102,102,102,0.6911,1.0000
2026-04-12 17:36:06,Synthetic_high_corr_p110,110,55,0.3923,0.9999
2026-04-12 17:36:07,Synthetic_high_corr_p110,110,83,0.7035,1.0000
2026-04-12 17:36:07,Synthetic_high_corr_p110,110,97,0.8202,1.0000
2026-04-12 17:36:08,Synthetic_high_corr_p110,110,104,0.8741,1.0000
2026-04-12 17:36:09,Synthetic_high_corr_p110,110,107,0.8504,1.0000
2026-04-12 17:36:09,Synthetic_high_corr_p110,110,109,0.8826,1.0000
2026-04-12 17:36:10,Synthetic_high_corr_p110,110,110,0.8765,1.0000
2026-04-12 17:36:10,Synthetic_high_corr_p118,118,59,0.4564,0.9998
2026-04-12 17:36:11,Synthetic_high_corr_p118,118,89,0.8437,0.9999
2026-04-12 17:36:12,Synthetic_high_corr_p118,118,104,0.9808,1.0000
2026-04-12 17:36:12,Synthetic_high_corr_p125,125,63,0.5452,0.9999
2026-04-12 17:36:13,Synthetic_high_corr_p125,125,94,0.9965,1.0000
2026-04-12 17:36:13,Synthetic_high_corr_p133,133,67,0.6237,0.9999
2026-04-12 17:36:14,Synthetic_high_corr_p133,133,100,1.1602,1.0000
2026-04-12 17:36:15,Synthetic_high_corr_p133,133,83,0.8953,1.0000
2026-04-12 17:36:15,Synthetic_high_corr_p133,133,91,1.0302,1.0000
2026-04-12 17:36:16,Synthetic_high_corr_p141,141,71,0.7267,0.9999
2026-04-12 17:36:17,Synthetic_high_corr_p141,141,106,1.3535,1.0000
2026-04-12 17:36:18,Synthetic_high_corr_p141,141,88,1.0450,1.0000
2026-04-12 17:36:18,Synthetic_high_corr_p149,149,75,0.8405,0.9999
2026-04-12 17:36:19,Synthetic_high_corr_p149,149,112,1.5708,1.0000
2026-04-12 17:36:20,Synthetic_high_corr_p149,149,93,1.1875,0.9999
2026-04-12 17:36:21,Synthetic_high_corr_p149,149,84,1.0299,1.0000
2026-04-12 17:36:22,Synthetic_high_corr_p156,156,78,0.9652,0.9999
2026-04-12 17:36:23,Synthetic_high_corr_p164,164,82,1.1062,1.0000
2026-04-12 17:36:23,Synthetic_high_corr_p164,164,41,0.4124,0.9997
2026-04-12 17:36:24,Synthetic_high_corr_p164,164,61,0.6326,0.9998
2026-04-12 17:36:25,Synthetic_high_corr_p164,164,71,0.8450,0.9999
2026-04-12 17:36:25,Synthetic_high_corr_p164,164,76,0.9787,0.9999
2026-04-12 17:36:26,Synthetic_high_corr_p172,172,86,1.2415,1.0000
2026-04-12 17:36:27,Synthetic_high_corr_p172,172,43,0.4408,0.9997
2026-04-12 17:36:28,Synthetic_high_corr_p172,172,64,0.7050,0.9998
2026-04-12 17:36:28,Synthetic_high_corr_p172,172,75,0.9656,0.9999
2026-04-12 17:36:29,Synthetic_high_corr_p180,180,90,1.3923,1.0000
2026-04-12 17:36:30,Synthetic_high_corr_p180,180,45,0.4599,0.9997
2026-04-12 17:36:31,Synthetic_high_corr_p180,180,67,0.8013,0.9999
2026-04-12 17:36:32,Synthetic_high_corr_p180,180,78,1.0789,0.9999
2026-04-12 17:36:32,Synthetic_high_corr_p180,180,72,0.9234,0.9999
2026-04-12 17:36:33,Synthetic_high_corr_p180,180,75,0.9892,0.9999
2026-04-12 17:36:34,Synthetic_high_corr_p187,187,94,1.5458,0.9999
2026-04-12 17:36:35,Synthetic_high_corr_p187,187,47,0.4752,0.9997
2026-04-12 17:36:36,Synthetic_high_corr_p187,187,70,0.8964,0.9999
2026-04-12 17:36:37,Synthetic_high_corr_p187,187,82,1.2120,0.9999
2026-04-12 17:36:38,Synthetic_high_corr_p187,187,76,1.0518,0.9999
2026-04-12 17:36:39,Synthetic_high_corr_p187,187,73,0.9617,0.9998
2026-04-12 17:36:40,Synthetic_high_corr_p195,195,98,1.7111,0.9999
2026-04-12 17:36:41,Synthetic_high_corr_p195,195,49,0.4880,0.9996
2026-04-12 17:36:41,Synthetic_high_corr_p195,195,73,0.9914,0.9998
2026-04-12 17:36:43,Synthetic_high_corr_p203,203,102,1.8780,0.9999
2026-04-12 17:36:44,Synthetic_high_corr_p203,203,51,0.5194,0.9997
2026-04-12 17:36:45,Synthetic_high_corr_p203,203,76,1.0932,0.9998
2026-04-12 17:36:45,Synthetic_high_corr_p203,203,63,0.7555,0.9998
2026-04-12 17:36:46,Synthetic_high_corr_p203,203,69,0.8872,0.9998
2026-04-12 17:36:47,Synthetic_high_corr_p203,203,72,0.9801,0.9998
2026-04-12 17:36:49,Synthetic_high_corr_p211,211,106,2.0944,0.9999
2026-04-12 17:36:49,Synthetic_high_corr_p211,211,53,0.5722,0.9997
2026-04-12 17:36:51,Synthetic_high_corr_p211,211,79,1.2104,0.9998
2026-04-12 17:36:51,Synthetic_high_corr_p211,211,66,0.8399,0.9998
2026-04-12 17:36:52,Synthetic_high_corr_p211,211,72,1.0158,0.9998
2026-04-12 17:36:54,Synthetic_high_corr_p218,218,109,2.2970,0.9999
2026-04-12 17:36:55,Synthetic_high_corr_p218,218,54,0.6036,0.9996
2026-04-12 17:36:56,Synthetic_high_corr_p218,218,81,1.3021,0.9998
2026-04-12 17:36:57,Synthetic_high_corr_p218,218,67,0.8898,0.9998
2026-04-12 17:36:58,Synthetic_high_corr_p218,218,74,1.0893,0.9998
2026-04-12 17:36:59,Synthetic_high_corr_p218,218,70,0.9696,0.9999
2026-04-12 17:37:01,Synthetic_high_corr_p226,226,113,2.4425,0.9999
2026-04-12 17:37:02,Synthetic_high_corr_p226,226,56,0.6395,0.9996
2026-04-12 17:37:03,Synthetic_high_corr_p226,226,84,1.4079,0.9998
2026-04-12 17:37:04,Synthetic_high_corr_p226,226,70,0.9664,0.9997
2026-04-12 17:37:06,Synthetic_high_corr_p234,234,117,2.6987,0.9999
2026-04-12 17:37:07,Synthetic_high_corr_p234,234,58,0.6810,0.9996
2026-04-12 17:37:08,Synthetic_high_corr_p234,234,87,1.5095,0.9998
2026-04-12 17:37:09,Synthetic_high_corr_p234,234,72,1.0462,0.9998
2026-04-12 17:37:11,Synthetic_high_corr_p242,242,121,2.9486,0.9999
2026-04-12 17:37:12,Synthetic_high_corr_p242,242,60,0.7324,0.9996
2026-04-12 17:37:14,Synthetic_high_corr_p242,242,90,1.6380,0.9998
2026-04-12 17:37:15,Synthetic_high_corr_p242,242,75,1.1368,0.9997
2026-04-12 17:37:16,Synthetic_high_corr_p242,242,67,0.9143,0.9997
2026-04-12 17:37:17,Synthetic_high_corr_p242,242,71,1.0261,0.9998
2026-04-12 17:37:19,Synthetic_high_corr_p250,250,125,3.1444,0.9999
2026-04-12 17:37:20,Synthetic_high_corr_p250,250,62,0.7960,0.9997
2026-04-12 17:37:22,Synthetic_high_corr_p250,250,93,1.7873,0.9998
2026-04-12 17:37:23,Synthetic_high_corr_p250,250,77,1.2282,0.9998
2026-04-12 17:37:24,Synthetic_high_corr_p250,250,69,0.9664,0.9997
2026-04-12 17:37:26,Mnist_p25,25,13,0.0482,0.9581
2026-04-12 17:37:26,Mnist_p25,25,19,0.0463,0.9768
2026-04-12 17:37:26,Mnist_p25,25,22,0.0425,1.0047
2026-04-12 17:37:26,Mnist_p25,25,24,0.0409,1.0030
2026-04-12 17:37:26,Mnist_p25,25,25,0.0390,1.0000
2026-04-12 17:37:26,Mnist_p35,35,18,0.0721,0.9923
2026-04-12 17:37:26,Mnist_p35,35,27,0.0706,1.0064
2026-04-12 17:37:27,Mnist_p35,35,31,0.0693,1.0022
2026-04-12 17:37:27,Mnist_p35,35,33,0.0646,0.9999
2026-04-12 17:37:27,Mnist_p35,35,34,0.0630,1.0000
2026-04-12 17:37:27,Mnist_p35,35,35,0.0619,1.0000
2026-04-12 17:37:27,Mnist_p45,45,23,0.1006,0.9868
2026-04-12 17:37:27,Mnist_p45,45,34,0.1029,1.0069
2026-04-12 17:37:28,Mnist_p45,45,40,0.0974,1.0052
2026-04-12 17:37:28,Mnist_p45,45,43,0.0936,1.0015
2026-04-12 17:37:28,Mnist_p45,45,44,0.0909,1.0003
2026-04-12 17:37:28,Mnist_p45,45,45,0.0887,1.0000
2026-04-12 17:37:29,Mnist_p55,55,28,0.1342,0.9769
2026-04-12 17:37:29,Mnist_p55,55,42,0.1376,1.0015
2026-04-12 17:37:29,Mnist_p55,55,49,0.1267,1.0036
2026-04-12 17:37:29,Mnist_p55,55,52,0.1299,1.0031
2026-04-12 17:37:30,Mnist_p55,55,54,0.1308,1.0023
2026-04-12 17:37:30,Mnist_p55,55,55,0.1338,1.0000
2026-04-12 17:37:30,Mnist_p65,65,33,0.1672,0.9871
2026-04-12 17:37:31,Mnist_p65,65,49,0.1726,0.9995
2026-04-12 17:37:31,Mnist_p65,65,57,0.1940,1.0054
2026-04-12 17:37:31,Mnist_p65,65,61,0.1967,1.0025
2026-04-12 17:37:31,Mnist_p65,65,63,0.1984,1.0010
2026-04-12 17:37:32,Mnist_p65,65,64,0.1981,1.0006
2026-04-12 17:37:32,Mnist_p65,65,65,0.2027,1.0000
2026-04-12 17:37:32,Mnist_p75,75,38,0.2058,0.9784
2026-04-12 17:37:33,Mnist_p75,75,57,0.2515,1.0018
2026-04-12 17:37:33,Mnist_p75,75,66,0.2783,1.0037
2026-04-12 17:37:34,Mnist_p75,75,71,0.2941,1.0026
2026-04-12 17:37:34,Mnist_p75,75,73,0.2916,1.0018
2026-04-12 17:37:34,Mnist_p75,75,74,0.2946,1.0010
2026-04-12 17:37:35,Mnist_p75,75,75,0.2933,1.0000
2026-04-12 17:37:35,Mnist_p85,85,43,0.2420,0.9896
2026-04-12 17:37:35,Mnist_p85,85,64,0.3277,1.0022
2026-04-12 17:37:36,Mnist_p85,85,75,0.3844,1.0038
2026-04-12 17:37:36,Mnist_p85,85,80,0.4029,1.0019
2026-04-12 17:37:37,Mnist_p85,85,83,0.4042,1.0010
2026-04-12 17:37:37,Mnist_p85,85,84,0.4000,1.0005
2026-04-12 17:37:37,Mnist_p85,85,85,0.4097,1.0000
2026-04-12 17:37:38,Mnist_p95,95,48,0.2817,0.9883
2026-04-12 17:37:38,Mnist_p95,95,72,0.4645,1.0039
2026-04-12 17:37:39,Mnist_p95,95,84,0.5325,1.0066
2026-04-12 17:37:39,Mnist_p95,95,90,0.5406,1.0033
2026-04-12 17:37:40,Mnist_p95,95,93,0.5550,1.0016
2026-04-12 17:37:40,Mnist_p95,95,94,0.5642,1.0008
2026-04-12 17:37:41,Mnist_p95,95,95,0.5546,1.0000
2026-04-12 17:37:41,Mnist_p106,106,53,0.3602,0.9892
2026-04-12 17:37:42,Mnist_p106,106,80,0.6329,1.0052
2026-04-12 17:37:42,Mnist_p106,106,93,0.7268,1.0032
2026-04-12 17:37:43,Mnist_p106,106,100,0.7617,1.0009
2026-04-12 17:37:43,Mnist_p106,106,103,0.7597,1.0006
2026-04-12 17:37:44,Mnist_p106,106,105,0.7913,1.0000
2026-04-12 17:37:44,Mnist_p106,106,106,0.7664,1.0000
2026-04-12 17:37:45,Mnist_p116,116,58,0.4546,0.9887
2026-04-12 17:37:46,Mnist_p116,116,87,0.8113,1.0025
2026-04-12 17:37:46,Mnist_p116,116,102,0.9332,1.0035
2026-04-12 17:37:47,Mnist_p116,116,109,0.9824,1.0023
2026-04-12 17:37:47,Mnist_p126,126,63,0.5567,0.9873
2026-04-12 17:37:48,Mnist_p126,126,95,1.0209,1.0011
2026-04-12 17:37:49,Mnist_p136,136,68,0.6893,0.9919
2026-04-12 17:37:49,Mnist_p136,136,102,1.2903,1.0013
2026-04-12 17:37:50,Mnist_p136,136,85,0.9769,0.9991
2026-04-12 17:37:51,Mnist_p146,146,73,0.7988,0.9862
2026-04-12 17:37:52,Mnist_p146,146,110,1.4858,1.0068
2026-04-12 17:37:53,Mnist_p146,146,91,1.1316,1.0001
2026-04-12 17:37:53,Mnist_p146,146,82,0.9736,0.9937
2026-04-12 17:37:54,Mnist_p156,156,78,0.9604,0.9905
2026-04-12 17:37:55,Mnist_p166,166,83,1.1387,1.0004
2026-04-12 17:37:55,Mnist_p166,166,41,0.4114,0.9680
2026-04-12 17:37:56,Mnist_p166,166,62,0.6651,0.9848
2026-04-12 17:37:57,Mnist_p166,166,72,0.8638,0.9955
2026-04-12 17:37:58,Mnist_p166,166,77,0.9925,0.9971
2026-04-12 17:37:59,Mnist_p177,177,89,1.3220,0.9980
2026-04-12 17:37:59,Mnist_p177,177,44,0.4253,0.9772
2026-04-12 17:38:00,Mnist_p177,177,66,0.7683,0.9886
2026-04-12 17:38:01,Mnist_p177,177,77,1.0138,0.9918
2026-04-12 17:38:02,Mnist_p187,187,94,1.5475,0.9952
2026-04-12 17:38:03,Mnist_p187,187,47,0.4768,0.9743
2026-04-12 17:38:03,Mnist_p187,187,70,0.8981,0.9796
2026-04-12 17:38:04,Mnist_p187,187,82,1.2068,0.9883
2026-04-12 17:38:05,Mnist_p187,187,76,1.0302,0.9880
2026-04-12 17:38:07,Mnist_p197,197,99,1.7475,0.9979
2026-04-12 17:38:07,Mnist_p197,197,49,0.4838,0.9646
2026-04-12 17:38:08,Mnist_p197,197,74,1.0045,0.9832
2026-04-12 17:38:10,Mnist_p207,207,104,1.9930,0.9973
2026-04-12 17:38:10,Mnist_p207,207,52,0.5493,0.9674
2026-04-12 17:38:11,Mnist_p207,207,78,1.1728,0.9826
2026-04-12 17:38:12,Mnist_p207,207,65,0.8148,0.9762
2026-04-12 17:38:13,Mnist_p207,207,71,0.9725,0.9789
2026-04-12 17:38:15,Mnist_p217,217,109,2.2681,0.9996
2026-04-12 17:38:16,Mnist_p217,217,54,0.5965,0.9791
2026-04-12 17:38:17,Mnist_p217,217,81,1.2787,0.9868
2026-04-12 17:38:18,Mnist_p217,217,67,0.8770,0.9813
2026-04-12 17:38:19,Mnist_p217,217,74,1.0713,0.9812
2026-04-12 17:38:20,Mnist_p217,217,70,0.9619,0.9836
2026-04-12 17:38:22,Mnist_p227,227,114,2.5071,0.9955
2026-04-12 17:38:22,Mnist_p227,227,57,0.6603,0.9716
2026-04-12 17:38:24,Mnist_p227,227,85,1.4274,0.9887
2026-04-12 17:38:25,Mnist_p227,227,71,1.0018,0.9805
2026-04-12 17:38:27,Mnist_p237,237,119,2.7873,0.9976
2026-04-12 17:38:28,Mnist_p237,237,59,0.7018,0.9722
2026-04-12 17:38:29,Mnist_p237,237,89,1.5789,0.9848
2026-04-12 17:38:30,Mnist_p237,237,74,1.1128,0.9830
2026-04-12 17:38:31,Mnist_p237,237,66,0.8659,0.9774
2026-04-12 17:38:32,Mnist_p237,237,70,0.9706,0.9787
2026-04-12 17:38:35,Mnist_p248,248,124,3.3548,0.9953
2026-04-12 17:38:36,Mnist_p248,248,62,0.8382,0.9716
2026-04-12 17:38:37,Mnist_p248,248,93,1.8922,0.9898
2026-04-12 17:38:38,Mnist_p248,248,77,1.2880,0.9864
2026-04-12 17:38:39,Mnist_p248,248,69,1.0487,0.9828
2026-04-12 17:38:42,Mnist_p258,258,129,3.3833,1.0021
2026-04-12 17:38:43,Mnist_p258,258,64,0.8211,0.9830
2026-04-12 17:38:45,Mnist_p258,258,96,1.8654,0.9950
2026-04-12 17:38:46,Mnist_p258,258,80,1.3036,0.9868
2026-04-12 17:38:48,Mnist_p258,258,72,1.0386,0.9835
2026-04-12 17:38:50,Mnist_p268,268,134,3.7698,0.9938
2026-04-12 17:38:52,Mnist_p268,268,67,0.9315,0.9750
2026-04-12 17:38:53,Mnist_p268,268,100,2.1015,0.9884
2026-04-12 17:38:55,Mnist_p268,268,83,1.4506,0.9827
2026-04-12 17:38:56,Mnist_p268,268,75,1.1847,0.9806
2026-04-12 17:38:58,Mnist_p268,268,71,1.0489,0.9800
2026-04-12 17:39:01,Mnist_p278,278,139,4.0369,0.9984
2026-04-12 17:39:02,Mnist_p278,278,69,0.9694,0.9709
2026-04-12 17:39:06,Mnist_p288,288,144,4.7069,0.9968
2026-04-12 17:39:07,Mnist_p288,288,72,1.1267,0.9823
2026-04-12 17:39:08,Mnist_p288,288,36,0.4597,0.9766
2026-04-12 17:39:09,Mnist_p288,288,54,0.6561,0.9862
2026-04-12 17:39:10,Mnist_p288,288,63,0.8516,0.9844
2026-04-12 17:39:11,Mnist_p288,288,67,0.9660,0.9875
2026-04-12 17:39:15,Mnist_p298,298,149,4.7311,1.0015
2026-04-12 17:39:17,Mnist_p298,298,74,1.1194,0.9710
2026-04-12 17:39:18,Mnist_p298,298,37,0.4211,0.9818
2026-04-12 17:39:19,Mnist_p298,298,55,0.6122,0.9677
2026-04-12 17:39:20,Mnist_p298,298,64,0.8233,0.9738
2026-04-12 17:39:21,Mnist_p298,298,69,0.9582,0.9627
2026-04-12 17:39:26,Mnist_p308,308,154,5.1454,1.0058
2026-04-12 17:39:28,Mnist_p308,308,77,1.2194,0.9887
2026-04-12 17:39:28,Mnist_p308,308,38,0.4336,0.9897
2026-04-12 17:39:30,Mnist_p308,308,57,0.6718,0.9899
2026-04-12 17:39:31,Mnist_p308,308,67,0.9231,0.9880
2026-04-12 17:39:33,Mnist_p308,308,72,1.0616,0.9815
2026-04-12 17:39:34,Mnist_p308,308,69,0.9737,0.9841
2026-04-12 17:39:39,Mnist_p319,319,160,5.5019,1.0046
2026-04-12 17:39:41,Mnist_p319,319,80,1.2991,0.9767
2026-04-12 17:39:42,Mnist_p319,319,40,0.4372,0.9750
2026-04-12 17:39:43,Mnist_p319,319,60,0.7154,0.9668
2026-04-12 17:39:45,Mnist_p319,319,70,0.9811,0.9701
2026-04-12 17:39:46,Mnist_p25,25,13,0.0504,0.9814
2026-04-12 17:39:46,Mnist_p25,25,19,0.0461,1.0037
2026-04-12 17:39:46,Mnist_p25,25,22,0.0429,1.0030
2026-04-12 17:39:46,Mnist_p25,25,24,0.0405,1.0006
2026-04-12 17:39:46,Mnist_p25,25,25,0.0397,1.0000
2026-04-12 17:39:46,Mnist_p35,35,18,0.0729,0.9762
2026-04-12 17:39:47,Mnist_p35,35,27,0.0708,0.9994
2026-04-12 17:39:47,Mnist_p35,35,31,0.0698,1.0018
2026-04-12 17:39:47,Mnist_p35,35,33,0.0644,1.0014
2026-04-12 17:39:47,Mnist_p35,35,34,0.0629,1.0000
2026-04-12 17:39:47,Mnist_p35,35,35,0.0604,1.0000
2026-04-12 17:39:47,Mnist_p45,45,23,0.1024,0.9876
2026-04-12 17:39:48,Mnist_p45,45,34,0.1019,1.0055
2026-04-12 17:39:48,Mnist_p45,45,40,0.0964,1.0050
2026-04-12 17:39:48,Mnist_p45,45,43,0.0953,1.0012
2026-04-12 17:39:48,Mnist_p45,45,44,0.0877,1.0002
2026-04-12 17:39:49,Mnist_p45,45,45,0.0882,1.0000
2026-04-12 17:39:49,Mnist_p55,55,28,0.1335,0.9876
2026-04-12 17:39:49,Mnist_p55,55,42,0.1359,0.9953
2026-04-12 17:39:49,Mnist_p55,55,49,0.1292,1.0020
2026-04-12 17:39:50,Mnist_p55,55,52,0.1292,1.0014
2026-04-12 17:39:50,Mnist_p55,55,54,0.1292,1.0005
2026-04-12 17:39:50,Mnist_p55,55,55,0.1316,1.0000
2026-04-12 17:39:50,Mnist_p65,65,33,0.1688,0.9881
2026-04-12 17:39:51,Mnist_p65,65,49,0.1752,1.0055
2026-04-12 17:39:51,Mnist_p65,65,57,0.1925,1.0003
2026-04-12 17:39:51,Mnist_p65,65,61,0.1984,1.0005
2026-04-12 17:39:52,Mnist_p65,65,63,0.2000,1.0013
2026-04-12 17:39:52,Mnist_p65,65,64,0.2030,1.0007
2026-04-12 17:39:52,Mnist_p65,65,65,0.2058,1.0000
2026-04-12 17:39:53,Mnist_p75,75,38,0.2055,0.9808
2026-04-12 17:39:53,Mnist_p75,75,57,0.2504,1.0005
2026-04-12 17:39:53,Mnist_p75,75,66,0.2817,1.0040
2026-04-12 17:39:54,Mnist_p75,75,71,0.2937,1.0016
2026-04-12 17:39:54,Mnist_p75,75,73,0.2973,1.0004
2026-04-12 17:39:54,Mnist_p75,75,74,0.2979,1.0003
2026-04-12 17:39:55,Mnist_p75,75,75,0.2986,1.0000
2026-04-12 17:39:55,Mnist_p85,85,43,0.2409,0.9877
2026-04-12 17:39:56,Mnist_p85,85,64,0.3329,1.0056
2026-04-12 17:39:56,Mnist_p85,85,75,0.3894,1.0039
2026-04-12 17:39:56,Mnist_p85,85,80,0.4035,1.0016
2026-04-12 17:39:57,Mnist_p85,85,83,0.4103,1.0000
2026-04-12 17:39:57,Mnist_p85,85,84,0.4097,1.0000
2026-04-12 17:39:58,Mnist_p85,85,85,0.4144,1.0000
2026-04-12 17:39:58,Mnist_p95,95,48,0.2910,0.9779
2026-04-12 17:39:58,Mnist_p95,95,72,0.4635,1.0026
2026-04-12 17:39:59,Mnist_p95,95,84,0.5353,1.0026
2026-04-12 17:39:59,Mnist_p95,95,90,0.5911,1.0015
2026-04-12 17:40:00,Mnist_p95,95,93,0.5601,1.0003
2026-04-12 17:40:00,Mnist_p95,95,94,0.5642,1.0000
2026-04-12 17:40:01,Mnist_p95,95,95,0.5725,1.0000
2026-04-12 17:40:01,Mnist_p106,106,53,0.3592,0.9919
2026-04-12 17:40:02,Mnist_p106,106,80,0.6357,1.0036
2026-04-12 17:40:02,Mnist_p106,106,93,0.7470,1.0023
2026-04-12 17:40:03,Mnist_p106,106,100,0.7551,1.0007
2026-04-12 17:40:03,Mnist_p106,106,103,0.7721,1.0001
2026-04-12 17:40:04,Mnist_p106,106,105,0.7732,1.0000
2026-04-12 17:40:05,Mnist_p106,106,106,0.7818,1.0000
2026-04-12 17:40:05,Mnist_p116,116,58,0.4484,0.9892
2026-04-12 17:40:06,Mnist_p116,116,87,0.8088,1.0056
2026-04-12 17:40:06,Mnist_p116,116,102,0.9372,1.0031
2026-04-12 17:40:07,Mnist_p116,116,109,0.9690,1.0016
2026-04-12 17:40:08,Mnist_p126,126,63,0.5497,0.9940
2026-04-12 17:40:08,Mnist_p126,126,95,1.0098,1.0055
2026-04-12 17:40:09,Mnist_p136,136,68,0.6882,0.9907
2026-04-12 17:40:10,Mnist_p136,136,102,1.2963,1.0028
2026-04-12 17:40:10,Mnist_p136,136,85,0.9953,0.9982
2026-04-12 17:40:11,Mnist_p146,146,73,0.7929,0.9987
2026-04-12 17:40:12,Mnist_p146,146,110,1.4898,1.0018
2026-04-12 17:40:13,Mnist_p146,146,91,1.1517,1.0031
2026-04-12 17:40:14,Mnist_p146,146,82,0.9610,1.0025
2026-04-12 17:40:14,Mnist_p156,156,78,0.9750,0.9901
2026-04-12 17:40:15,Mnist_p166,166,83,1.1268,0.9870
2026-04-12 17:40:16,Mnist_p166,166,41,0.4129,0.9662
2026-04-12 17:40:16,Mnist_p166,166,62,0.6609,0.9818
2026-04-12 17:40:17,Mnist_p166,166,72,0.8723,0.9793
2026-04-12 17:40:18,Mnist_p166,166,77,0.9783,0.9855
2026-04-12 17:40:19,Mnist_p177,177,89,1.3295,0.9834
2026-04-12 17:40:19,Mnist_p177,177,44,0.4361,0.9549
2026-04-12 17:40:20,Mnist_p177,177,66,0.7623,0.9670
2026-04-12 17:40:21,Mnist_p177,177,77,1.0240,0.9780
2026-04-12 17:40:22,Mnist_p187,187,94,1.5218,0.9911
2026-04-12 17:40:23,Mnist_p187,187,47,0.4812,0.9716
2026-04-12 17:40:24,Mnist_p187,187,70,0.8897,0.9748
2026-04-12 17:40:25,Mnist_p187,187,82,1.2163,0.9885
2026-04-12 17:40:26,Mnist_p187,187,76,1.0387,0.9857
2026-04-12 17:40:27,Mnist_p197,197,99,1.7245,0.9949
2026-04-12 17:40:28,Mnist_p197,197,49,0.4919,0.9699
2026-04-12 17:40:28,Mnist_p197,197,74,1.0071,0.9862
2026-04-12 17:40:30,Mnist_p207,207,104,1.9930,0.9937
2026-04-12 17:40:31,Mnist_p207,207,52,0.5547,0.9801
2026-04-12 17:40:32,Mnist_p207,207,78,1.1702,0.9859
2026-04-12 17:40:33,Mnist_p207,207,65,0.8134,0.9849
2026-04-12 17:40:33,Mnist_p207,207,71,0.9642,0.9825
2026-04-12 17:40:35,Mnist_p217,217,109,2.2757,0.9994
2026-04-12 17:40:36,Mnist_p217,217,54,0.6038,0.9767
2026-04-12 17:40:37,Mnist_p217,217,81,1.2850,0.9903
2026-04-12 17:40:38,Mnist_p217,217,67,0.8862,0.9801
2026-04-12 17:40:39,Mnist_p217,217,74,1.0719,0.9849
2026-04-12 17:40:40,Mnist_p217,217,70,0.9822,0.9847
2026-04-12 17:40:42,Mnist_p227,227,114,2.4881,0.9976
2026-04-12 17:40:43,Mnist_p227,227,57,0.6604,0.9809
2026-04-12 17:40:44,Mnist_p227,227,85,1.4292,0.9868
2026-04-12 17:40:45,Mnist_p227,227,71,1.0090,0.9819
2026-04-12 17:40:47,Mnist_p237,237,119,2.7860,0.9993
2026-04-12 17:40:48,Mnist_p237,237,59,0.7032,0.9806
2026-04-12 17:40:49,Mnist_p237,237,89,1.5837,0.9888
2026-04-12 17:40:51,Mnist_p237,237,74,1.1099,0.9820
2026-04-12 17:40:52,Mnist_p237,237,66,0.8604,0.9870
2026-04-12 17:40:53,Mnist_p237,237,70,0.9933,0.9810
2026-04-12 17:40:55,Mnist_p248,248,124,3.3660,0.9978
2026-04-12 17:40:56,Mnist_p248,248,62,0.8507,0.9741
2026-04-12 17:40:57,Mnist_p248,248,93,1.9022,0.9893
2026-04-12 17:40:59,Mnist_p248,248,77,1.3043,0.9794
2026-04-12 17:41:00,Mnist_p248,248,69,1.0617,0.9779
2026-04-12 17:41:01,Mnist_p248,248,65,0.9161,0.9763
2026-04-12 17:41:02,Mnist_p248,248,67,0.9962,0.9758
2026-04-12 17:41:04,Mnist_p258,258,129,3.3604,0.9972
2026-04-12 17:41:05,Mnist_p258,258,64,0.8254,0.9753
2026-04-12 17:41:07,Mnist_p258,258,96,1.8642,0.9870
2026-04-12 17:41:09,Mnist_p258,258,80,1.2911,0.9797
2026-04-12 17:41:10,Mnist_p258,258,72,1.0434,0.9769
2026-04-12 17:41:13,Mnist_p268,268,134,3.7896,0.9959
2026-04-12 17:41:14,Mnist_p268,268,67,0.9260,0.9778
2026-04-12 17:41:16,Mnist_p268,268,100,2.1084,0.9845
2026-04-12 17:41:17,Mnist_p268,268,83,1.4394,0.9777
2026-04-12 17:41:19,Mnist_p268,268,75,1.1771,0.9737
2026-04-12 17:41:20,Mnist_p268,268,71,1.0534,0.9757
2026-04-12 17:41:21,Mnist_p268,268,69,0.9910,0.9752
2026-04-12 17:41:24,Mnist_p278,278,139,4.0574,0.9995
2026-04-12 17:41:26,Mnist_p278,278,69,0.9829,0.9815
2026-04-12 17:41:29,Mnist_p288,288,144,4.7531,1.0009
2026-04-12 17:41:31,Mnist_p288,288,72,1.1429,0.9904
2026-04-12 17:41:31,Mnist_p288,288,36,0.4532,0.9878
2026-04-12 17:41:32,Mnist_p288,288,54,0.6596,0.9798
2026-04-12 17:41:33,Mnist_p288,288,63,0.8692,0.9845
2026-04-12 17:41:35,Mnist_p288,288,67,0.9696,0.9847
2026-04-12 17:41:39,Mnist_p298,298,149,4.7125,1.0009
2026-04-12 17:41:40,Mnist_p298,298,74,1.1181,0.9718
2026-04-12 17:41:41,Mnist_p298,298,37,0.4301,0.9843
2026-04-12 17:41:42,Mnist_p298,298,55,0.6152,0.9726
2026-04-12 17:41:44,Mnist_p298,298,64,0.8148,0.9750
2026-04-12 17:41:45,Mnist_p298,298,69,0.9547,0.9696
2026-04-12 17:41:49,Mnist_p308,308,154,5.1271,1.0007
2026-04-12 17:41:51,Mnist_p308,308,77,1.2228,0.9817
2026-04-12 17:41:52,Mnist_p308,308,38,0.4376,0.9820
2026-04-12 17:41:53,Mnist_p308,308,57,0.6593,0.9754
2026-04-12 17:41:55,Mnist_p308,308,67,0.8972,0.9790
2026-04-12 17:41:56,Mnist_p308,308,72,1.0121,0.9754
2026-04-12 17:42:01,Mnist_p319,319,160,5.5555,1.0028
2026-04-12 17:42:03,Mnist_p319,319,80,1.3097,0.9848
2026-04-12 17:42:04,Mnist_p319,319,40,0.4440,0.9840
2026-04-12 17:42:05,Mnist_p319,319,60,0.7276,0.9778
2026-04-12 17:42:07,Mnist_p319,319,70,0.9875,0.9758
2026-04-12 17:42:08,Mnist_p25,25,13,0.0497,0.9320
2026-04-12 17:42:08,Mnist_p25,25,19,0.0453,0.9766
2026-04-12 17:42:08,Mnist_p25,25,22,0.0427,1.0002
2026-04-12 17:42:08,Mnist_p25,25,24,0.0399,1.0000
2026-04-12 17:42:08,Mnist_p25,25,25,0.0391,1.0000
2026-04-12 17:42:09,Mnist_p35,35,18,0.0714,0.9782
2026-04-12 17:42:09,Mnist_p35,35,27,0.0708,0.9981
2026-04-12 17:42:09,Mnist_p35,35,31,0.0679,1.0018
2026-04-12 17:42:09,Mnist_p35,35,33,0.0644,1.0000
2026-04-12 17:42:09,Mnist_p35,35,34,0.0629,1.0000
2026-04-12 17:42:09,Mnist_p35,35,35,0.0618,1.0000
2026-04-12 17:42:10,Mnist_p45,45,23,0.0987,0.9860
2026-04-12 17:42:10,Mnist_p45,45,34,0.1006,0.9944
2026-04-12 17:42:10,Mnist_p45,45,40,0.0950,0.9973
2026-04-12 17:42:10,Mnist_p45,45,43,0.0940,1.0023
2026-04-12 17:42:10,Mnist_p45,45,44,0.0906,1.0012
2026-04-12 17:42:11,Mnist_p45,45,45,0.0899,1.0000
2026-04-12 17:42:11,Mnist_p55,55,28,0.1320,0.9848
2026-04-12 17:42:11,Mnist_p55,55,42,0.1341,1.0000
2026-04-12 17:42:11,Mnist_p55,55,49,0.1331,1.0022
2026-04-12 17:42:12,Mnist_p55,55,52,0.1299,1.0025
2026-04-12 17:42:12,Mnist_p55,55,54,0.1321,1.0000
2026-04-12 17:42:12,Mnist_p55,55,55,0.1351,1.0000
2026-04-12 17:42:12,Mnist_p65,65,33,0.1666,0.9800
2026-04-12 17:42:13,Mnist_p65,65,49,0.1728,1.0020
2026-04-12 17:42:13,Mnist_p65,65,57,0.1915,1.0039
2026-04-12 17:42:13,Mnist_p65,65,61,0.1981,1.0027
2026-04-12 17:42:14,Mnist_p65,65,63,0.2021,1.0019
2026-04-12 17:42:14,Mnist_p65,65,64,0.2022,1.0009
2026-04-12 17:42:14,Mnist_p65,65,65,0.1978,1.0000
2026-04-12 17:42:15,Mnist_p75,75,38,0.2095,0.9749
2026-04-12 17:42:15,Mnist_p75,75,57,0.2502,0.9967
2026-04-12 17:42:15,Mnist_p75,75,66,0.2876,1.0032
2026-04-12 17:42:16,Mnist_p75,75,71,0.3019,1.0019
2026-04-12 17:42:16,Mnist_p75,75,73,0.2999,1.0005
2026-04-12 17:42:16,Mnist_p75,75,74,0.2950,1.0000
2026-04-12 17:42:17,Mnist_p75,75,75,0.2898,1.0000
2026-04-12 17:42:17,Mnist_p85,85,43,0.2400,0.9890
2026-04-12 17:42:18,Mnist_p85,85,64,0.3375,1.0035
2026-04-12 17:42:18,Mnist_p85,85,75,0.3752,1.0006
2026-04-12 17:42:18,Mnist_p85,85,80,0.4038,1.0008
2026-04-12 17:42:19,Mnist_p85,85,83,0.4049,1.0000
2026-04-12 17:42:19,Mnist_p85,85,84,0.4067,1.0000
2026-04-12 17:42:20,Mnist_p85,85,85,0.4126,1.0000
2026-04-12 17:42:20,Mnist_p95,95,48,0.2868,0.9806
2026-04-12 17:42:21,Mnist_p95,95,72,0.4583,1.0023
2026-04-12 17:42:21,Mnist_p95,95,84,0.5386,1.0040
2026-04-12 17:42:21,Mnist_p95,95,90,0.5677,1.0019
2026-04-12 17:42:22,Mnist_p95,95,93,0.5555,1.0000
2026-04-12 17:42:22,Mnist_p95,95,94,0.5589,1.0000
2026-04-12 17:42:23,Mnist_p95,95,95,0.5698,1.0000
2026-04-12 17:42:23,Mnist_p106,106,53,0.3543,0.9754
2026-04-12 17:42:24,Mnist_p106,106,80,0.6413,1.0058
2026-04-12 17:42:24,Mnist_p106,106,93,0.7354,1.0023
2026-04-12 17:42:25,Mnist_p106,106,100,0.7562,1.0010
2026-04-12 17:42:26,Mnist_p106,106,103,0.7760,1.0000
2026-04-12 17:42:26,Mnist_p106,106,105,0.7597,1.0000
2026-04-12 17:42:27,Mnist_p106,106,106,0.7907,1.0000
2026-04-12 17:42:27,Mnist_p116,116,58,0.4454,0.9822
2026-04-12 17:42:28,Mnist_p116,116,87,0.7991,1.0055
2026-04-12 17:42:28,Mnist_p116,116,102,0.9523,1.0044
2026-04-12 17:42:29,Mnist_p126,126,63,0.5483,0.9881
2026-04-12 17:42:30,Mnist_p126,126,95,1.0366,1.0045
2026-04-12 17:42:30,Mnist_p136,136,68,0.6822,0.9880
2026-04-12 17:42:31,Mnist_p136,136,102,1.2733,1.0034
2026-04-12 17:42:32,Mnist_p136,136,85,0.9894,1.0009
2026-04-12 17:42:32,Mnist_p146,146,73,0.8032,0.9896
2026-04-12 17:42:33,Mnist_p146,146,110,1.4815,1.0033
2026-04-12 17:42:34,Mnist_p146,146,91,1.1502,0.9984
2026-04-12 17:42:35,Mnist_p146,146,82,0.9555,0.9961
2026-04-12 17:42:36,Mnist_p156,156,78,0.9733,0.9955
2026-04-12 17:42:37,Mnist_p166,166,83,1.1292,0.9920
2026-04-12 17:42:37,Mnist_p166,166,41,0.4124,0.9691
2026-04-12 17:42:38,Mnist_p166,166,62,0.6651,0.9805
2026-04-12 17:42:38,Mnist_p166,166,72,0.8663,0.9873
2026-04-12 17:42:39,Mnist_p166,166,77,0.9583,0.9908
2026-04-12 17:42:40,Mnist_p177,177,89,1.3361,0.9984
2026-04-12 17:42:41,Mnist_p177,177,44,0.4418,0.9726
2026-04-12 17:42:42,Mnist_p177,177,66,0.7748,0.9830
2026-04-12 17:42:42,Mnist_p177,177,77,1.0282,0.9865
2026-04-12 17:42:44,Mnist_p187,187,94,1.5339,0.9957
2026-04-12 17:42:44,Mnist_p187,187,47,0.4746,0.9679
2026-04-12 17:42:45,Mnist_p187,187,70,0.8829,0.9806
2026-04-12 17:42:46,Mnist_p187,187,82,1.1978,0.9891
2026-04-12 17:42:47,Mnist_p187,187,76,1.0430,0.9843
2026-04-12 17:42:48,Mnist_p197,197,99,1.7388,0.9964
2026-04-12 17:42:49,Mnist_p197,197,49,0.4891,0.9800
2026-04-12 17:42:50,Mnist_p197,197,74,1.0170,0.9863
2026-04-12 17:42:51,Mnist_p207,207,104,1.9995,0.9997
2026-04-12 17:42:52,Mnist_p207,207,52,0.5517,0.9748
2026-04-12 17:42:53,Mnist_p207,207,78,1.1757,0.9835
2026-04-12 17:42:54,Mnist_p207,207,65,0.8200,0.9797
2026-04-12 17:42:55,Mnist_p207,207,71,0.9683,0.9803
2026-04-12 17:42:56,Mnist_p217,217,109,2.2602,1.0000
2026-04-12 17:42:57,Mnist_p217,217,54,0.6007,0.9714
2026-04-12 17:42:58,Mnist_p217,217,81,1.2809,0.9860
2026-04-12 17:42:59,Mnist_p217,217,67,0.8780,0.9818
2026-04-12 17:43:00,Mnist_p217,217,74,1.0657,0.9839
2026-04-12 17:43:01,Mnist_p217,217,70,0.9614,0.9810
2026-04-12 17:43:03,Mnist_p227,227,114,2.5214,0.9973
2026-04-12 17:43:04,Mnist_p227,227,57,0.6523,0.9678
2026-04-12 17:43:05,Mnist_p227,227,85,1.4316,0.9877
2026-04-12 17:43:06,Mnist_p227,227,71,0.9961,0.9780
2026-04-12 17:43:08,Mnist_p237,237,119,2.7915,0.9993
2026-04-12 17:43:09,Mnist_p237,237,59,0.7020,0.9767
2026-04-12 17:43:11,Mnist_p237,237,89,1.5757,0.9881
2026-04-12 17:43:12,Mnist_p237,237,74,1.0932,0.9825
2026-04-12 17:43:13,Mnist_p237,237,66,0.8738,0.9825
2026-04-12 17:43:14,Mnist_p237,237,70,0.9760,0.9809
2026-04-12 17:43:16,Mnist_p248,248,124,3.3735,0.9978
2026-04-12 17:43:17,Mnist_p248,248,62,0.8418,0.9747
2026-04-12 17:43:19,Mnist_p248,248,93,1.9031,0.9890
2026-04-12 17:43:20,Mnist_p248,248,77,1.3025,0.9796
2026-04-12 17:43:21,Mnist_p248,248,69,1.0332,0.9819
2026-04-12 17:43:24,Mnist_p258,258,129,3.3767,0.9978
2026-04-12 17:43:25,Mnist_p258,258,64,0.8220,0.9758
2026-04-12 17:43:26,Mnist_p258,258,96,1.8600,0.9863
2026-04-12 17:43:28,Mnist_p258,258,80,1.3043,0.9804
2026-04-12 17:43:29,Mnist_p258,258,72,1.0529,0.9808
2026-04-12 17:43:30,Mnist_p258,258,68,0.9358,0.9797
2026-04-12 17:43:31,Mnist_p258,258,70,0.9861,0.9785
2026-04-12 17:43:34,Mnist_p268,268,134,3.8232,1.0017
2026-04-12 17:43:36,Mnist_p268,268,67,0.9262,0.9795
2026-04-12 17:43:37,Mnist_p268,268,100,2.1196,0.9945
2026-04-12 17:43:39,Mnist_p268,268,83,1.4445,0.9872
2026-04-12 17:43:40,Mnist_p268,268,75,1.1788,0.9857
2026-04-12 17:43:42,Mnist_p268,268,71,1.0498,0.9813
2026-04-12 17:43:45,Mnist_p278,278,139,4.0617,1.0022
2026-04-12 17:43:46,Mnist_p278,278,69,0.9733,0.9688
2026-04-12 17:43:50,Mnist_p288,288,144,4.7186,0.9994
2026-04-12 17:43:51,Mnist_p288,288,72,1.1230,0.9816
2026-04-12 17:43:52,Mnist_p288,288,36,0.4644,0.9786
2026-04-12 17:43:53,Mnist_p288,288,54,0.6555,0.9753
2026-04-12 17:43:54,Mnist_p288,288,63,0.8718,0.9839
2026-04-12 17:43:55,Mnist_p288,288,67,0.9892,0.9806
2026-04-12 17:43:59,Mnist_p298,298,149,4.7167,1.0002
2026-04-12 17:44:01,Mnist_p298,298,74,1.1143,0.9860
2026-04-12 17:44:02,Mnist_p298,298,37,0.4302,0.9835
2026-04-12 17:44:03,Mnist_p298,298,55,0.6232,0.9749
2026-04-12 17:44:04,Mnist_p298,298,64,0.8142,0.9816
2026-04-12 17:44:05,Mnist_p298,298,69,0.9527,0.9808
2026-04-12 17:44:10,Mnist_p308,308,154,5.1145,1.0032
2026-04-12 17:44:12,Mnist_p308,308,77,1.2158,0.9769
2026-04-12 17:44:12,Mnist_p308,308,38,0.4354,0.9852
2026-04-12 17:44:14,Mnist_p308,308,57,0.6691,0.9735
2026-04-12 17:44:15,Mnist_p308,308,67,0.9066,0.9768
2026-04-12 17:44:17,Mnist_p308,308,72,1.0568,0.9774
2026-04-12 17:44:18,Mnist_p308,308,69,0.9617,0.9740
2026-04-12 17:44:23,Mnist_p319,319,160,5.5210,1.0014
2026-04-12 17:44:25,Mnist_p319,319,80,1.2980,0.9758
2026-04-12 17:44:26,Mnist_p319,319,40,0.4430,0.9883
2026-04-12 17:44:27,Mnist_p319,319,60,0.7194,0.9794
2026-04-12 17:44:29,Mnist_p319,319,70,0.9845,0.9793
2026-04-12 17:44:30,Mnist_p25,25,13,0.0498,0.9824
2026-04-12 17:44:30,Mnist_p25,25,19,0.0449,0.9766
2026-04-12 17:44:30,Mnist_p25,25,22,0.0421,1.0025
2026-04-12 17:44:30,Mnist_p25,25,24,0.0399,1.0012
2026-04-12 17:44:30,Mnist_p25,25,25,0.0387,1.0000
2026-04-12 17:44:30,Mnist_p35,35,18,0.0721,0.9797
2026-04-12 17:44:31,Mnist_p35,35,27,0.0701,0.9957
2026-04-12 17:44:31,Mnist_p35,35,31,0.0697,1.0022
2026-04-12 17:44:31,Mnist_p35,35,33,0.0640,1.0033
2026-04-12 17:44:31,Mnist_p35,35,34,0.0624,1.0009
2026-04-12 17:44:31,Mnist_p35,35,35,0.0636,1.0000
2026-04-12 17:44:31,Mnist_p45,45,23,0.1004,0.9714
2026-04-12 17:44:32,Mnist_p45,45,34,0.1035,1.0113
2026-04-12 17:44:32,Mnist_p45,45,40,0.0977,1.0048
2026-04-12 17:44:32,Mnist_p45,45,43,0.0933,1.0019
2026-04-12 17:44:32,Mnist_p45,45,44,0.0881,1.0018
2026-04-12 17:44:33,Mnist_p45,45,45,0.0894,1.0000
2026-04-12 17:44:33,Mnist_p55,55,28,0.1309,0.9616
2026-04-12 17:44:33,Mnist_p55,55,42,0.1363,1.0064
2026-04-12 17:44:33,Mnist_p55,55,49,0.1323,1.0054
2026-04-12 17:44:34,Mnist_p55,55,52,0.1313,1.0018
2026-04-12 17:44:34,Mnist_p55,55,54,0.1318,1.0000
2026-04-12 17:44:34,Mnist_p55,55,55,0.1340,1.0000
2026-04-12 17:44:34,Mnist_p65,65,33,0.1685,0.9935
2026-04-12 17:44:35,Mnist_p65,65,49,0.1755,1.0057
2026-04-12 17:44:35,Mnist_p65,65,57,0.1966,1.0043
2026-04-12 17:44:35,Mnist_p65,65,61,0.1952,1.0014
2026-04-12 17:44:36,Mnist_p65,65,63,0.1985,1.0000
2026-04-12 17:44:36,Mnist_p65,65,64,0.2011,1.0000
2026-04-12 17:44:36,Mnist_p65,65,65,0.2069,1.0000
2026-04-12 17:44:37,Mnist_p75,75,38,0.2066,0.9855
2026-04-12 17:44:37,Mnist_p75,75,57,0.2502,1.0011
2026-04-12 17:44:37,Mnist_p75,75,66,0.2829,1.0047
2026-04-12 17:44:38,Mnist_p75,75,71,0.2945,1.0022
2026-04-12 17:44:38,Mnist_p75,75,73,0.2919,1.0003
2026-04-12 17:44:38,Mnist_p75,75,74,0.2942,1.0002
2026-04-12 17:44:39,Mnist_p75,75,75,0.3008,1.0000
2026-04-12 17:44:39,Mnist_p85,85,43,0.2412,0.9869
2026-04-12 17:44:39,Mnist_p85,85,64,0.3326,0.9986
2026-04-12 17:44:40,Mnist_p85,85,75,0.3858,1.0016
2026-04-12 17:44:40,Mnist_p85,85,80,0.4048,1.0001
2026-04-12 17:44:41,Mnist_p85,85,83,0.4044,1.0000
2026-04-12 17:44:41,Mnist_p85,85,84,0.4086,1.0000
2026-04-12 17:44:42,Mnist_p85,85,85,0.4080,1.0000
2026-04-12 17:44:42,Mnist_p95,95,48,0.2871,0.9940
2026-04-12 17:44:42,Mnist_p95,95,72,0.4714,1.0045
2026-04-12 17:44:43,Mnist_p95,95,84,0.5417,1.0020
2026-04-12 17:44:43,Mnist_p95,95,90,0.5587,1.0000
2026-04-12 17:44:44,Mnist_p95,95,93,0.5653,1.0000
2026-04-12 17:44:44,Mnist_p95,95,94,0.5577,1.0000
2026-04-12 17:44:45,Mnist_p95,95,95,0.5821,1.0000
2026-04-12 17:44:45,Mnist_p106,106,53,0.3536,0.9978
2026-04-12 17:44:46,Mnist_p106,106,80,0.6396,1.0015
2026-04-12 17:44:46,Mnist_p106,106,93,0.7345,1.0027
2026-04-12 17:44:47,Mnist_p106,106,100,0.7666,1.0009
2026-04-12 17:44:47,Mnist_p106,106,103,0.7739,1.0006
2026-04-12 17:44:48,Mnist_p106,106,105,0.7679,1.0000
2026-04-12 17:44:49,Mnist_p106,106,106,0.7878,1.0000
2026-04-12 17:44:49,Mnist_p116,116,58,0.4442,0.9882
2026-04-12 17:44:50,Mnist_p116,116,87,0.8362,1.0023
2026-04-12 17:44:50,Mnist_p116,116,102,0.9394,1.0028
2026-04-12 17:44:51,Mnist_p116,116,109,0.9843,1.0021
2026-04-12 17:44:51,Mnist_p126,126,63,0.5497,0.9956
2026-04-12 17:44:52,Mnist_p126,126,95,1.0063,1.0069
2026-04-12 17:44:53,Mnist_p136,136,68,0.6889,0.9836
2026-04-12 17:44:54,Mnist_p136,136,102,1.2611,1.0047
2026-04-12 17:44:54,Mnist_p136,136,85,0.9759,0.9979
2026-04-12 17:44:55,Mnist_p146,146,73,0.7829,0.9923
2026-04-12 17:44:56,Mnist_p146,146,110,1.4785,1.0052
2026-04-12 17:44:57,Mnist_p146,146,91,1.1346,1.0011
2026-04-12 17:44:57,Mnist_p146,146,82,0.9556,0.9976
2026-04-12 17:44:58,Mnist_p156,156,78,0.9659,1.0015
2026-04-12 17:44:59,Mnist_p166,166,83,1.1277,0.9936
2026-04-12 17:45:00,Mnist_p166,166,41,0.4405,0.9668
2026-04-12 17:45:00,Mnist_p166,166,62,0.6681,0.9828
2026-04-12 17:45:01,Mnist_p166,166,72,0.8644,0.9896
2026-04-12 17:45:02,Mnist_p166,166,77,0.9880,0.9892
2026-04-12 17:45:03,Mnist_p177,177,89,1.3130,0.9978
2026-04-12 17:45:03,Mnist_p177,177,44,0.4399,0.9692
2026-04-12 17:45:04,Mnist_p177,177,66,0.7496,0.9821
2026-04-12 17:45:05,Mnist_p177,177,77,1.0137,0.9880
2026-04-12 17:45:06,Mnist_p187,187,94,1.5309,1.0000
2026-04-12 17:45:07,Mnist_p187,187,47,0.4808,0.9748
2026-04-12 17:45:08,Mnist_p187,187,70,0.8869,0.9979
2026-04-12 17:45:09,Mnist_p187,187,82,1.2109,0.9981
2026-04-12 17:45:09,Mnist_p187,187,76,1.0280,0.9980
2026-04-12 17:45:11,Mnist_p197,197,99,1.7322,0.9957
2026-04-12 17:45:11,Mnist_p197,197,49,0.4883,0.9770
2026-04-12 17:45:12,Mnist_p197,197,74,1.0047,0.9830
2026-04-12 17:45:14,Mnist_p207,207,104,2.0132,0.9957
2026-04-12 17:45:15,Mnist_p207,207,52,0.5530,0.9695
2026-04-12 17:45:16,Mnist_p207,207,78,1.1620,0.9801
2026-04-12 17:45:16,Mnist_p207,207,65,0.7995,0.9734
2026-04-12 17:45:17,Mnist_p207,207,71,0.9734,0.9764
2026-04-12 17:45:19,Mnist_p217,217,109,2.2668,1.0038
2026-04-12 17:45:20,Mnist_p217,217,54,0.6018,0.9699
2026-04-12 17:45:21,Mnist_p217,217,81,1.2800,0.9882
2026-04-12 17:45:22,Mnist_p217,217,67,0.8902,0.9837
2026-04-12 17:45:23,Mnist_p217,217,74,1.0890,0.9879
2026-04-12 17:45:24,Mnist_p217,217,70,0.9615,0.9851
2026-04-12 17:45:26,Mnist_p227,227,114,2.5175,0.9977
2026-04-12 17:45:27,Mnist_p227,227,57,0.6595,0.9814
2026-04-12 17:45:28,Mnist_p227,227,85,1.4175,0.9896
2026-04-12 17:45:29,Mnist_p227,227,71,1.0028,0.9863
2026-04-12 17:45:31,Mnist_p237,237,119,2.7654,0.9983
2026-04-12 17:45:32,Mnist_p237,237,59,0.7004,0.9806
2026-04-12 17:45:33,Mnist_p237,237,89,1.5825,0.9902
2026-04-12 17:45:34,Mnist_p237,237,74,1.1122,0.9873
2026-04-12 17:45:35,Mnist_p237,237,66,0.8688,0.9839
2026-04-12 17:45:36,Mnist_p237,237,70,0.9902,0.9850
2026-04-12 17:45:39,Mnist_p248,248,124,3.3740,0.9961
2026-04-12 17:45:40,Mnist_p248,248,62,0.8399,0.9752
2026-04-12 17:45:41,Mnist_p248,248,93,1.9042,0.9838
2026-04-12 17:45:42,Mnist_p248,248,77,1.3065,0.9785
2026-04-12 17:45:44,Mnist_p248,248,69,1.0287,0.9751
2026-04-12 17:45:46,Mnist_p258,258,129,3.3663,0.9949
2026-04-12 17:45:47,Mnist_p258,258,64,0.8251,0.9850
2026-04-12 17:45:49,Mnist_p258,258,96,1.8566,0.9905
2026-04-12 17:45:50,Mnist_p258,258,80,1.2852,0.9849
2026-04-12 17:45:52,Mnist_p258,258,72,1.0462,0.9844
2026-04-12 17:45:55,Mnist_p268,268,134,3.8170,0.9985
2026-04-12 17:45:56,Mnist_p268,268,67,0.9264,0.9735
2026-04-12 17:45:58,Mnist_p268,268,100,2.1073,0.9878
2026-04-12 17:45:59,Mnist_p268,268,83,1.4419,0.9802
2026-04-12 17:46:00,Mnist_p268,268,75,1.1799,0.9794
2026-04-12 17:46:02,Mnist_p268,268,71,1.0540,0.9737
2026-04-12 17:46:03,Mnist_p268,268,69,0.9945,0.9769
2026-04-12 17:46:06,Mnist_p278,278,139,4.0527,0.9933
2026-04-12 17:46:07,Mnist_p278,278,69,0.9691,0.9736
2026-04-12 17:46:11,Mnist_p288,288,144,4.7365,1.0013
2026-04-12 17:46:12,Mnist_p288,288,72,1.1489,0.9817
2026-04-12 17:46:13,Mnist_p288,288,36,0.4608,0.9801
2026-04-12 17:46:14,Mnist_p288,288,54,0.6624,0.9739
2026-04-12 17:46:15,Mnist_p288,288,63,0.8762,0.9755
2026-04-12 17:46:17,Mnist_p288,288,67,0.9864,0.9727
2026-04-12 17:46:21,Mnist_p298,298,149,4.7394,0.9961
2026-04-12 17:46:22,Mnist_p298,298,74,1.1186,0.9752
2026-04-12 17:46:23,Mnist_p298,298,37,0.4253,0.9690
2026-04-12 17:46:24,Mnist_p298,298,55,0.6258,0.9770
2026-04-12 17:46:25,Mnist_p298,298,64,0.8294,0.9771
2026-04-12 17:46:27,Mnist_p298,298,69,0.9707,0.9731
2026-04-12 17:46:31,Mnist_p308,308,154,5.1353,1.0014
2026-04-12 17:46:33,Mnist_p308,308,77,1.2220,0.9803
2026-04-12 17:46:34,Mnist_p308,308,38,0.4361,0.9852
2026-04-12 17:46:35,Mnist_p308,308,57,0.6742,0.9787
2026-04-12 17:46:36,Mnist_p308,308,67,0.9116,0.9762
2026-04-12 17:46:38,Mnist_p308,308,72,1.0554,0.9781
2026-04-12 17:46:39,Mnist_p308,308,69,0.9636,0.9717
2026-04-12 17:46:44,Mnist_p319,319,160,5.4976,1.0005
2026-04-12 17:46:46,Mnist_p319,319,80,1.3001,0.9803
2026-04-12 17:46:47,Mnist_p319,319,40,0.4364,0.9739
2026-04-12 17:46:48,Mnist_p319,319,60,0.7165,0.9778
2026-04-12 17:46:50,Mnist_p319,319,70,0.9769,0.9757
2026-04-12 17:46:51,Mnist_p25,25,13,0.0494,0.9765
2026-04-12 17:46:51,Mnist_p25,25,19,0.0456,0.9980
2026-04-12 17:46:51,Mnist_p25,25,22,0.0424,1.0075
2026-04-12 17:46:52,Mnist_p25,25,24,0.0393,1.0000
2026-04-12 17:46:52,Mnist_p25,25,25,0.0398,1.0000
2026-04-12 17:46:52,Mnist_p35,35,18,0.0726,0.9700
2026-04-12 17:46:52,Mnist_p35,35,27,0.0698,1.0047
2026-04-12 17:46:52,Mnist_p35,35,31,0.0701,1.0009
2026-04-12 17:46:52,Mnist_p35,35,33,0.0629,1.0028
2026-04-12 17:46:52,Mnist_p35,35,34,0.0642,1.0018
2026-04-12 17:46:53,Mnist_p35,35,35,0.0624,1.0000
2026-04-12 17:46:53,Mnist_p45,45,23,0.1006,0.9803
2026-04-12 17:46:53,Mnist_p45,45,34,0.1016,0.9967
2026-04-12 17:46:53,Mnist_p45,45,40,0.0971,1.0050
2026-04-12 17:46:53,Mnist_p45,45,43,0.0916,1.0012
2026-04-12 17:46:54,Mnist_p45,45,44,0.0898,1.0009
2026-04-12 17:46:54,Mnist_p45,45,45,0.0907,1.0000
2026-04-12 17:46:54,Mnist_p55,55,28,0.1362,0.9865
2026-04-12 17:46:54,Mnist_p55,55,42,0.1380,1.0022
2026-04-12 17:46:55,Mnist_p55,55,49,0.1285,1.0029
2026-04-12 17:46:55,Mnist_p55,55,52,0.1324,1.0024
2026-04-12 17:46:55,Mnist_p55,55,54,0.1312,1.0015
2026-04-12 17:46:55,Mnist_p55,55,55,0.1344,1.0000
2026-04-12 17:46:56,Mnist_p65,65,33,0.1683,0.9809
2026-04-12 17:46:56,Mnist_p65,65,49,0.1767,1.0062
2026-04-12 17:46:56,Mnist_p65,65,57,0.1935,1.0057
2026-04-12 17:46:57,Mnist_p65,65,61,0.1944,1.0029
2026-04-12 17:46:57,Mnist_p65,65,63,0.2048,1.0012
2026-04-12 17:46:57,Mnist_p65,65,64,0.1998,1.0000
2026-04-12 17:46:58,Mnist_p65,65,65,0.2028,1.0000
2026-04-12 17:46:58,Mnist_p75,75,38,0.2076,0.9764
2026-04-12 17:46:58,Mnist_p75,75,57,0.2507,1.0018
2026-04-12 17:46:59,Mnist_p75,75,66,0.2802,1.0055
2026-04-12 17:46:59,Mnist_p75,75,71,0.2924,1.0022
2026-04-12 17:46:59,Mnist_p75,75,73,0.2980,1.0004
2026-04-12 17:47:00,Mnist_p75,75,74,0.2987,1.0000
2026-04-12 17:47:00,Mnist_p75,75,75,0.2984,1.0000
2026-04-12 17:47:00,Mnist_p85,85,43,0.2432,0.9967
2026-04-12 17:47:01,Mnist_p85,85,64,0.3389,0.9998
2026-04-12 17:47:01,Mnist_p85,85,75,0.3913,1.0022
2026-04-12 17:47:02,Mnist_p85,85,80,0.4033,1.0016
2026-04-12 17:47:02,Mnist_p85,85,83,0.4116,1.0005
2026-04-12 17:47:02,Mnist_p85,85,84,0.4111,1.0000
2026-04-12 17:47:03,Mnist_p85,85,85,0.4123,1.0000
2026-04-12 17:47:03,Mnist_p95,95,48,0.2889,0.9801
2026-04-12 17:47:04,Mnist_p95,95,72,0.4714,1.0017
2026-04-12 17:47:04,Mnist_p95,95,84,0.5316,1.0045
2026-04-12 17:47:05,Mnist_p95,95,90,0.5525,1.0017
2026-04-12 17:47:05,Mnist_p95,95,93,0.5688,1.0000
2026-04-12 17:47:06,Mnist_p95,95,94,0.5687,1.0000
2026-04-12 17:47:06,Mnist_p95,95,95,0.5704,1.0000
2026-04-12 17:47:06,Mnist_p106,106,53,0.3565,0.9835
2026-04-12 17:47:07,Mnist_p106,106,80,0.6375,1.0069
2026-04-12 17:47:08,Mnist_p106,106,93,0.7164,1.0033
2026-04-12 17:47:08,Mnist_p106,106,100,0.7614,1.0010
2026-04-12 17:47:09,Mnist_p106,106,103,0.7747,1.0004
2026-04-12 17:47:09,Mnist_p106,106,105,0.7722,1.0000
2026-04-12 17:47:10,Mnist_p106,106,106,0.7920,1.0000
2026-04-12 17:47:10,Mnist_p116,116,58,0.4472,0.9884
2026-04-12 17:47:11,Mnist_p116,116,87,0.8097,1.0030
2026-04-12 17:47:12,Mnist_p116,116,102,0.9387,1.0026
2026-04-12 17:47:12,Mnist_p116,116,109,0.9924,1.0012
2026-04-12 17:47:13,Mnist_p126,126,63,0.5517,0.9834
2026-04-12 17:47:13,Mnist_p126,126,95,1.0059,1.0020
2026-04-12 17:47:14,Mnist_p136,136,68,0.6923,0.9895
2026-04-12 17:47:15,Mnist_p136,136,102,1.2594,1.0042
2026-04-12 17:47:15,Mnist_p136,136,85,0.9899,1.0013
2026-04-12 17:47:16,Mnist_p146,146,73,0.7902,0.9967
2026-04-12 17:47:17,Mnist_p146,146,110,1.4943,1.0000
2026-04-12 17:47:18,Mnist_p146,146,91,1.1391,0.9990
2026-04-12 17:47:19,Mnist_p146,146,82,0.9726,1.0004
2026-04-12 17:47:19,Mnist_p156,156,78,0.9563,0.9891
2026-04-12 17:47:20,Mnist_p166,166,83,1.1439,0.9928
2026-04-12 17:47:21,Mnist_p166,166,41,0.4121,0.9696
2026-04-12 17:47:21,Mnist_p166,166,62,0.6737,0.9808
2026-04-12 17:47:22,Mnist_p166,166,72,0.8602,0.9920
2026-04-12 17:47:23,Mnist_p166,166,77,0.9811,0.9931
2026-04-12 17:47:24,Mnist_p177,177,89,1.3212,0.9955
2026-04-12 17:47:25,Mnist_p177,177,44,0.4419,0.9779
2026-04-12 17:47:25,Mnist_p177,177,66,0.7588,0.9836
2026-04-12 17:47:26,Mnist_p177,177,77,1.0262,0.9880
2026-04-12 17:47:27,Mnist_p187,187,94,1.5378,0.9935
2026-04-12 17:47:28,Mnist_p187,187,47,0.4690,0.9848
2026-04-12 17:47:29,Mnist_p187,187,70,0.8791,0.9887
2026-04-12 17:47:30,Mnist_p187,187,82,1.2253,0.9898
2026-04-12 17:47:31,Mnist_p187,187,76,1.0466,0.9911
2026-04-12 17:47:32,Mnist_p197,197,99,1.7214,1.0011
2026-04-12 17:47:33,Mnist_p197,197,49,0.4889,0.9791
2026-04-12 17:47:34,Mnist_p197,197,74,1.0244,0.9879
2026-04-12 17:47:35,Mnist_p207,207,104,2.0179,0.9968
2026-04-12 17:47:36,Mnist_p207,207,52,0.5507,0.9714
2026-04-12 17:47:37,Mnist_p207,207,78,1.1582,0.9852
2026-04-12 17:47:38,Mnist_p207,207,65,0.8156,0.9781
2026-04-12 17:47:39,Mnist_p207,207,71,0.9685,0.9832
2026-04-12 17:47:40,Mnist_p217,217,109,2.2599,0.9986
2026-04-12 17:47:41,Mnist_p217,217,54,0.6015,0.9811
2026-04-12 17:47:42,Mnist_p217,217,81,1.2768,0.9902
2026-04-12 17:47:43,Mnist_p217,217,67,0.8873,0.9861
2026-04-12 17:47:44,Mnist_p217,217,74,1.0704,0.9886
2026-04-12 17:47:45,Mnist_p217,217,70,0.9753,0.9874
2026-04-12 17:47:47,Mnist_p227,227,114,2.4992,0.9979
2026-04-12 17:47:48,Mnist_p227,227,57,0.6599,0.9785
2026-04-12 17:47:49,Mnist_p227,227,85,1.4444,0.9886
2026-04-12 17:47:50,Mnist_p227,227,71,1.0017,0.9860
2026-04-12 17:47:52,Mnist_p237,237,119,2.8113,0.9979
2026-04-12 17:47:53,Mnist_p237,237,59,0.7123,0.9765
2026-04-12 17:47:54,Mnist_p237,237,89,1.5856,0.9893
2026-04-12 17:47:56,Mnist_p237,237,74,1.0885,0.9831
2026-04-12 17:47:57,Mnist_p237,237,66,0.8662,0.9795
2026-04-12 17:47:58,Mnist_p237,237,70,0.9788,0.9762
2026-04-12 17:48:00,Mnist_p248,248,124,3.3643,0.9954
2026-04-12 17:48:01,Mnist_p248,248,62,0.8370,0.9718
2026-04-12 17:48:02,Mnist_p248,248,93,1.9140,0.9889
2026-04-12 17:48:04,Mnist_p248,248,77,1.3175,0.9825
2026-04-12 17:48:05,Mnist_p248,248,69,1.0525,0.9783
2026-04-12 17:48:06,Mnist_p248,248,65,0.9270,0.9782
2026-04-12 17:48:07,Mnist_p248,248,67,0.9860,0.9776
2026-04-12 17:48:09,Mnist_p258,258,129,3.3934,1.0034
2026-04-12 17:48:10,Mnist_p258,258,64,0.8018,0.9691
2026-04-12 17:48:12,Mnist_p258,258,96,1.8489,0.9872
2026-04-12 17:48:14,Mnist_p258,258,80,1.2959,0.9792
2026-04-12 17:48:15,Mnist_p258,258,72,1.0277,0.9746
2026-04-12 17:48:18,Mnist_p268,268,134,3.8039,0.9978
2026-04-12 17:48:19,Mnist_p268,268,67,0.9211,0.9791
2026-04-12 17:48:21,Mnist_p268,268,100,2.1010,0.9901
2026-04-12 17:48:22,Mnist_p268,268,83,1.4346,0.9841
2026-04-12 17:48:24,Mnist_p268,268,75,1.1768,0.9801
2026-04-12 17:48:25,Mnist_p268,268,71,1.0538,0.9800
2026-04-12 17:48:26,Mnist_p268,268,69,0.9962,0.9792
2026-04-12 17:48:29,Mnist_p278,278,139,4.0586,1.0036
2026-04-12 17:48:31,Mnist_p278,278,69,0.9730,0.9883
2026-04-12 17:48:34,Mnist_p288,288,144,4.6994,0.9972
2026-04-12 17:48:36,Mnist_p288,288,72,1.1340,0.9831
2026-04-12 17:48:36,Mnist_p288,288,36,0.4573,0.9775
2026-04-12 17:48:37,Mnist_p288,288,54,0.6629,0.9771
2026-04-12 17:48:38,Mnist_p288,288,63,0.8781,0.9807
2026-04-12 17:48:40,Mnist_p288,288,67,0.9869,0.9788
2026-04-12 17:48:44,Mnist_p298,298,149,4.7024,1.0011
2026-04-12 17:48:45,Mnist_p298,298,74,1.1228,0.9838
2026-04-12 17:48:46,Mnist_p298,298,37,0.4243,0.9677
2026-04-12 17:48:47,Mnist_p298,298,55,0.6267,0.9711
2026-04-12 17:48:49,Mnist_p298,298,64,0.8196,0.9789
2026-04-12 17:48:50,Mnist_p298,298,69,0.9689,0.9817
2026-04-12 17:48:54,Mnist_p308,308,154,5.1273,1.0042
2026-04-12 17:48:56,Mnist_p308,308,77,1.2229,0.9735
2026-04-12 17:48:57,Mnist_p308,308,38,0.4288,0.9707
2026-04-12 17:48:58,Mnist_p308,308,57,0.6660,0.9671
2026-04-12 17:49:00,Mnist_p308,308,67,0.9141,0.9685
2026-04-12 17:49:01,Mnist_p308,308,72,1.0512,0.9701
2026-04-12 17:49:03,Mnist_p308,308,69,0.9637,0.9735
2026-04-12 17:49:08,Mnist_p319,319,160,5.5387,1.0025
2026-04-12 17:49:09,Mnist_p319,319,80,1.3051,0.9849
2026-04-12 17:49:10,Mnist_p319,319,40,0.4408,0.9844
2026-04-12 17:49:12,Mnist_p319,319,60,0.7188,0.9704
2026-04-12 17:49:13,Mnist_p319,319,70,0.9826,0.9756
2026-04-12 17:49:13,Madelon_p25,25,13,0.0504,0.9983
2026-04-12 17:49:13,Madelon_p25,25,19,0.0457,0.9999
2026-04-12 17:49:14,Madelon_p25,25,22,0.0431,1.0002
2026-04-12 17:49:14,Madelon_p25,25,24,0.0407,1.0000
2026-04-12 17:49:14,Madelon_p25,25,25,0.0391,1.0000
2026-04-12 17:49:14,Madelon_p32,32,16,0.0660,0.9977
2026-04-12 17:49:14,Madelon_p32,32,24,0.0638,0.9984
2026-04-12 17:49:14,Madelon_p32,32,28,0.0598,0.9988
2026-04-12 17:49:14,Madelon_p32,32,30,0.0580,0.9992
2026-04-12 17:49:14,Madelon_p32,32,31,0.0577,1.0000
2026-04-12 17:49:15,Madelon_p32,32,32,0.0561,1.0000
2026-04-12 17:49:15,Madelon_p40,40,20,0.0875,0.9983
2026-04-12 17:49:15,Madelon_p40,40,30,0.0892,0.9995
2026-04-12 17:49:15,Madelon_p40,40,35,0.0825,0.9999
2026-04-12 17:49:15,Madelon_p40,40,38,0.0790,1.0000
2026-04-12 17:49:15,Madelon_p40,40,39,0.0780,1.0000
2026-04-12 17:49:16,Madelon_p40,40,40,0.0759,1.0000
2026-04-12 17:49:16,Madelon_p48,48,24,0.1123,0.9974
2026-04-12 17:49:16,Madelon_p48,48,36,0.1128,0.9996
2026-04-12 17:49:16,Madelon_p48,48,42,0.1076,1.0000
2026-04-12 17:49:16,Madelon_p48,48,45,0.1066,1.0002
2026-04-12 17:49:17,Madelon_p48,48,47,0.1018,1.0000
2026-04-12 17:49:17,Madelon_p48,48,48,0.1002,1.0000
2026-04-12 17:49:17,Madelon_p56,56,28,0.1346,0.9978
2026-04-12 17:49:17,Madelon_p56,56,42,0.1425,0.9993
2026-04-12 17:49:18,Madelon_p56,56,49,0.1364,0.9996
2026-04-12 17:49:18,Madelon_p56,56,53,0.1384,1.0000
2026-04-12 17:49:18,Madelon_p56,56,55,0.1434,1.0000
2026-04-12 17:49:19,Madelon_p56,56,56,0.1391,1.0000
2026-04-12 17:49:19,Madelon_p63,63,32,0.1648,0.9979
2026-04-12 17:49:19,Madelon_p63,63,48,0.1705,1.0000
2026-04-12 17:49:19,Madelon_p63,63,56,0.1787,1.0001
2026-04-12 17:49:20,Madelon_p63,63,60,0.1912,1.0000
2026-04-12 17:49:20,Madelon_p63,63,62,0.1874,1.0000
2026-04-12 17:49:20,Madelon_p63,63,63,0.1883,1.0000
2026-04-12 17:49:21,Madelon_p71,71,36,0.2011,0.9979
2026-04-12 17:49:21,Madelon_p71,71,54,0.2141,0.9987
2026-04-12 17:49:21,Madelon_p71,71,63,0.2421,0.9997
2026-04-12 17:49:22,Madelon_p71,71,67,0.2540,0.9995
2026-04-12 17:49:22,Madelon_p71,71,69,0.2539,1.0000
2026-04-12 17:49:22,Madelon_p71,71,70,0.2552,1.0000
2026-04-12 17:49:23,Madelon_p71,71,71,0.2613,1.0000
2026-04-12 17:49:23,Madelon_p79,79,40,0.2216,0.9960
2026-04-12 17:49:23,Madelon_p79,79,60,0.2857,0.9992
2026-04-12 17:49:24,Madelon_p79,79,70,0.3254,0.9995
2026-04-12 17:49:24,Madelon_p79,79,75,0.3409,0.9995
2026-04-12 17:49:24,Madelon_p79,79,77,0.3415,1.0010
2026-04-12 17:49:25,Madelon_p79,79,78,0.3418,1.0000
2026-04-12 17:49:25,Madelon_p79,79,79,0.3426,1.0000
2026-04-12 17:49:26,Madelon_p87,87,44,0.2532,0.9973
2026-04-12 17:49:26,Madelon_p87,87,66,0.3664,0.9995
2026-04-12 17:49:26,Madelon_p87,87,77,0.4137,0.9997
2026-04-12 17:49:27,Madelon_p87,87,82,0.4292,0.9996
2026-04-12 17:49:27,Madelon_p87,87,85,0.4419,0.9998
2026-04-12 17:49:28,Madelon_p87,87,86,0.4411,1.0013
2026-04-12 17:49:28,Madelon_p87,87,87,0.4338,1.0000
2026-04-12 17:49:28,Madelon_p94,94,47,0.2826,0.9974
2026-04-12 17:49:29,Madelon_p94,94,71,0.4444,0.9989
2026-04-12 17:49:29,Madelon_p94,94,83,0.5293,1.0000
2026-04-12 17:49:30,Madelon_p94,94,89,0.5432,0.9999
2026-04-12 17:49:30,Madelon_p94,94,92,0.5511,1.0001
2026-04-12 17:49:31,Madelon_p94,94,93,0.5492,1.0000
2026-04-12 17:49:31,Madelon_p94,94,94,0.5611,1.0000
2026-04-12 17:49:32,Madelon_p102,102,51,0.3276,0.9947
2026-04-12 17:49:32,Madelon_p102,102,77,0.5570,0.9976
2026-04-12 17:49:33,Madelon_p102,102,90,0.6640,0.9985
2026-04-12 17:49:33,Madelon_p102,102,96,0.6871,0.9987
2026-04-12 17:49:34,Madelon_p102,102,99,0.6954,0.9989
2026-04-12 17:49:34,Madelon_p102,102,101,0.7032,1.0004
2026-04-12 17:49:35,Madelon_p102,102,102,0.6969,1.0000
2026-04-12 17:49:35,Madelon_p110,110,55,0.3980,0.9950
2026-04-12 17:49:36,Madelon_p110,110,83,0.7090,0.9985
2026-04-12 17:49:36,Madelon_p110,110,97,0.8329,0.9995
2026-04-12 17:49:37,Madelon_p110,110,104,0.8513,0.9996
2026-04-12 17:49:38,Madelon_p110,110,107,0.8614,0.9994
2026-04-12 17:49:38,Madelon_p110,110,109,0.8680,1.0000
2026-04-12 17:49:39,Madelon_p110,110,110,0.8839,1.0000
2026-04-12 17:49:39,Madelon_p118,118,59,0.4652,0.9969
2026-04-12 17:49:40,Madelon_p118,118,89,0.8439,0.9999
2026-04-12 17:49:41,Madelon_p118,118,104,0.9895,1.0002
2026-04-12 17:49:41,Madelon_p125,125,63,0.5414,0.9997
2026-04-12 17:49:42,Madelon_p125,125,94,1.0042,1.0012
2026-04-12 17:49:42,Madelon_p133,133,67,0.6231,0.9955
2026-04-12 17:49:43,Madelon_p133,133,100,1.1784,0.9984
2026-04-12 17:49:44,Madelon_p133,133,83,0.9003,0.9972
2026-04-12 17:49:45,Madelon_p133,133,91,1.0330,0.9976
2026-04-12 17:49:45,Madelon_p141,141,71,0.7445,0.9970
2026-04-12 17:49:46,Madelon_p141,141,106,1.3435,0.9995
2026-04-12 17:49:47,Madelon_p141,141,88,1.0453,0.9982
2026-04-12 17:49:48,Madelon_p149,149,75,0.8416,0.9965
2026-04-12 17:49:48,Madelon_p149,149,112,1.5910,0.9990
2026-04-12 17:49:49,Madelon_p149,149,93,1.2223,0.9978
2026-04-12 17:49:50,Madelon_p149,149,84,1.0342,0.9967
2026-04-12 17:49:51,Madelon_p156,156,78,0.9645,0.9972
2026-04-12 17:49:52,Madelon_p164,164,82,1.1019,0.9970
2026-04-12 17:49:52,Madelon_p164,164,41,0.4114,0.9946
2026-04-12 17:49:53,Madelon_p164,164,61,0.6420,0.9960
2026-04-12 17:49:54,Madelon_p164,164,71,0.8517,0.9959
2026-04-12 17:49:54,Madelon_p164,164,76,0.9562,0.9956
2026-04-12 17:49:55,Madelon_p172,172,86,1.2402,0.9963
2026-04-12 17:49:56,Madelon_p172,172,43,0.4317,0.9962
2026-04-12 17:49:56,Madelon_p172,172,64,0.7197,0.9951
2026-04-12 17:49:57,Madelon_p172,172,75,0.9592,0.9949
2026-04-12 17:49:58,Madelon_p180,180,90,1.3878,0.9965
2026-04-12 17:49:59,Madelon_p180,180,45,0.4644,0.9952
2026-04-12 17:50:00,Madelon_p180,180,67,0.7981,0.9958
2026-04-12 17:50:01,Madelon_p180,180,78,1.0878,0.9959
2026-04-12 17:50:01,Madelon_p180,180,72,0.9252,0.9963
2026-04-12 17:50:02,Madelon_p180,180,75,0.9985,0.9961
2026-04-12 17:50:03,Madelon_p187,187,94,1.5430,0.9963
2026-04-12 17:50:04,Madelon_p187,187,47,0.4802,0.9959
2026-04-12 17:50:05,Madelon_p187,187,70,0.8972,0.9943
2026-04-12 17:50:06,Madelon_p187,187,82,1.2093,0.9953
2026-04-12 17:50:07,Madelon_p187,187,76,1.0466,0.9954
2026-04-12 17:50:08,Madelon_p195,195,98,1.7158,0.9955
2026-04-12 17:50:09,Madelon_p195,195,49,0.4845,0.9959
2026-04-12 17:50:10,Madelon_p195,195,73,0.9834,0.9952
2026-04-12 17:50:11,Madelon_p203,203,102,1.8924,0.9962
2026-04-12 17:50:12,Madelon_p203,203,51,0.5183,0.9964
2026-04-12 17:50:13,Madelon_p203,203,76,1.0794,0.9964
2026-04-12 17:50:13,Madelon_p203,203,63,0.7516,0.9960
2026-04-12 17:50:14,Madelon_p203,203,69,0.9032,0.9966
2026-04-12 17:50:15,Madelon_p203,203,72,0.9764,0.9959
2026-04-12 17:50:17,Madelon_p211,211,106,2.1064,0.9967
2026-04-12 17:50:18,Madelon_p211,211,53,0.5658,0.9968
2026-04-12 17:50:19,Madelon_p211,211,79,1.2148,0.9960
2026-04-12 17:50:20,Madelon_p211,211,66,0.8565,0.9958
2026-04-12 17:50:20,Madelon_p211,211,72,1.0143,0.9959
2026-04-12 17:50:22,Madelon_p218,218,109,2.2972,0.9961
2026-04-12 17:50:23,Madelon_p218,218,54,0.6062,0.9947
2026-04-12 17:50:24,Madelon_p218,218,81,1.2856,0.9946
2026-04-12 17:50:25,Madelon_p218,218,67,0.8880,0.9955
2026-04-12 17:50:26,Madelon_p218,218,74,1.0949,0.9948
2026-04-12 17:50:27,Madelon_p218,218,70,0.9712,0.9942
2026-04-12 17:50:29,Madelon_p226,226,113,2.4745,0.9953
2026-04-12 17:50:30,Madelon_p226,226,56,0.6384,0.9952
2026-04-12 17:50:31,Madelon_p226,226,84,1.3952,0.9935
2026-04-12 17:50:32,Madelon_p226,226,70,0.9821,0.9938
2026-04-12 17:50:34,Madelon_p234,234,117,2.7016,0.9949
2026-04-12 17:50:35,Madelon_p234,234,58,0.6953,0.9944
2026-04-12 17:50:36,Madelon_p234,234,87,1.5375,0.9942
2026-04-12 17:50:37,Madelon_p234,234,72,1.0406,0.9940
2026-04-12 17:50:39,Madelon_p242,242,121,2.9475,0.9965
2026-04-12 17:50:40,Madelon_p242,242,60,0.7391,0.9949
2026-04-12 17:50:42,Madelon_p242,242,90,1.6461,0.9951
2026-04-12 17:50:43,Madelon_p242,242,75,1.1423,0.9951
2026-04-12 17:50:44,Madelon_p242,242,67,0.8987,0.9951
2026-04-12 17:50:45,Madelon_p242,242,71,1.0161,0.9950
2026-04-12 17:50:48,Madelon_p250,250,125,3.1838,0.9962
2026-04-12 17:50:49,Madelon_p250,250,62,0.8001,0.9969
2026-04-12 17:50:50,Madelon_p250,250,93,1.7758,0.9954
2026-04-12 17:50:51,Madelon_p250,250,77,1.2115,0.9954
2026-04-12 17:50:52,Madelon_p250,250,69,0.9733,0.9963
2026-04-12 17:50:53,Madelon_p25,25,13,0.0495,0.9942
2026-04-12 17:50:53,Madelon_p25,25,19,0.0449,0.9964
2026-04-12 17:50:53,Madelon_p25,25,22,0.0414,0.9972
2026-04-12 17:50:53,Madelon_p25,25,24,0.0391,1.0003
2026-04-12 17:50:53,Madelon_p25,25,25,0.0386,1.0000
2026-04-12 17:50:53,Madelon_p32,32,16,0.0663,0.9884
2026-04-12 17:50:53,Madelon_p32,32,24,0.0627,0.9929
2026-04-12 17:50:53,Madelon_p32,32,28,0.0593,0.9942
2026-04-12 17:50:54,Madelon_p32,32,30,0.0574,0.9945
2026-04-12 17:50:54,Madelon_p32,32,31,0.0563,1.0001
2026-04-12 17:50:54,Madelon_p32,32,32,0.0555,1.0000
2026-04-12 17:50:54,Madelon_p40,40,20,0.0863,0.9840
2026-04-12 17:50:54,Madelon_p40,40,30,0.0864,0.9993
2026-04-12 17:50:54,Madelon_p40,40,35,0.0819,0.9994
2026-04-12 17:50:55,Madelon_p40,40,38,0.0773,0.9997
2026-04-12 17:50:55,Madelon_p40,40,39,0.0779,1.0008
2026-04-12 17:50:55,Madelon_p40,40,40,0.0772,1.0000
2026-04-12 17:50:55,Madelon_p48,48,24,0.1120,0.9977
2026-04-12 17:50:55,Madelon_p48,48,36,0.1123,0.9996
2026-04-12 17:50:56,Madelon_p48,48,42,0.1090,1.0000
2026-04-12 17:50:56,Madelon_p48,48,45,0.1040,1.0001
2026-04-12 17:50:56,Madelon_p48,48,47,0.0995,0.9999
2026-04-12 17:50:56,Madelon_p48,48,48,0.1017,1.0000
2026-04-12 17:50:56,Madelon_p56,56,28,0.1394,0.9978
2026-04-12 17:50:57,Madelon_p56,56,42,0.1416,0.9994
2026-04-12 17:50:57,Madelon_p56,56,49,0.1347,1.0000
2026-04-12 17:50:57,Madelon_p56,56,53,0.1403,1.0001
2026-04-12 17:50:58,Madelon_p56,56,55,0.1401,1.0010
2026-04-12 17:50:58,Madelon_p56,56,56,0.1403,1.0000
2026-04-12 17:50:58,Madelon_p63,63,32,0.1644,0.9983
2026-04-12 17:50:58,Madelon_p63,63,48,0.1661,0.9997
2026-04-12 17:50:59,Madelon_p63,63,56,0.1863,1.0001
2026-04-12 17:50:59,Madelon_p63,63,60,0.1861,1.0002
2026-04-12 17:50:59,Madelon_p63,63,62,0.1857,1.0000
2026-04-12 17:51:00,Madelon_p63,63,63,0.1886,1.0000
2026-04-12 17:51:00,Madelon_p71,71,36,0.1918,0.9973
2026-04-12 17:51:00,Madelon_p71,71,54,0.2161,0.9989
2026-04-12 17:51:01,Madelon_p71,71,63,0.2444,0.9997
2026-04-12 17:51:01,Madelon_p71,71,67,0.2529,1.0001
2026-04-12 17:51:01,Madelon_p71,71,69,0.2499,1.0000
2026-04-12 17:51:02,Madelon_p71,71,70,0.3062,1.0000
2026-04-12 17:51:02,Madelon_p71,71,71,0.2588,1.0000
2026-04-12 17:51:02,Madelon_p79,79,40,0.2224,0.9969
2026-04-12 17:51:03,Madelon_p79,79,60,0.2843,0.9987
2026-04-12 17:51:03,Madelon_p79,79,70,0.3264,0.9996
2026-04-12 17:51:03,Madelon_p79,79,75,0.3403,0.9998
2026-04-12 17:51:04,Madelon_p79,79,77,0.3436,0.9999
2026-04-12 17:51:04,Madelon_p79,79,78,0.3367,0.9999
2026-04-12 17:51:05,Madelon_p79,79,79,0.3520,1.0000
2026-04-12 17:51:05,Madelon_p87,87,44,0.2516,0.9961
2026-04-12 17:51:05,Madelon_p87,87,66,0.3639,0.9988
2026-04-12 17:51:06,Madelon_p87,87,77,0.4161,0.9990
2026-04-12 17:51:06,Madelon_p87,87,82,0.4326,0.9993
2026-04-12 17:51:07,Madelon_p87,87,85,0.4306,1.0000
2026-04-12 17:51:07,Madelon_p87,87,86,0.4304,1.0000
2026-04-12 17:51:07,Madelon_p87,87,87,0.4512,1.0000
2026-04-12 17:51:08,Madelon_p94,94,47,0.2786,0.9962
2026-04-12 17:51:08,Madelon_p94,94,71,0.4554,0.9993
2026-04-12 17:51:09,Madelon_p94,94,83,0.5236,1.0001
2026-04-12 17:51:09,Madelon_p94,94,89,0.5339,1.0002
2026-04-12 17:51:10,Madelon_p94,94,92,0.5478,1.0001
2026-04-12 17:51:10,Madelon_p94,94,93,0.5567,1.0001
2026-04-12 17:51:11,Madelon_p94,94,94,0.5528,1.0000
2026-04-12 17:51:11,Madelon_p102,102,51,0.3304,0.9984
2026-04-12 17:51:12,Madelon_p102,102,77,0.5629,1.0002
2026-04-12 17:51:12,Madelon_p102,102,90,0.6649,1.0007
2026-04-12 17:51:13,Madelon_p102,102,96,0.6935,0.9991
2026-04-12 17:51:13,Madelon_p102,102,99,0.6864,0.9994
2026-04-12 17:51:14,Madelon_p102,102,101,0.6963,1.0001
2026-04-12 17:51:14,Madelon_p102,102,102,0.6940,1.0000
2026-04-12 17:51:15,Madelon_p110,110,55,0.3950,0.9974
2026-04-12 17:51:15,Madelon_p110,110,83,0.7082,0.9994
2026-04-12 17:51:16,Madelon_p110,110,97,0.8206,1.0000
2026-04-12 17:51:16,Madelon_p110,110,104,0.8388,0.9998
2026-04-12 17:51:17,Madelon_p110,110,107,0.8622,1.0000
2026-04-12 17:51:17,Madelon_p110,110,109,0.8609,1.0000
2026-04-12 17:51:18,Madelon_p110,110,110,0.8786,1.0000
2026-04-12 17:51:19,Madelon_p118,118,59,0.4561,0.9964
2026-04-12 17:51:19,Madelon_p118,118,89,0.8368,0.9993
2026-04-12 17:51:20,Madelon_p118,118,104,0.9958,1.0002
2026-04-12 17:51:20,Madelon_p125,125,63,0.5397,0.9974
2026-04-12 17:51:21,Madelon_p125,125,94,0.9904,0.9995
2026-04-12 17:51:22,Madelon_p133,133,67,0.6290,0.9944
2026-04-12 17:51:22,Madelon_p133,133,100,1.1756,0.9972
2026-04-12 17:51:23,Madelon_p133,133,83,0.8831,0.9960
2026-04-12 17:51:24,Madelon_p133,133,91,1.0462,0.9964
2026-04-12 17:51:24,Madelon_p141,141,71,0.7371,0.9967
2026-04-12 17:51:25,Madelon_p141,141,106,1.3428,0.9992
2026-04-12 17:51:26,Madelon_p141,141,88,1.0321,0.9977
2026-04-12 17:51:27,Madelon_p149,149,75,0.8497,0.9960
2026-04-12 17:51:28,Madelon_p149,149,112,1.5696,0.9986
2026-04-12 17:51:29,Madelon_p149,149,93,1.2244,0.9977
2026-04-12 17:51:29,Madelon_p149,149,84,1.0114,0.9968
2026-04-12 17:51:30,Madelon_p156,156,78,0.9747,0.9979
2026-04-12 17:51:31,Madelon_p164,164,82,1.0987,0.9955
2026-04-12 17:51:32,Madelon_p164,164,41,0.4137,0.9946
2026-04-12 17:51:32,Madelon_p164,164,61,0.6377,0.9941
2026-04-12 17:51:33,Madelon_p164,164,71,0.8055,0.9948
2026-04-12 17:51:34,Madelon_p164,164,76,0.9728,0.9946
2026-04-12 17:51:35,Madelon_p172,172,86,1.2410,0.9971
2026-04-12 17:51:35,Madelon_p172,172,43,0.4419,0.9965
2026-04-12 17:51:36,Madelon_p172,172,64,0.7161,0.9953
2026-04-12 17:51:37,Madelon_p172,172,75,0.9735,0.9956
2026-04-12 17:51:38,Madelon_p180,180,90,1.4028,0.9954
2026-04-12 17:51:38,Madelon_p180,180,45,0.4534,0.9934
2026-04-12 17:51:39,Madelon_p180,180,67,0.8010,0.9941
2026-04-12 17:51:40,Madelon_p180,180,78,1.0795,0.9945
2026-04-12 17:51:41,Madelon_p180,180,72,0.9320,0.9948
2026-04-12 17:51:42,Madelon_p180,180,75,0.9930,0.9945
2026-04-12 17:51:43,Madelon_p187,187,94,1.5502,0.9960
2026-04-12 17:51:43,Madelon_p187,187,47,0.4758,0.9962
2026-04-12 17:51:44,Madelon_p187,187,70,0.8958,0.9955
2026-04-12 17:51:45,Madelon_p187,187,82,1.2121,0.9957
2026-04-12 17:51:46,Madelon_p187,187,76,1.0574,0.9959
2026-04-12 17:51:47,Madelon_p187,187,73,0.9633,0.9948
2026-04-12 17:51:48,Madelon_p195,195,98,1.7122,0.9986
2026-04-12 17:51:49,Madelon_p195,195,49,0.4956,1.0003
2026-04-12 17:51:50,Madelon_p195,195,73,0.9662,0.9989
2026-04-12 17:51:51,Madelon_p203,203,102,1.8715,0.9972
2026-04-12 17:51:52,Madelon_p203,203,51,0.5272,0.9974
2026-04-12 17:51:53,Madelon_p203,203,76,1.0840,0.9965
2026-04-12 17:51:54,Madelon_p203,203,63,0.7612,0.9966
2026-04-12 17:51:55,Madelon_p203,203,69,0.9006,0.9963
2026-04-12 17:51:56,Madelon_p203,203,72,0.9894,0.9964
2026-04-12 17:51:57,Madelon_p211,211,106,2.0959,0.9959
2026-04-12 17:51:58,Madelon_p211,211,53,0.5620,0.9954
2026-04-12 17:51:59,Madelon_p211,211,79,1.2250,0.9949
2026-04-12 17:52:00,Madelon_p211,211,66,0.8460,0.9948
2026-04-12 17:52:01,Madelon_p211,211,72,1.0014,0.9950
2026-04-12 17:52:02,Madelon_p218,218,109,2.2941,0.9964
2026-04-12 17:52:03,Madelon_p218,218,54,0.5983,0.9933
2026-04-12 17:52:04,Madelon_p218,218,81,1.3139,0.9951
2026-04-12 17:52:05,Madelon_p218,218,67,0.9004,0.9933
2026-04-12 17:52:06,Madelon_p218,218,74,1.0969,0.9927
2026-04-12 17:52:07,Madelon_p218,218,70,0.9678,0.9944
2026-04-12 17:52:09,Madelon_p226,226,113,2.4499,0.9951
2026-04-12 17:52:10,Madelon_p226,226,56,0.6410,0.9955
2026-04-12 17:52:11,Madelon_p226,226,84,1.3959,0.9949
2026-04-12 17:52:12,Madelon_p226,226,70,0.9719,0.9944
2026-04-12 17:52:14,Madelon_p234,234,117,2.6911,0.9965
2026-04-12 17:52:15,Madelon_p234,234,58,0.6957,0.9979
2026-04-12 17:52:16,Madelon_p234,234,87,1.5133,0.9957
2026-04-12 17:52:18,Madelon_p234,234,72,1.0199,0.9962
2026-04-12 17:52:20,Madelon_p242,242,121,2.9017,0.9957
2026-04-12 17:52:21,Madelon_p242,242,60,0.7327,0.9942
2026-04-12 17:52:22,Madelon_p242,242,90,1.6451,0.9946
2026-04-12 17:52:23,Madelon_p242,242,75,1.1595,0.9945
2026-04-12 17:52:24,Madelon_p242,242,67,0.9132,0.9942
2026-04-12 17:52:25,Madelon_p242,242,71,1.0123,0.9943
2026-04-12 17:52:28,Madelon_p250,250,125,3.1985,0.9955
2026-04-12 17:52:29,Madelon_p250,250,62,0.7831,0.9949
2026-04-12 17:52:30,Madelon_p250,250,93,1.7690,0.9954
2026-04-12 17:52:32,Madelon_p250,250,77,1.2158,0.9952
2026-04-12 17:52:33,Madelon_p250,250,69,0.9733,0.9934
2026-04-12 17:52:33,Madelon_p25,25,13,0.0500,0.9985
2026-04-12 17:52:33,Madelon_p25,25,19,0.0458,1.0000
2026-04-12 17:52:33,Madelon_p25,25,22,0.0423,1.0002
2026-04-12 17:52:33,Madelon_p25,25,24,0.0402,1.0000
2026-04-12 17:52:33,Madelon_p25,25,25,0.0391,1.0000
2026-04-12 17:52:33,Madelon_p32,32,16,0.0665,0.9992
2026-04-12 17:52:34,Madelon_p32,32,24,0.0636,0.9816
2026-04-12 17:52:34,Madelon_p32,32,28,0.0589,0.9842
2026-04-12 17:52:34,Madelon_p32,32,30,0.0590,0.9854
2026-04-12 17:52:34,Madelon_p32,32,31,0.0558,1.0001
2026-04-12 17:52:34,Madelon_p32,32,32,0.0553,1.0000
2026-04-12 17:52:34,Madelon_p40,40,20,0.0868,0.9980
2026-04-12 17:52:34,Madelon_p40,40,30,0.0862,0.9996
2026-04-12 17:52:35,Madelon_p40,40,35,0.0820,0.9999
2026-04-12 17:52:35,Madelon_p40,40,38,0.0789,1.0000
2026-04-12 17:52:35,Madelon_p40,40,39,0.0771,1.0001
2026-04-12 17:52:35,Madelon_p40,40,40,0.0765,1.0000
2026-04-12 17:52:35,Madelon_p48,48,24,0.1110,0.9979
2026-04-12 17:52:36,Madelon_p48,48,36,0.1118,0.9948
2026-04-12 17:52:36,Madelon_p48,48,42,0.1090,1.0009
2026-04-12 17:52:36,Madelon_p48,48,45,0.1043,1.0010
2026-04-12 17:52:36,Madelon_p48,48,47,0.1016,1.0011
2026-04-12 17:52:37,Madelon_p48,48,48,0.0986,1.0000
2026-04-12 17:52:37,Madelon_p56,56,28,0.1431,0.9975
2026-04-12 17:52:37,Madelon_p56,56,42,0.1425,0.9996
2026-04-12 17:52:37,Madelon_p56,56,49,0.1365,1.0000
2026-04-12 17:52:38,Madelon_p56,56,53,0.1372,0.9999
2026-04-12 17:52:38,Madelon_p56,56,55,0.1399,1.0000
2026-04-12 17:52:38,Madelon_p56,56,56,0.1414,1.0000
2026-04-12 17:52:38,Madelon_p63,63,32,0.1661,0.9976
2026-04-12 17:52:39,Madelon_p63,63,48,0.1680,0.9992
2026-04-12 17:52:39,Madelon_p63,63,56,0.1803,0.9997
2026-04-12 17:52:39,Madelon_p63,63,60,0.1908,0.9999
2026-04-12 17:52:40,Madelon_p63,63,62,0.1859,1.0000
2026-04-12 17:52:40,Madelon_p63,63,63,0.1880,1.0000
2026-04-12 17:52:40,Madelon_p71,71,36,0.1911,0.9980
2026-04-12 17:52:41,Madelon_p71,71,54,0.2162,0.9994
2026-04-12 17:52:41,Madelon_p71,71,63,0.2454,0.9999
2026-04-12 17:52:41,Madelon_p71,71,67,0.2548,1.0000
2026-04-12 17:52:42,Madelon_p71,71,69,0.2515,1.0000
2026-04-12 17:52:42,Madelon_p71,71,70,0.2540,1.0000
2026-04-12 17:52:42,Madelon_p71,71,71,0.2564,1.0000
2026-04-12 17:52:43,Madelon_p79,79,40,0.2195,0.9981
2026-04-12 17:52:43,Madelon_p79,79,60,0.2831,0.9969
2026-04-12 17:52:43,Madelon_p79,79,70,0.3253,0.9973
2026-04-12 17:52:44,Madelon_p79,79,75,0.3397,0.9980
2026-04-12 17:52:44,Madelon_p79,79,77,0.3360,0.9982
2026-04-12 17:52:45,Madelon_p79,79,78,0.3455,1.0003
2026-04-12 17:52:45,Madelon_p79,79,79,0.3466,1.0000
2026-04-12 17:52:45,Madelon_p87,87,44,0.2505,0.9977
2026-04-12 17:52:46,Madelon_p87,87,66,0.3582,0.9994
2026-04-12 17:52:46,Madelon_p87,87,77,0.4187,0.9998
2026-04-12 17:52:47,Madelon_p87,87,82,0.4238,0.9997
2026-04-12 17:52:47,Madelon_p87,87,85,0.4334,1.0000
2026-04-12 17:52:47,Madelon_p87,87,86,0.4420,1.0003
2026-04-12 17:52:48,Madelon_p87,87,87,0.4341,1.0000
2026-04-12 17:52:48,Madelon_p94,94,47,0.2817,0.9966
2026-04-12 17:52:49,Madelon_p94,94,71,0.4476,0.9992
2026-04-12 17:52:49,Madelon_p94,94,83,0.5157,0.9995
2026-04-12 17:52:50,Madelon_p94,94,89,0.5408,0.9995
2026-04-12 17:52:50,Madelon_p94,94,92,0.5477,0.9995
2026-04-12 17:52:51,Madelon_p94,94,93,0.5603,1.0002
2026-04-12 17:52:51,Madelon_p94,94,94,0.5454,1.0000
2026-04-12 17:52:51,Madelon_p102,102,51,0.3256,0.9972
2026-04-12 17:52:52,Madelon_p102,102,77,0.5684,0.9987
2026-04-12 17:52:52,Madelon_p102,102,90,0.6515,0.9999
2026-04-12 17:52:53,Madelon_p102,102,96,0.6857,1.0001
2026-04-12 17:52:53,Madelon_p102,102,99,0.6962,0.9997
2026-04-12 17:52:54,Madelon_p102,102,101,0.6880,1.0000
2026-04-12 17:52:55,Madelon_p102,102,102,0.6970,1.0000
2026-04-12 17:52:55,Madelon_p110,110,55,0.3983,0.9968
2026-04-12 17:52:56,Madelon_p110,110,83,0.7137,0.9992
2026-04-12 17:52:56,Madelon_p110,110,97,0.8229,0.9996
2026-04-12 17:52:57,Madelon_p110,110,104,0.8523,0.9996
2026-04-12 17:52:57,Madelon_p110,110,107,0.8584,0.9999
2026-04-12 17:52:58,Madelon_p110,110,109,0.8645,1.0000
2026-04-12 17:52:58,Madelon_p110,110,110,0.8621,1.0000
2026-04-12 17:52:59,Madelon_p118,118,59,0.4622,0.9969
2026-04-12 17:53:00,Madelon_p118,118,89,0.8450,0.9993
2026-04-12 17:53:00,Madelon_p118,118,104,0.9870,1.0001
2026-04-12 17:53:01,Madelon_p125,125,63,0.5523,0.9971
2026-04-12 17:53:01,Madelon_p125,125,94,0.9979,0.9993
2026-04-12 17:53:02,Madelon_p133,133,67,0.6382,0.9972
2026-04-12 17:53:03,Madelon_p133,133,100,1.1800,0.9991
2026-04-12 17:53:04,Madelon_p133,133,83,0.9013,0.9978
2026-04-12 17:53:04,Madelon_p133,133,91,1.0299,0.9985
2026-04-12 17:53:05,Madelon_p141,141,71,0.7286,0.9974
2026-04-12 17:53:06,Madelon_p141,141,106,1.3445,0.9977
2026-04-12 17:53:07,Madelon_p141,141,88,1.0458,0.9971
2026-04-12 17:53:07,Madelon_p149,149,75,0.8466,0.9963
2026-04-12 17:53:08,Madelon_p149,149,112,1.5730,0.9994
2026-04-12 17:53:09,Madelon_p149,149,93,1.2234,0.9981
2026-04-12 17:53:10,Madelon_p149,149,84,1.0275,0.9976
2026-04-12 17:53:11,Madelon_p156,156,78,0.9594,0.9971
2026-04-12 17:53:11,Madelon_p164,164,82,1.0902,0.9966
2026-04-12 17:53:12,Madelon_p164,164,41,0.4112,0.9960
2026-04-12 17:53:13,Madelon_p164,164,61,0.6483,0.9958
2026-04-12 17:53:13,Madelon_p164,164,71,0.8469,0.9964
2026-04-12 17:53:14,Madelon_p164,164,76,0.9608,0.9967
2026-04-12 17:53:15,Madelon_p172,172,86,1.2475,0.9968
2026-04-12 17:53:16,Madelon_p172,172,43,0.4289,0.9937
2026-04-12 17:53:16,Madelon_p172,172,64,0.7115,0.9945
2026-04-12 17:53:17,Madelon_p172,172,75,0.9661,0.9952
2026-04-12 17:53:18,Madelon_p180,180,90,1.3810,0.9964
2026-04-12 17:53:19,Madelon_p180,180,45,0.4554,0.9954
2026-04-12 17:53:19,Madelon_p180,180,67,0.8079,0.9945
2026-04-12 17:53:20,Madelon_p180,180,78,1.1024,0.9960
2026-04-12 17:53:21,Madelon_p180,180,72,0.9246,0.9942
2026-04-12 17:53:22,Madelon_p180,180,75,1.0000,0.9949
2026-04-12 17:53:23,Madelon_p187,187,94,1.5527,0.9968
2026-04-12 17:53:24,Madelon_p187,187,47,0.4759,0.9952
2026-04-12 17:53:25,Madelon_p187,187,70,0.9010,0.9963
2026-04-12 17:53:26,Madelon_p187,187,82,1.2174,0.9964
2026-04-12 17:53:26,Madelon_p187,187,76,1.0461,0.9960
2026-04-12 17:53:28,Madelon_p195,195,98,1.7075,0.9941
2026-04-12 17:53:28,Madelon_p195,195,49,0.4816,0.9908
2026-04-12 17:53:29,Madelon_p195,195,73,0.9820,0.9924
2026-04-12 17:53:31,Madelon_p203,203,102,1.9033,0.9963
2026-04-12 17:53:31,Madelon_p203,203,51,0.5212,0.9957
2026-04-12 17:53:32,Madelon_p203,203,76,1.0821,0.9946
2026-04-12 17:53:33,Madelon_p203,203,63,0.7579,0.9946
2026-04-12 17:53:34,Madelon_p203,203,69,0.8909,0.9959
2026-04-12 17:53:35,Madelon_p203,203,72,0.9879,0.9956
2026-04-12 17:53:37,Madelon_p211,211,106,2.1203,0.9941
2026-04-12 17:53:37,Madelon_p211,211,53,0.5661,0.9909
2026-04-12 17:53:38,Madelon_p211,211,79,1.2075,0.9931
2026-04-12 17:53:39,Madelon_p211,211,66,0.8625,0.9927
2026-04-12 17:53:40,Madelon_p211,211,72,1.0000,0.9919
2026-04-12 17:53:42,Madelon_p218,218,109,2.2562,0.9955
2026-04-12 17:53:43,Madelon_p218,218,54,0.6064,0.9936
2026-04-12 17:53:44,Madelon_p218,218,81,1.2983,0.9946
2026-04-12 17:53:45,Madelon_p218,218,67,0.9006,0.9945
2026-04-12 17:53:46,Madelon_p218,218,74,1.0823,0.9937
2026-04-12 17:53:47,Madelon_p218,218,70,0.9694,0.9944
2026-04-12 17:53:49,Madelon_p226,226,113,2.4776,0.9967
2026-04-12 17:53:49,Madelon_p226,226,56,0.6539,0.9964
2026-04-12 17:53:51,Madelon_p226,226,84,1.4140,0.9961
2026-04-12 17:53:52,Madelon_p226,226,70,0.9826,0.9957
2026-04-12 17:53:54,Madelon_p234,234,117,2.6792,0.9969
2026-04-12 17:53:54,Madelon_p234,234,58,0.6778,0.9956
2026-04-12 17:53:56,Madelon_p234,234,87,1.5374,0.9959
2026-04-12 17:53:57,Madelon_p234,234,72,1.0512,0.9951
2026-04-12 17:53:58,Madelon_p234,234,65,0.8454,0.9973
2026-04-12 17:53:59,Madelon_p234,234,68,0.9246,0.9959
2026-04-12 17:54:00,Madelon_p234,234,70,0.9931,0.9952
2026-04-12 17:54:02,Madelon_p242,242,121,2.9192,0.9962
2026-04-12 17:54:03,Madelon_p242,242,60,0.7338,0.9953
2026-04-12 17:54:05,Madelon_p242,242,90,1.6357,0.9953
2026-04-12 17:54:06,Madelon_p242,242,75,1.1519,0.9953
2026-04-12 17:54:07,Madelon_p242,242,67,0.9144,0.9942
2026-04-12 17:54:08,Madelon_p242,242,71,1.0222,0.9947
2026-04-12 17:54:10,Madelon_p250,250,125,3.1919,0.9968
2026-04-12 17:54:11,Madelon_p250,250,62,0.7826,0.9959
2026-04-12 17:54:13,Madelon_p250,250,93,1.7763,0.9960
2026-04-12 17:54:14,Madelon_p250,250,77,1.2471,0.9956
2026-04-12 17:54:15,Madelon_p250,250,69,0.9788,0.9962
2026-04-12 17:54:15,Madelon_p25,25,13,0.0489,0.9845
2026-04-12 17:54:15,Madelon_p25,25,19,0.0435,0.9897
2026-04-12 17:54:16,Madelon_p25,25,22,0.0424,0.9911
2026-04-12 17:54:16,Madelon_p25,25,24,0.0406,1.0000
2026-04-12 17:54:16,Madelon_p25,25,25,0.0394,1.0000
2026-04-12 17:54:16,Madelon_p32,32,16,0.0671,0.9983
2026-04-12 17:54:16,Madelon_p32,32,24,0.0641,0.9997
2026-04-12 17:54:16,Madelon_p32,32,28,0.0611,0.9933
2026-04-12 17:54:16,Madelon_p32,32,30,0.0578,0.9937
2026-04-12 17:54:16,Madelon_p32,32,31,0.0567,1.0011
2026-04-12 17:54:17,Madelon_p32,32,32,0.0563,1.0000
2026-04-12 17:54:17,Madelon_p40,40,20,0.0867,0.9977
2026-04-12 17:54:17,Madelon_p40,40,30,0.0886,0.9994
2026-04-12 17:54:17,Madelon_p40,40,35,0.0824,0.9995
2026-04-12 17:54:17,Madelon_p40,40,38,0.0794,1.0000
2026-04-12 17:54:18,Madelon_p40,40,39,0.0783,1.0000
2026-04-12 17:54:18,Madelon_p40,40,40,0.0740,1.0000
2026-04-12 17:54:18,Madelon_p48,48,24,0.1115,0.9979
2026-04-12 17:54:18,Madelon_p48,48,36,0.1138,0.9992
2026-04-12 17:54:18,Madelon_p48,48,42,0.1079,0.9998
2026-04-12 17:54:19,Madelon_p48,48,45,0.1061,1.0000
2026-04-12 17:54:19,Madelon_p48,48,47,0.1006,1.0000
2026-04-12 17:54:19,Madelon_p48,48,48,0.1005,1.0000
2026-04-12 17:54:19,Madelon_p56,56,28,0.1352,0.9979
2026-04-12 17:54:20,Madelon_p56,56,42,0.1382,0.9995
2026-04-12 17:54:20,Madelon_p56,56,49,0.1352,0.9999
2026-04-12 17:54:20,Madelon_p56,56,53,0.1400,1.0001
2026-04-12 17:54:20,Madelon_p56,56,55,0.1388,1.0011
2026-04-12 17:54:21,Madelon_p56,56,56,0.1424,1.0000
2026-04-12 17:54:21,Madelon_p63,63,32,0.1674,0.9975
2026-04-12 17:54:21,Madelon_p63,63,48,0.1668,0.9994
2026-04-12 17:54:22,Madelon_p63,63,56,0.1817,0.9998
2026-04-12 17:54:22,Madelon_p63,63,60,0.1871,1.0001
2026-04-12 17:54:22,Madelon_p63,63,62,0.1855,1.0000
2026-04-12 17:54:22,Madelon_p63,63,63,0.1902,1.0000
2026-04-12 17:54:23,Madelon_p71,71,36,0.1938,0.9969
2026-04-12 17:54:23,Madelon_p71,71,54,0.2163,0.9995
2026-04-12 17:54:23,Madelon_p71,71,63,0.2454,1.0000
2026-04-12 17:54:24,Madelon_p71,71,67,0.2485,0.9999
2026-04-12 17:54:24,Madelon_p71,71,69,0.2555,1.0000
2026-04-12 17:54:24,Madelon_p71,71,70,0.2552,1.0001
2026-04-12 17:54:25,Madelon_p71,71,71,0.2592,1.0000
2026-04-12 17:54:25,Madelon_p79,79,40,0.2246,0.9975
2026-04-12 17:54:25,Madelon_p79,79,60,0.2891,0.9990
2026-04-12 17:54:26,Madelon_p79,79,70,0.3245,0.9998
2026-04-12 17:54:26,Madelon_p79,79,75,0.3381,1.0000
2026-04-12 17:54:27,Madelon_p79,79,77,0.3438,1.0000
2026-04-12 17:54:27,Madelon_p79,79,78,0.3408,1.0000
2026-04-12 17:54:27,Madelon_p79,79,79,0.3446,1.0000
2026-04-12 17:54:28,Madelon_p87,87,44,0.2509,0.9910
2026-04-12 17:54:28,Madelon_p87,87,66,0.3589,0.9957
2026-04-12 17:54:28,Madelon_p87,87,77,0.4142,0.9964
2026-04-12 17:54:29,Madelon_p87,87,82,0.4301,0.9968
2026-04-12 17:54:29,Madelon_p87,87,85,0.4326,0.9968
2026-04-12 17:54:30,Madelon_p87,87,86,0.4398,1.0019
2026-04-12 17:54:30,Madelon_p87,87,87,0.4366,1.0000
2026-04-12 17:54:31,Madelon_p94,94,47,0.2859,0.9968
2026-04-12 17:54:31,Madelon_p94,94,71,0.4424,0.9991
2026-04-12 17:54:31,Madelon_p94,94,83,0.5258,0.9997
2026-04-12 17:54:32,Madelon_p94,94,89,0.5392,0.9998
2026-04-12 17:54:32,Madelon_p94,94,92,0.5493,1.0001
2026-04-12 17:54:33,Madelon_p94,94,93,0.5440,1.0001
2026-04-12 17:54:33,Madelon_p94,94,94,0.5514,1.0000
2026-04-12 17:54:34,Madelon_p102,102,51,0.3288,0.9970
2026-04-12 17:54:34,Madelon_p102,102,77,0.5632,0.9990
2026-04-12 17:54:35,Madelon_p102,102,90,0.6580,1.0001
2026-04-12 17:54:35,Madelon_p102,102,96,0.6792,0.9994
2026-04-12 17:54:36,Madelon_p102,102,99,0.6909,0.9998
2026-04-12 17:54:36,Madelon_p102,102,101,0.6978,1.0001
2026-04-12 17:54:37,Madelon_p102,102,102,0.6911,1.0000
2026-04-12 17:54:37,Madelon_p110,110,55,0.3965,0.9955
2026-04-12 17:54:38,Madelon_p110,110,83,0.7093,0.9985
2026-04-12 17:54:39,Madelon_p110,110,97,0.8268,0.9991
2026-04-12 17:54:39,Madelon_p110,110,104,0.8523,0.9991
2026-04-12 17:54:40,Madelon_p110,110,107,0.8586,0.9992
2026-04-12 17:54:40,Madelon_p110,110,109,0.8714,1.0005
2026-04-12 17:54:41,Madelon_p110,110,110,0.8676,1.0000
2026-04-12 17:54:41,Madelon_p118,118,59,0.4595,0.9978
2026-04-12 17:54:42,Madelon_p118,118,89,0.8489,0.9996
2026-04-12 17:54:43,Madelon_p118,118,104,0.9836,0.9999
2026-04-12 17:54:43,Madelon_p125,125,63,0.5480,0.9952
2026-04-12 17:54:44,Madelon_p125,125,94,0.9808,0.9983
2026-04-12 17:54:45,Madelon_p133,133,67,0.6259,0.9940
2026-04-12 17:54:45,Madelon_p133,133,100,1.1664,0.9979
2026-04-12 17:54:46,Madelon_p133,133,83,0.8966,0.9965
2026-04-12 17:54:47,Madelon_p133,133,91,1.0285,0.9976
2026-04-12 17:54:47,Madelon_p141,141,71,0.7295,0.9952
2026-04-12 17:54:48,Madelon_p141,141,106,1.3443,0.9983
2026-04-12 17:54:49,Madelon_p141,141,88,1.0243,0.9970
2026-04-12 17:54:50,Madelon_p149,149,75,0.8644,0.9951
2026-04-12 17:54:51,Madelon_p149,149,112,1.5567,0.9981
2026-04-12 17:54:52,Madelon_p149,149,93,1.2126,0.9968
2026-04-12 17:54:52,Madelon_p149,149,84,1.0273,0.9958
2026-04-12 17:54:53,Madelon_p156,156,78,0.9647,0.9961
2026-04-12 17:54:54,Madelon_p164,164,82,1.1027,0.9965
2026-04-12 17:54:54,Madelon_p164,164,41,0.4094,0.9955
2026-04-12 17:54:55,Madelon_p164,164,61,0.6415,0.9968
2026-04-12 17:54:56,Madelon_p164,164,71,0.8486,0.9958
2026-04-12 17:54:57,Madelon_p164,164,76,0.9578,0.9961
2026-04-12 17:54:58,Madelon_p172,172,86,1.2411,0.9966
2026-04-12 17:54:58,Madelon_p172,172,43,0.4368,0.9962
2026-04-12 17:54:59,Madelon_p172,172,64,0.7177,0.9955
2026-04-12 17:55:00,Madelon_p172,172,75,0.9647,0.9962
2026-04-12 17:55:01,Madelon_p180,180,90,1.4004,0.9966
2026-04-12 17:55:01,Madelon_p180,180,45,0.4559,0.9955
2026-04-12 17:55:02,Madelon_p180,180,67,0.7955,0.9945
2026-04-12 17:55:03,Madelon_p180,180,78,1.0646,0.9958
2026-04-12 17:55:04,Madelon_p180,180,72,0.9283,0.9953
2026-04-12 17:55:04,Madelon_p180,180,75,0.9875,0.9954
2026-04-12 17:55:06,Madelon_p187,187,94,1.5336,0.9970
2026-04-12 17:55:06,Madelon_p187,187,47,0.4793,0.9966
2026-04-12 17:55:07,Madelon_p187,187,70,0.8924,0.9959
2026-04-12 17:55:08,Madelon_p187,187,82,1.2017,0.9966
2026-04-12 17:55:09,Madelon_p187,187,76,1.0529,0.9966
2026-04-12 17:55:10,Madelon_p187,187,73,0.9740,0.9963
2026-04-12 17:55:11,Madelon_p195,195,98,1.6739,0.9959
2026-04-12 17:55:12,Madelon_p195,195,49,0.4933,0.9940
2026-04-12 17:55:13,Madelon_p195,195,73,1.0016,0.9948
2026-04-12 17:55:14,Madelon_p203,203,102,1.9236,0.9970
2026-04-12 17:55:15,Madelon_p203,203,51,0.5151,0.9967
2026-04-12 17:55:16,Madelon_p203,203,76,1.0907,0.9964
2026-04-12 17:55:17,Madelon_p203,203,63,0.7670,0.9971
2026-04-12 17:55:17,Madelon_p203,203,69,0.9036,0.9965
2026-04-12 17:55:18,Madelon_p203,203,72,0.9882,0.9971
2026-04-12 17:55:20,Madelon_p211,211,106,2.0948,0.9971
2026-04-12 17:55:21,Madelon_p211,211,53,0.5723,0.9954
2026-04-12 17:55:22,Madelon_p211,211,79,1.2112,0.9955
2026-04-12 17:55:23,Madelon_p211,211,66,0.8458,0.9947
2026-04-12 17:55:24,Madelon_p211,211,72,1.0051,0.9947
2026-04-12 17:55:25,Madelon_p218,218,109,2.3044,0.9961
2026-04-12 17:55:26,Madelon_p218,218,54,0.6010,0.9953
2026-04-12 17:55:27,Madelon_p218,218,81,1.2687,0.9943
2026-04-12 17:55:28,Madelon_p218,218,67,0.8959,0.9951
2026-04-12 17:55:29,Madelon_p218,218,74,1.0982,0.9951
2026-04-12 17:55:30,Madelon_p218,218,70,0.9816,0.9948
2026-04-12 17:55:32,Madelon_p226,226,113,2.4902,0.9958
2026-04-12 17:55:33,Madelon_p226,226,56,0.6425,0.9942
2026-04-12 17:55:34,Madelon_p226,226,84,1.4099,0.9948
2026-04-12 17:55:35,Madelon_p226,226,70,0.9751,0.9957
2026-04-12 17:55:37,Madelon_p234,234,117,2.6861,0.9965
2026-04-12 17:55:38,Madelon_p234,234,58,0.6885,0.9955
2026-04-12 17:55:39,Madelon_p234,234,87,1.5139,0.9962
2026-04-12 17:55:40,Madelon_p234,234,72,1.0349,0.9958
2026-04-12 17:55:43,Madelon_p242,242,121,2.9280,0.9973
2026-04-12 17:55:43,Madelon_p242,242,60,0.7279,0.9970
2026-04-12 17:55:45,Madelon_p242,242,90,1.6301,0.9963
2026-04-12 17:55:46,Madelon_p242,242,75,1.1364,0.9965
2026-04-12 17:55:47,Madelon_p242,242,67,0.8985,0.9964
2026-04-12 17:55:48,Madelon_p242,242,71,1.0243,0.9962
2026-04-12 17:55:51,Madelon_p250,250,125,3.1527,0.9934
2026-04-12 17:55:52,Madelon_p250,250,62,0.7750,0.9918
2026-04-12 17:55:53,Madelon_p250,250,93,1.7635,0.9923
2026-04-12 17:55:54,Madelon_p250,250,77,1.2200,0.9914
2026-04-12 17:55:56,Madelon_p250,250,69,1.0018,0.9922
2026-04-12 17:55:56,Madelon_p25,25,13,0.0498,0.9980
2026-04-12 17:55:56,Madelon_p25,25,19,0.0457,0.9961
2026-04-12 17:55:56,Madelon_p25,25,22,0.0425,0.9968
2026-04-12 17:55:56,Madelon_p25,25,24,0.0404,1.0000
2026-04-12 17:55:56,Madelon_p25,25,25,0.0391,1.0000
2026-04-12 17:55:56,Madelon_p32,32,16,0.0657,0.9985
2026-04-12 17:55:56,Madelon_p32,32,24,0.0643,0.9996
2026-04-12 17:55:56,Madelon_p32,32,28,0.0614,0.9996
2026-04-12 17:55:57,Madelon_p32,32,30,0.0588,1.0000
2026-04-12 17:55:57,Madelon_p32,32,31,0.0578,1.0000
2026-04-12 17:55:57,Madelon_p32,32,32,0.0552,1.0000
2026-04-12 17:55:57,Madelon_p40,40,20,0.0875,0.9983
2026-04-12 17:55:57,Madelon_p40,40,30,0.0871,0.9996
2026-04-12 17:55:57,Madelon_p40,40,35,0.0834,0.9997
2026-04-12 17:55:58,Madelon_p40,40,38,0.0800,1.0000
2026-04-12 17:55:58,Madelon_p40,40,39,0.0779,1.0001
2026-04-12 17:55:58,Madelon_p40,40,40,0.0776,1.0000
2026-04-12 17:55:58,Madelon_p48,48,24,0.1115,0.9933
2026-04-12 17:55:58,Madelon_p48,48,36,0.1143,0.9962
2026-04-12 17:55:59,Madelon_p48,48,42,0.1092,0.9968
2026-04-12 17:55:59,Madelon_p48,48,45,0.1057,0.9970
2026-04-12 17:55:59,Madelon_p48,48,47,0.1028,1.0001
2026-04-12 17:55:59,Madelon_p48,48,48,0.0995,1.0000
2026-04-12 17:56:00,Madelon_p56,56,28,0.1403,0.9982
2026-04-12 17:56:00,Madelon_p56,56,42,0.1432,0.9991
2026-04-12 17:56:00,Madelon_p56,56,49,0.1367,1.0000
2026-04-12 17:56:00,Madelon_p56,56,53,0.1377,1.0001
2026-04-12 17:56:01,Madelon_p56,56,55,0.1407,1.0001
2026-04-12 17:56:01,Madelon_p56,56,56,0.1417,1.0000
2026-04-12 17:56:01,Madelon_p63,63,32,0.1649,0.9978
2026-04-12 17:56:01,Madelon_p63,63,48,0.1692,0.9999
2026-04-12 17:56:02,Madelon_p63,63,56,0.1810,1.0002
2026-04-12 17:56:02,Madelon_p63,63,60,0.1879,1.0001
2026-04-12 17:56:02,Madelon_p63,63,62,0.1919,1.0001
2026-04-12 17:56:03,Madelon_p63,63,63,0.1880,1.0000
2026-04-12 17:56:03,Madelon_p71,71,36,0.1897,0.9973
2026-04-12 17:56:03,Madelon_p71,71,54,0.2198,0.9985
2026-04-12 17:56:04,Madelon_p71,71,63,0.2471,0.9997
2026-04-12 17:56:04,Madelon_p71,71,67,0.2510,0.9999
2026-04-12 17:56:04,Madelon_p71,71,69,0.2589,1.0001
2026-04-12 17:56:05,Madelon_p71,71,70,0.2520,1.0000
2026-04-12 17:56:05,Madelon_p71,71,71,0.2589,1.0000
2026-04-12 17:56:05,Madelon_p79,79,40,0.2254,0.9978
2026-04-12 17:56:06,Madelon_p79,79,60,0.2801,0.9989
2026-04-12 17:56:06,Madelon_p79,79,70,0.3311,0.9996
2026-04-12 17:56:06,Madelon_p79,79,75,0.3381,0.9996
2026-04-12 17:56:07,Madelon_p79,79,77,0.3440,1.0000
2026-04-12 17:56:07,Madelon_p79,79,78,0.3391,1.0000
2026-04-12 17:56:08,Madelon_p79,79,79,0.3496,1.0000
2026-04-12 17:56:08,Madelon_p87,87,44,0.2546,0.9974
2026-04-12 17:56:08,Madelon_p87,87,66,0.3608,0.9989
2026-04-12 17:56:09,Madelon_p87,87,77,0.4177,0.9998
2026-04-12 17:56:09,Madelon_p87,87,82,0.4339,1.0000
2026-04-12 17:56:10,Madelon_p87,87,85,0.4332,1.0000
2026-04-12 17:56:10,Madelon_p87,87,86,0.4392,1.0000
2026-04-12 17:56:10,Madelon_p87,87,87,0.4433,1.0000
2026-04-12 17:56:11,Madelon_p94,94,47,0.2812,0.9975
2026-04-12 17:56:11,Madelon_p94,94,71,0.4497,0.9995
2026-04-12 17:56:12,Madelon_p94,94,83,0.5296,0.9999
2026-04-12 17:56:12,Madelon_p94,94,89,0.5399,0.9998
2026-04-12 17:56:13,Madelon_p94,94,92,0.5468,1.0000
2026-04-12 17:56:13,Madelon_p94,94,93,0.5513,1.0000
2026-04-12 17:56:14,Madelon_p94,94,94,0.5501,1.0000
2026-04-12 17:56:14,Madelon_p102,102,51,0.3225,0.9988
2026-04-12 17:56:15,Madelon_p102,102,77,0.5728,0.9984
2026-04-12 17:56:15,Madelon_p102,102,90,0.6633,0.9990
2026-04-12 17:56:16,Madelon_p102,102,96,0.6824,0.9990
2026-04-12 17:56:16,Madelon_p102,102,99,0.6902,0.9991
2026-04-12 17:56:17,Madelon_p102,102,101,0.6871,1.0000
2026-04-12 17:56:17,Madelon_p102,102,102,0.7037,1.0000
2026-04-12 17:56:18,Madelon_p110,110,55,0.3935,0.9966
2026-04-12 17:56:18,Madelon_p110,110,83,0.7162,0.9995
2026-04-12 17:56:19,Madelon_p110,110,97,0.8280,0.9998
2026-04-12 17:56:19,Madelon_p110,110,104,0.8450,0.9999
2026-04-12 17:56:20,Madelon_p110,110,107,0.8717,1.0000
2026-04-12 17:56:21,Madelon_p110,110,109,0.8633,1.0000
2026-04-12 17:56:21,Madelon_p110,110,110,0.8806,1.0000
2026-04-12 17:56:22,Madelon_p118,118,59,0.4654,0.9961
2026-04-12 17:56:22,Madelon_p118,118,89,0.8463,0.9987
2026-04-12 17:56:23,Madelon_p118,118,104,0.9836,0.9985
2026-04-12 17:56:23,Madelon_p125,125,63,0.5467,0.9947
2026-04-12 17:56:24,Madelon_p125,125,94,0.9956,0.9979
2026-04-12 17:56:25,Madelon_p133,133,67,0.6331,0.9968
2026-04-12 17:56:25,Madelon_p133,133,100,1.1656,0.9993
2026-04-12 17:56:26,Madelon_p133,133,83,0.8913,0.9987
2026-04-12 17:56:27,Madelon_p133,133,91,1.0316,0.9992
2026-04-12 17:56:28,Madelon_p141,141,71,0.7315,0.9957
2026-04-12 17:56:28,Madelon_p141,141,106,1.3384,0.9973
2026-04-12 17:56:29,Madelon_p141,141,88,1.0413,0.9973
2026-04-12 17:56:30,Madelon_p149,149,75,0.8532,0.9973
2026-04-12 17:56:31,Madelon_p149,149,112,1.5869,0.9992
2026-04-12 17:56:32,Madelon_p149,149,93,1.2008,0.9981
2026-04-12 17:56:32,Madelon_p149,149,84,1.0364,0.9976
2026-04-12 17:56:33,Madelon_p156,156,78,0.9586,0.9967
2026-04-12 17:56:34,Madelon_p164,164,82,1.1089,0.9970
2026-04-12 17:56:35,Madelon_p164,164,41,0.4096,0.9956
2026-04-12 17:56:35,Madelon_p164,164,61,0.6462,0.9949
2026-04-12 17:56:36,Madelon_p164,164,71,0.8453,0.9958
2026-04-12 17:56:37,Madelon_p164,164,76,0.9580,0.9963
2026-04-12 17:56:38,Madelon_p172,172,86,1.2263,0.9934
2026-04-12 17:56:38,Madelon_p172,172,43,0.4327,0.9874
2026-04-12 17:56:39,Madelon_p172,172,64,0.7196,0.9921
2026-04-12 17:56:40,Madelon_p172,172,75,0.9660,0.9930
2026-04-12 17:56:41,Madelon_p180,180,90,1.3889,0.9965
2026-04-12 17:56:41,Madelon_p180,180,45,0.4580,0.9956
2026-04-12 17:56:42,Madelon_p180,180,67,0.8029,0.9955
2026-04-12 17:56:43,Madelon_p180,180,78,1.0863,0.9948
2026-04-12 17:56:44,Madelon_p180,180,72,0.9272,0.9957
2026-04-12 17:56:45,Madelon_p180,180,75,1.0044,0.9954
2026-04-12 17:56:46,Madelon_p187,187,94,1.5419,0.9974
2026-04-12 17:56:46,Madelon_p187,187,47,0.4717,0.9971
2026-04-12 17:56:47,Madelon_p187,187,70,0.8983,0.9961
2026-04-12 17:56:48,Madelon_p187,187,82,1.2041,0.9975
2026-04-12 17:56:49,Madelon_p187,187,76,1.0424,0.9963
2026-04-12 17:56:50,Madelon_p195,195,98,1.7135,0.9964
2026-04-12 17:56:51,Madelon_p195,195,49,0.4927,0.9963
2026-04-12 17:56:52,Madelon_p195,195,73,0.9771,0.9960
2026-04-12 17:56:53,Madelon_p203,203,102,1.8921,0.9955
2026-04-12 17:56:54,Madelon_p203,203,51,0.5197,0.9941
2026-04-12 17:56:55,Madelon_p203,203,76,1.0917,0.9946
2026-04-12 17:56:56,Madelon_p203,203,63,0.7483,0.9940
2026-04-12 17:56:57,Madelon_p203,203,69,0.9058,0.9943
2026-04-12 17:56:58,Madelon_p203,203,72,0.9849,0.9948
2026-04-12 17:56:59,Madelon_p211,211,106,2.0935,0.9964
2026-04-12 17:57:00,Madelon_p211,211,53,0.5761,0.9952
2026-04-12 17:57:01,Madelon_p211,211,79,1.2126,0.9951
2026-04-12 17:57:02,Madelon_p211,211,66,0.8351,0.9953
2026-04-12 17:57:03,Madelon_p211,211,72,0.9918,0.9955
2026-04-12 17:57:05,Madelon_p218,218,109,2.2922,0.9958
2026-04-12 17:57:05,Madelon_p218,218,54,0.6090,0.9956
2026-04-12 17:57:07,Madelon_p218,218,81,1.2928,0.9952
2026-04-12 17:57:07,Madelon_p218,218,67,0.9016,0.9942
2026-04-12 17:57:08,Madelon_p218,218,74,1.1080,0.9956
2026-04-12 17:57:09,Madelon_p218,218,70,0.9658,0.9953
2026-04-12 17:57:11,Madelon_p226,226,113,2.4763,0.9966
2026-04-12 17:57:12,Madelon_p226,226,56,0.6407,0.9949
2026-04-12 17:57:13,Madelon_p226,226,84,1.4297,0.9956
2026-04-12 17:57:14,Madelon_p226,226,70,0.9781,0.9952
2026-04-12 17:57:16,Madelon_p234,234,117,2.6908,0.9974
2026-04-12 17:57:17,Madelon_p234,234,58,0.6831,0.9964
2026-04-12 17:57:19,Madelon_p234,234,87,1.5306,0.9952
2026-04-12 17:57:20,Madelon_p234,234,72,1.0359,0.9953
2026-04-12 17:57:22,Madelon_p242,242,121,2.9378,0.9975
2026-04-12 17:57:23,Madelon_p242,242,60,0.7425,0.9981
2026-04-12 17:57:24,Madelon_p242,242,90,1.6360,0.9985
2026-04-12 17:57:25,Madelon_p242,242,75,1.1392,0.9965
2026-04-12 17:57:26,Madelon_p242,242,67,0.8996,0.9973
2026-04-12 17:57:28,Madelon_p242,242,71,1.0282,0.9969
2026-04-12 17:57:30,Madelon_p250,250,125,3.1782,0.9962
2026-04-12 17:57:31,Madelon_p250,250,62,0.7941,0.9958
2026-04-12 17:57:33,Madelon_p250,250,93,1.8042,0.9961
2026-04-12 17:57:34,Madelon_p250,250,77,1.2321,0.9954
2026-04-12 17:57:35,Madelon_p250,250,69,0.9723,0.9957
2026-04-12 17:57:35,Synthetic_toeplitz_p25,25,13,0.0487,0.9680
2026-04-12 17:57:35,Synthetic_toeplitz_p25,25,19,0.0451,1.0069
2026-04-12 17:57:35,Synthetic_toeplitz_p25,25,22,0.0424,1.0051
2026-04-12 17:57:35,Synthetic_toeplitz_p25,25,24,0.0413,1.0021
2026-04-12 17:57:35,Synthetic_toeplitz_p25,25,25,0.0391,1.0000
2026-04-12 17:57:36,Synthetic_toeplitz_p32,32,16,0.0653,0.9544
2026-04-12 17:57:36,Synthetic_toeplitz_p32,32,24,0.0626,1.0022
2026-04-12 17:57:36,Synthetic_toeplitz_p32,32,28,0.0598,1.0022
2026-04-12 17:57:36,Synthetic_toeplitz_p32,32,30,0.0572,1.0002
2026-04-12 17:57:36,Synthetic_toeplitz_p32,32,31,0.0569,0.9998
2026-04-12 17:57:36,Synthetic_toeplitz_p32,32,32,0.0557,1.0000
2026-04-12 17:57:36,Synthetic_toeplitz_p40,40,20,0.0886,0.9804
2026-04-12 17:57:37,Synthetic_toeplitz_p40,40,30,0.0890,1.0002
2026-04-12 17:57:37,Synthetic_toeplitz_p40,40,35,0.0820,1.0034
2026-04-12 17:57:37,Synthetic_toeplitz_p40,40,38,0.0797,1.0010
2026-04-12 17:57:37,Synthetic_toeplitz_p40,40,39,0.0770,1.0005
2026-04-12 17:57:37,Synthetic_toeplitz_p40,40,40,0.0760,1.0000
2026-04-12 17:57:37,Synthetic_toeplitz_p48,48,24,0.1108,0.9780
2026-04-12 17:57:38,Synthetic_toeplitz_p48,48,36,0.1151,1.0003
2026-04-12 17:57:38,Synthetic_toeplitz_p48,48,42,0.1094,1.0014
2026-04-12 17:57:38,Synthetic_toeplitz_p48,48,45,0.1062,1.0010
2026-04-12 17:57:38,Synthetic_toeplitz_p48,48,47,0.1021,1.0008
2026-04-12 17:57:39,Synthetic_toeplitz_p48,48,48,0.1003,1.0000
2026-04-12 17:57:39,Synthetic_toeplitz_p56,56,28,0.1369,0.9826
2026-04-12 17:57:39,Synthetic_toeplitz_p56,56,42,0.1414,0.9995
2026-04-12 17:57:39,Synthetic_toeplitz_p56,56,49,0.1365,1.0013
2026-04-12 17:57:40,Synthetic_toeplitz_p56,56,53,0.1393,1.0012
2026-04-12 17:57:40,Synthetic_toeplitz_p56,56,55,0.1379,1.0010
2026-04-12 17:57:40,Synthetic_toeplitz_p56,56,56,0.1417,1.0000
2026-04-12 17:57:40,Synthetic_toeplitz_p63,63,32,0.1667,0.9824
2026-04-12 17:57:41,Synthetic_toeplitz_p63,63,48,0.1700,0.9986
2026-04-12 17:57:41,Synthetic_toeplitz_p63,63,56,0.1846,1.0014
2026-04-12 17:57:41,Synthetic_toeplitz_p63,63,60,0.1886,1.0019
2026-04-12 17:57:42,Synthetic_toeplitz_p63,63,62,0.1875,1.0010
2026-04-12 17:57:42,Synthetic_toeplitz_p63,63,63,0.1930,1.0000
2026-04-12 17:57:42,Synthetic_toeplitz_p71,71,36,0.1926,0.9827
2026-04-12 17:57:43,Synthetic_toeplitz_p71,71,54,0.2162,1.0012
2026-04-12 17:57:43,Synthetic_toeplitz_p71,71,63,0.2457,1.0026
2026-04-12 17:57:43,Synthetic_toeplitz_p71,71,67,0.2550,1.0013
2026-04-12 17:57:44,Synthetic_toeplitz_p71,71,69,0.2519,1.0007
2026-04-12 17:57:44,Synthetic_toeplitz_p71,71,70,0.2555,1.0004
2026-04-12 17:57:44,Synthetic_toeplitz_p71,71,71,0.2573,1.0000
2026-04-12 17:57:45,Synthetic_toeplitz_p79,79,40,0.2250,0.9905
2026-04-12 17:57:45,Synthetic_toeplitz_p79,79,60,0.2908,1.0018
2026-04-12 17:57:45,Synthetic_toeplitz_p79,79,70,0.3261,1.0015
2026-04-12 17:57:46,Synthetic_toeplitz_p79,79,75,0.3365,1.0012
2026-04-12 17:57:46,Synthetic_toeplitz_p79,79,77,0.3452,1.0004
2026-04-12 17:57:47,Synthetic_toeplitz_p79,79,78,0.3438,1.0003
2026-04-12 17:57:47,Synthetic_toeplitz_p79,79,79,0.3471,1.0000
2026-04-12 17:57:47,Synthetic_toeplitz_p87,87,44,0.2495,0.9943
2026-04-12 17:57:48,Synthetic_toeplitz_p87,87,66,0.3616,1.0008
2026-04-12 17:57:48,Synthetic_toeplitz_p87,87,77,0.4186,1.0015
2026-04-12 17:57:49,Synthetic_toeplitz_p87,87,82,0.4329,1.0006
2026-04-12 17:57:49,Synthetic_toeplitz_p87,87,85,0.4428,1.0003
2026-04-12 17:57:49,Synthetic_toeplitz_p87,87,86,0.4380,1.0000
2026-04-12 17:57:50,Synthetic_toeplitz_p87,87,87,0.4397,1.0000
2026-04-12 17:57:50,Synthetic_toeplitz_p94,94,47,0.2824,0.9962
2026-04-12 17:57:51,Synthetic_toeplitz_p94,94,71,0.4521,1.0012
2026-04-12 17:57:51,Synthetic_toeplitz_p94,94,83,0.5210,1.0003
2026-04-12 17:57:52,Synthetic_toeplitz_p94,94,89,0.5370,0.9999
2026-04-12 17:57:52,Synthetic_toeplitz_p94,94,92,0.5566,1.0000
2026-04-12 17:57:53,Synthetic_toeplitz_p94,94,93,0.5513,1.0000
2026-04-12 17:57:53,Synthetic_toeplitz_p94,94,94,0.5572,1.0000
2026-04-12 17:57:53,Synthetic_toeplitz_p102,102,51,0.3233,0.9944
2026-04-12 17:57:54,Synthetic_toeplitz_p102,102,77,0.5723,1.0023
2026-04-12 17:57:54,Synthetic_toeplitz_p102,102,90,0.6628,1.0018
2026-04-12 17:57:55,Synthetic_toeplitz_p102,102,96,0.6808,1.0009
2026-04-12 17:57:55,Synthetic_toeplitz_p102,102,99,0.6933,1.0005
2026-04-12 17:57:56,Synthetic_toeplitz_p102,102,101,0.6996,1.0000
2026-04-12 17:57:57,Synthetic_toeplitz_p102,102,102,0.6913,1.0000
2026-04-12 17:57:57,Synthetic_toeplitz_p110,110,55,0.3974,0.9909
2026-04-12 17:57:58,Synthetic_toeplitz_p110,110,83,0.7023,1.0018
2026-04-12 17:57:58,Synthetic_toeplitz_p110,110,97,0.8263,1.0021
2026-04-12 17:57:59,Synthetic_toeplitz_p110,110,104,0.8526,1.0009
2026-04-12 17:57:59,Synthetic_toeplitz_p110,110,107,0.8699,1.0005
2026-04-12 17:58:00,Synthetic_toeplitz_p110,110,109,0.8627,1.0000
2026-04-12 17:58:01,Synthetic_toeplitz_p110,110,110,0.8635,1.0000
2026-04-12 17:58:01,Synthetic_toeplitz_p118,118,59,0.4602,0.9962
2026-04-12 17:58:02,Synthetic_toeplitz_p118,118,89,0.8432,1.0020
2026-04-12 17:58:02,Synthetic_toeplitz_p118,118,104,0.9800,1.0011
2026-04-12 17:58:03,Synthetic_toeplitz_p125,125,63,0.5367,0.9962
2026-04-12 17:58:04,Synthetic_toeplitz_p125,125,94,0.9794,1.0020
2026-04-12 17:58:04,Synthetic_toeplitz_p133,133,67,0.6278,0.9950
2026-04-12 17:58:05,Synthetic_toeplitz_p133,133,100,1.1498,1.0009
2026-04-12 17:58:06,Synthetic_toeplitz_p133,133,83,0.9031,1.0002
2026-04-12 17:58:06,Synthetic_toeplitz_p133,133,91,1.0334,1.0001
2026-04-12 17:58:07,Synthetic_toeplitz_p141,141,71,0.7257,0.9980
2026-04-12 17:58:08,Synthetic_toeplitz_p141,141,106,1.3590,1.0012
2026-04-12 17:58:09,Synthetic_toeplitz_p141,141,88,1.0266,1.0021
2026-04-12 17:58:09,Synthetic_toeplitz_p149,149,75,0.8511,0.9968
2026-04-12 17:58:10,Synthetic_toeplitz_p149,149,112,1.5817,1.0021
2026-04-12 17:58:11,Synthetic_toeplitz_p149,149,93,1.2018,1.0010
2026-04-12 17:58:12,Synthetic_toeplitz_p149,149,84,1.0403,0.9981
2026-04-12 17:58:13,Synthetic_toeplitz_p156,156,78,0.9589,0.9961
2026-04-12 17:58:13,Synthetic_toeplitz_p164,164,82,1.0974,0.9946
2026-04-12 17:58:14,Synthetic_toeplitz_p164,164,41,0.4095,0.9864
2026-04-12 17:58:15,Synthetic_toeplitz_p164,164,61,0.6436,0.9875
2026-04-12 17:58:15,Synthetic_toeplitz_p164,164,71,0.8442,0.9912
2026-04-12 17:58:16,Synthetic_toeplitz_p164,164,76,0.9605,0.9936
2026-04-12 17:58:17,Synthetic_toeplitz_p172,172,86,1.2358,0.9967
2026-04-12 17:58:18,Synthetic_toeplitz_p172,172,43,0.4309,0.9788
2026-04-12 17:58:18,Synthetic_toeplitz_p172,172,64,0.7201,0.9934
2026-04-12 17:58:19,Synthetic_toeplitz_p172,172,75,0.9700,0.9925
2026-04-12 17:58:20,Synthetic_toeplitz_p180,180,90,1.3871,0.9980
2026-04-12 17:58:21,Synthetic_toeplitz_p180,180,45,0.4541,0.9870
2026-04-12 17:58:21,Synthetic_toeplitz_p180,180,67,0.8120,0.9909
2026-04-12 17:58:22,Synthetic_toeplitz_p180,180,78,1.0827,0.9943
2026-04-12 17:58:23,Synthetic_toeplitz_p180,180,72,0.9448,0.9922
2026-04-12 17:58:24,Synthetic_toeplitz_p180,180,75,1.0005,0.9948
2026-04-12 17:58:25,Synthetic_toeplitz_p187,187,94,1.5125,0.9934
2026-04-12 17:58:26,Synthetic_toeplitz_p187,187,47,0.4780,0.9856
2026-04-12 17:58:27,Synthetic_toeplitz_p187,187,70,0.8849,0.9909
2026-04-12 17:58:28,Synthetic_toeplitz_p187,187,82,1.2050,0.9932
2026-04-12 17:58:28,Synthetic_toeplitz_p187,187,76,1.0400,0.9926
2026-04-12 17:58:30,Synthetic_toeplitz_p195,195,98,1.6946,0.9964
2026-04-12 17:58:30,Synthetic_toeplitz_p195,195,49,0.4903,0.9937
2026-04-12 17:58:31,Synthetic_toeplitz_p195,195,73,0.9993,0.9894
2026-04-12 17:58:33,Synthetic_toeplitz_p203,203,102,1.8908,0.9987
2026-04-12 17:58:33,Synthetic_toeplitz_p203,203,51,0.5159,0.9921
2026-04-12 17:58:34,Synthetic_toeplitz_p203,203,76,1.0875,0.9918
2026-04-12 17:58:35,Synthetic_toeplitz_p203,203,63,0.7511,0.9894
2026-04-12 17:58:36,Synthetic_toeplitz_p203,203,69,0.8985,0.9935
2026-04-12 17:58:37,Synthetic_toeplitz_p203,203,72,0.9846,0.9922
2026-04-12 17:58:39,Synthetic_toeplitz_p211,211,106,2.0787,0.9940
2026-04-12 17:58:39,Synthetic_toeplitz_p211,211,53,0.5692,0.9892
2026-04-12 17:58:40,Synthetic_toeplitz_p211,211,79,1.2078,0.9917
2026-04-12 17:58:41,Synthetic_toeplitz_p211,211,66,0.8457,0.9916
2026-04-12 17:58:42,Synthetic_toeplitz_p211,211,72,0.9871,0.9896
2026-04-12 17:58:44,Synthetic_toeplitz_p218,218,109,2.2923,0.9971
2026-04-12 17:58:45,Synthetic_toeplitz_p218,218,54,0.6045,0.9912
2026-04-12 17:58:46,Synthetic_toeplitz_p218,218,81,1.3087,0.9915
2026-04-12 17:58:47,Synthetic_toeplitz_p218,218,67,0.8912,0.9929
2026-04-12 17:58:48,Synthetic_toeplitz_p218,218,74,1.0787,0.9911
2026-04-12 17:58:49,Synthetic_toeplitz_p218,218,70,0.9911,0.9913
2026-04-12 17:58:51,Synthetic_toeplitz_p226,226,113,2.4895,0.9935
2026-04-12 17:58:51,Synthetic_toeplitz_p226,226,56,0.6529,0.9969
2026-04-12 17:58:53,Synthetic_toeplitz_p226,226,84,1.4071,0.9931
2026-04-12 17:58:54,Synthetic_toeplitz_p226,226,70,0.9805,0.9990
2026-04-12 17:58:56,Synthetic_toeplitz_p234,234,117,2.6831,0.9962
2026-04-12 17:58:57,Synthetic_toeplitz_p234,234,58,0.6841,0.9923
2026-04-12 17:58:58,Synthetic_toeplitz_p234,234,87,1.5251,0.9927
2026-04-12 17:58:59,Synthetic_toeplitz_p234,234,72,1.0542,0.9926
2026-04-12 17:59:00,Synthetic_toeplitz_p234,234,65,0.8402,0.9913
2026-04-12 17:59:01,Synthetic_toeplitz_p234,234,68,0.9349,0.9930
2026-04-12 17:59:02,Synthetic_toeplitz_p234,234,70,0.9827,0.9909
2026-04-12 17:59:04,Synthetic_toeplitz_p242,242,121,2.9379,0.9971
2026-04-12 17:59:05,Synthetic_toeplitz_p242,242,60,0.7308,0.9902
2026-04-12 17:59:07,Synthetic_toeplitz_p242,242,90,1.6381,0.9914
2026-04-12 17:59:08,Synthetic_toeplitz_p242,242,75,1.1342,0.9921
2026-04-12 17:59:09,Synthetic_toeplitz_p242,242,67,0.9056,0.9931
2026-04-12 17:59:10,Synthetic_toeplitz_p242,242,71,1.0276,0.9908
2026-04-12 17:59:12,Synthetic_toeplitz_p250,250,125,3.1628,0.9978
2026-04-12 17:59:13,Synthetic_toeplitz_p250,250,62,0.7813,0.9949
2026-04-12 17:59:15,Synthetic_toeplitz_p250,250,93,1.7685,0.9971
2026-04-12 17:59:16,Synthetic_toeplitz_p250,250,77,1.2277,0.9934
2026-04-12 17:59:17,Synthetic_toeplitz_p250,250,69,0.9682,0.9958
2026-04-12 17:59:17,Synthetic_toeplitz_p25,25,13,0.0489,0.9775
2026-04-12 17:59:18,Synthetic_toeplitz_p25,25,19,0.0451,0.9978
2026-04-12 17:59:18,Synthetic_toeplitz_p25,25,22,0.0421,0.9972
2026-04-12 17:59:18,Synthetic_toeplitz_p25,25,24,0.0400,1.0002
2026-04-12 17:59:18,Synthetic_toeplitz_p25,25,25,0.0392,1.0000
2026-04-12 17:59:18,Synthetic_toeplitz_p32,32,16,0.0658,0.9717
2026-04-12 17:59:18,Synthetic_toeplitz_p32,32,24,0.0634,1.0047
2026-04-12 17:59:18,Synthetic_toeplitz_p32,32,28,0.0601,1.0024
2026-04-12 17:59:18,Synthetic_toeplitz_p32,32,30,0.0576,1.0008
2026-04-12 17:59:19,Synthetic_toeplitz_p32,32,31,0.0578,1.0006
2026-04-12 17:59:19,Synthetic_toeplitz_p32,32,32,0.0547,1.0000
2026-04-12 17:59:19,Synthetic_toeplitz_p40,40,20,0.0866,0.9745
2026-04-12 17:59:19,Synthetic_toeplitz_p40,40,30,0.0859,1.0052
2026-04-12 17:59:19,Synthetic_toeplitz_p40,40,35,0.0818,1.0026
2026-04-12 17:59:19,Synthetic_toeplitz_p40,40,38,0.0784,1.0021
2026-04-12 17:59:20,Synthetic_toeplitz_p40,40,39,0.0765,1.0002
2026-04-12 17:59:20,Synthetic_toeplitz_p40,40,40,0.0762,1.0000
2026-04-12 17:59:20,Synthetic_toeplitz_p48,48,24,0.1109,0.9806
2026-04-12 17:59:20,Synthetic_toeplitz_p48,48,36,0.1137,1.0047
2026-04-12 17:59:20,Synthetic_toeplitz_p48,48,42,0.1082,1.0012
2026-04-12 17:59:21,Synthetic_toeplitz_p48,48,45,0.1054,1.0002
2026-04-12 17:59:21,Synthetic_toeplitz_p48,48,47,0.0995,1.0000
2026-04-12 17:59:21,Synthetic_toeplitz_p48,48,48,0.0993,1.0000
2026-04-12 17:59:21,Synthetic_toeplitz_p56,56,28,0.1379,0.9812
2026-04-12 17:59:22,Synthetic_toeplitz_p56,56,42,0.1402,0.9997
2026-04-12 17:59:22,Synthetic_toeplitz_p56,56,49,0.1362,1.0019
2026-04-12 17:59:22,Synthetic_toeplitz_p56,56,53,0.1367,1.0012
2026-04-12 17:59:22,Synthetic_toeplitz_p56,56,55,0.1404,1.0007
2026-04-12 17:59:23,Synthetic_toeplitz_p56,56,56,0.1402,1.0000
2026-04-12 17:59:23,Synthetic_toeplitz_p63,63,32,0.1658,0.9818
2026-04-12 17:59:23,Synthetic_toeplitz_p63,63,48,0.1698,1.0035
2026-04-12 17:59:24,Synthetic_toeplitz_p63,63,56,0.1826,1.0020
2026-04-12 17:59:24,Synthetic_toeplitz_p63,63,60,0.1892,1.0010
2026-04-12 17:59:24,Synthetic_toeplitz_p63,63,62,0.1856,1.0001
2026-04-12 17:59:25,Synthetic_toeplitz_p63,63,63,0.1890,1.0000
2026-04-12 17:59:25,Synthetic_toeplitz_p71,71,36,0.1931,0.9870
2026-04-12 17:59:25,Synthetic_toeplitz_p71,71,54,0.2158,1.0038
2026-04-12 17:59:25,Synthetic_toeplitz_p71,71,63,0.2449,1.0006
2026-04-12 17:59:26,Synthetic_toeplitz_p71,71,67,0.2487,1.0004
2026-04-12 17:59:26,Synthetic_toeplitz_p71,71,69,0.2547,1.0002
2026-04-12 17:59:27,Synthetic_toeplitz_p71,71,70,0.2543,1.0000
2026-04-12 17:59:27,Synthetic_toeplitz_p71,71,71,0.2528,1.0000
2026-04-12 17:59:27,Synthetic_toeplitz_p79,79,40,0.2259,0.9840
2026-04-12 17:59:28,Synthetic_toeplitz_p79,79,60,0.2803,1.0037
2026-04-12 17:59:28,Synthetic_toeplitz_p79,79,70,0.3285,1.0029
2026-04-12 17:59:28,Synthetic_toeplitz_p79,79,75,0.3363,1.0016
2026-04-12 17:59:29,Synthetic_toeplitz_p79,79,77,0.3438,1.0006
2026-04-12 17:59:29,Synthetic_toeplitz_p79,79,78,0.3363,1.0000
2026-04-12 17:59:29,Synthetic_toeplitz_p79,79,79,0.3515,1.0000
2026-04-12 17:59:30,Synthetic_toeplitz_p87,87,44,0.2521,0.9945
2026-04-12 17:59:30,Synthetic_toeplitz_p87,87,66,0.3585,1.0037
2026-04-12 17:59:31,Synthetic_toeplitz_p87,87,77,0.4182,1.0012
2026-04-12 17:59:31,Synthetic_toeplitz_p87,87,82,0.4322,1.0003
2026-04-12 17:59:31,Synthetic_toeplitz_p87,87,85,0.4325,1.0001
2026-04-12 17:59:32,Synthetic_toeplitz_p87,87,86,0.4428,1.0000
2026-04-12 17:59:32,Synthetic_toeplitz_p87,87,87,0.4416,1.0000
2026-04-12 17:59:33,Synthetic_toeplitz_p94,94,47,0.2807,0.9931
2026-04-12 17:59:33,Synthetic_toeplitz_p94,94,71,0.4511,1.0033
2026-04-12 17:59:34,Synthetic_toeplitz_p94,94,83,0.5330,1.0013
2026-04-12 17:59:34,Synthetic_toeplitz_p94,94,89,0.5357,0.9998
2026-04-12 17:59:35,Synthetic_toeplitz_p94,94,92,0.5469,1.0000
2026-04-12 17:59:35,Synthetic_toeplitz_p94,94,93,0.5461,1.0000
2026-04-12 17:59:35,Synthetic_toeplitz_p94,94,94,0.5484,1.0000
2026-04-12 17:59:36,Synthetic_toeplitz_p102,102,51,0.3283,0.9904
2026-04-12 17:59:36,Synthetic_toeplitz_p102,102,77,0.5677,1.0031
2026-04-12 17:59:37,Synthetic_toeplitz_p102,102,90,0.6548,1.0021
2026-04-12 17:59:37,Synthetic_toeplitz_p102,102,96,0.6759,1.0009
2026-04-12 17:59:38,Synthetic_toeplitz_p102,102,99,0.6963,1.0006
2026-04-12 17:59:39,Synthetic_toeplitz_p102,102,101,0.6827,1.0001
2026-04-12 17:59:39,Synthetic_toeplitz_p102,102,102,0.6919,1.0000
2026-04-12 17:59:39,Synthetic_toeplitz_p110,110,55,0.3936,0.9871
2026-04-12 17:59:40,Synthetic_toeplitz_p110,110,83,0.7069,1.0022
2026-04-12 17:59:41,Synthetic_toeplitz_p110,110,97,0.8110,1.0023
2026-04-12 17:59:41,Synthetic_toeplitz_p110,110,104,0.8507,1.0013
2026-04-12 17:59:42,Synthetic_toeplitz_p110,110,107,0.8778,1.0007
2026-04-12 17:59:42,Synthetic_toeplitz_p110,110,109,0.8628,1.0000
2026-04-12 17:59:43,Synthetic_toeplitz_p110,110,110,0.8894,1.0000
2026-04-12 17:59:44,Synthetic_toeplitz_p118,118,59,0.4637,0.9876
2026-04-12 17:59:44,Synthetic_toeplitz_p118,118,89,0.8415,1.0029
2026-04-12 17:59:45,Synthetic_toeplitz_p118,118,104,1.0136,1.0022
2026-04-12 17:59:45,Synthetic_toeplitz_p125,125,63,0.5466,0.9948
2026-04-12 17:59:46,Synthetic_toeplitz_p125,125,94,1.0013,1.0001
2026-04-12 17:59:47,Synthetic_toeplitz_p133,133,67,0.6358,0.9923
2026-04-12 17:59:47,Synthetic_toeplitz_p133,133,100,1.1651,1.0037
2026-04-12 17:59:48,Synthetic_toeplitz_p133,133,83,0.9000,1.0001
2026-04-12 17:59:49,Synthetic_toeplitz_p133,133,91,1.0215,1.0022
2026-04-12 17:59:49,Synthetic_toeplitz_p141,141,71,0.7312,0.9937
2026-04-12 17:59:50,Synthetic_toeplitz_p141,141,106,1.3408,1.0017
2026-04-12 17:59:51,Synthetic_toeplitz_p141,141,88,1.0382,0.9998
2026-04-12 17:59:52,Synthetic_toeplitz_p149,149,75,0.8492,0.9960
2026-04-12 17:59:53,Synthetic_toeplitz_p149,149,112,1.5698,1.0006
2026-04-12 17:59:54,Synthetic_toeplitz_p149,149,93,1.2205,1.0006
2026-04-12 17:59:54,Synthetic_toeplitz_p149,149,84,1.0246,0.9983
2026-04-12 17:59:55,Synthetic_toeplitz_p156,156,78,0.9639,0.9971
2026-04-12 17:59:56,Synthetic_toeplitz_p164,164,82,1.0930,0.9953
2026-04-12 17:59:56,Synthetic_toeplitz_p164,164,41,0.4100,0.9739
2026-04-12 17:59:57,Synthetic_toeplitz_p164,164,61,0.6393,0.9918
2026-04-12 17:59:58,Synthetic_toeplitz_p164,164,71,0.8441,0.9937
2026-04-12 17:59:59,Synthetic_toeplitz_p164,164,76,0.9546,0.9935
2026-04-12 18:00:00,Synthetic_toeplitz_p172,172,86,1.2394,0.9955
2026-04-12 18:00:00,Synthetic_toeplitz_p172,172,43,0.4335,0.9845
2026-04-12 18:00:01,Synthetic_toeplitz_p172,172,64,0.7147,0.9934
2026-04-12 18:00:02,Synthetic_toeplitz_p172,172,75,0.9645,0.9955
2026-04-12 18:00:03,Synthetic_toeplitz_p180,180,90,1.4026,0.9956
2026-04-12 18:00:03,Synthetic_toeplitz_p180,180,45,0.4625,0.9795
2026-04-12 18:00:04,Synthetic_toeplitz_p180,180,67,0.8103,0.9930
2026-04-12 18:00:05,Synthetic_toeplitz_p180,180,78,1.0751,0.9939
2026-04-12 18:00:06,Synthetic_toeplitz_p180,180,72,0.9352,0.9925
2026-04-12 18:00:06,Synthetic_toeplitz_p180,180,75,1.0068,0.9938
2026-04-12 18:00:08,Synthetic_toeplitz_p187,187,94,1.5364,0.9979
2026-04-12 18:00:08,Synthetic_toeplitz_p187,187,47,0.4740,0.9884
2026-04-12 18:00:09,Synthetic_toeplitz_p187,187,70,0.8858,0.9958
2026-04-12 18:00:10,Synthetic_toeplitz_p187,187,82,1.2238,0.9972
2026-04-12 18:00:11,Synthetic_toeplitz_p187,187,76,1.0442,0.9950
2026-04-12 18:00:12,Synthetic_toeplitz_p195,195,98,1.7087,0.9949
2026-04-12 18:00:13,Synthetic_toeplitz_p195,195,49,0.4887,0.9905
2026-04-12 18:00:14,Synthetic_toeplitz_p195,195,73,0.9785,0.9909
2026-04-12 18:00:15,Synthetic_toeplitz_p203,203,102,1.9075,0.9962
2026-04-12 18:00:16,Synthetic_toeplitz_p203,203,51,0.5219,0.9857
2026-04-12 18:00:17,Synthetic_toeplitz_p203,203,76,1.0855,0.9938
2026-04-12 18:00:18,Synthetic_toeplitz_p203,203,63,0.7511,0.9944
2026-04-12 18:00:19,Synthetic_toeplitz_p203,203,69,0.9094,0.9920
2026-04-12 18:00:20,Synthetic_toeplitz_p203,203,72,0.9710,0.9947
2026-04-12 18:00:21,Synthetic_toeplitz_p211,211,106,2.1211,0.9965
2026-04-12 18:00:22,Synthetic_toeplitz_p211,211,53,0.5642,0.9942
2026-04-12 18:00:23,Synthetic_toeplitz_p211,211,79,1.2005,0.9948
2026-04-12 18:00:24,Synthetic_toeplitz_p211,211,66,0.8369,0.9928
2026-04-12 18:00:25,Synthetic_toeplitz_p211,211,72,1.0064,0.9945
2026-04-12 18:00:26,Synthetic_toeplitz_p218,218,109,2.3309,0.9967
2026-04-12 18:00:27,Synthetic_toeplitz_p218,218,54,0.6117,0.9873
2026-04-12 18:00:28,Synthetic_toeplitz_p218,218,81,1.2892,0.9904
2026-04-12 18:00:29,Synthetic_toeplitz_p218,218,67,0.8890,0.9921
2026-04-12 18:00:30,Synthetic_toeplitz_p218,218,74,1.0862,0.9919
2026-04-12 18:00:31,Synthetic_toeplitz_p218,218,70,0.9707,0.9912
2026-04-12 18:00:33,Synthetic_toeplitz_p226,226,113,2.4778,0.9967
2026-04-12 18:00:34,Synthetic_toeplitz_p226,226,56,0.6221,0.9881
2026-04-12 18:00:35,Synthetic_toeplitz_p226,226,84,1.4183,0.9951
2026-04-12 18:00:36,Synthetic_toeplitz_p226,226,70,0.9835,0.9930
2026-04-12 18:00:38,Synthetic_toeplitz_p234,234,117,2.7000,0.9991
2026-04-12 18:00:39,Synthetic_toeplitz_p234,234,58,0.6919,0.9924
2026-04-12 18:00:40,Synthetic_toeplitz_p234,234,87,1.5262,0.9938
2026-04-12 18:00:42,Synthetic_toeplitz_p234,234,72,1.0459,0.9893
2026-04-12 18:00:44,Synthetic_toeplitz_p242,242,121,2.9385,0.9960
2026-04-12 18:00:45,Synthetic_toeplitz_p242,242,60,0.7347,0.9893
2026-04-12 18:00:46,Synthetic_toeplitz_p242,242,90,1.6459,0.9932
2026-04-12 18:00:47,Synthetic_toeplitz_p242,242,75,1.1426,0.9946
2026-04-12 18:00:48,Synthetic_toeplitz_p242,242,67,0.9069,0.9950
2026-04-12 18:00:49,Synthetic_toeplitz_p242,242,71,1.0209,0.9951
2026-04-12 18:00:52,Synthetic_toeplitz_p250,250,125,3.1685,0.9960
2026-04-12 18:00:53,Synthetic_toeplitz_p250,250,62,0.7876,0.9891
2026-04-12 18:00:54,Synthetic_toeplitz_p250,250,93,1.7818,0.9920
2026-04-12 18:00:56,Synthetic_toeplitz_p250,250,77,1.2259,0.9922
2026-04-12 18:00:57,Synthetic_toeplitz_p250,250,69,0.9772,0.9924
2026-04-12 18:00:57,Synthetic_toeplitz_p25,25,13,0.0487,0.9873
2026-04-12 18:00:57,Synthetic_toeplitz_p25,25,19,0.0462,0.9942
2026-04-12 18:00:57,Synthetic_toeplitz_p25,25,22,0.0426,0.9942
2026-04-12 18:00:57,Synthetic_toeplitz_p25,25,24,0.0404,1.0030
2026-04-12 18:00:57,Synthetic_toeplitz_p25,25,25,0.0401,1.0000
2026-04-12 18:00:57,Synthetic_toeplitz_p32,32,16,0.0649,0.9699
2026-04-12 18:00:58,Synthetic_toeplitz_p32,32,24,0.0627,1.0063
2026-04-12 18:00:58,Synthetic_toeplitz_p32,32,28,0.0611,1.0005
2026-04-12 18:00:58,Synthetic_toeplitz_p32,32,30,0.0581,0.9994
2026-04-12 18:00:58,Synthetic_toeplitz_p32,32,31,0.0577,1.0001
2026-04-12 18:00:58,Synthetic_toeplitz_p32,32,32,0.0563,1.0000
2026-04-12 18:00:58,Synthetic_toeplitz_p40,40,20,0.0868,0.9908
2026-04-12 18:00:58,Synthetic_toeplitz_p40,40,30,0.0861,1.0019
2026-04-12 18:00:59,Synthetic_toeplitz_p40,40,35,0.0825,1.0007
2026-04-12 18:00:59,Synthetic_toeplitz_p40,40,38,0.0781,0.9996
2026-04-12 18:00:59,Synthetic_toeplitz_p40,40,39,0.0777,1.0000
2026-04-12 18:00:59,Synthetic_toeplitz_p40,40,40,0.0764,1.0000
2026-04-12 18:00:59,Synthetic_toeplitz_p48,48,24,0.1113,0.9776
2026-04-12 18:01:00,Synthetic_toeplitz_p48,48,36,0.1126,0.9990
2026-04-12 18:01:00,Synthetic_toeplitz_p48,48,42,0.1099,1.0010
2026-04-12 18:01:00,Synthetic_toeplitz_p48,48,45,0.1049,1.0021
2026-04-12 18:01:00,Synthetic_toeplitz_p48,48,47,0.1017,1.0014
2026-04-12 18:01:01,Synthetic_toeplitz_p48,48,48,0.0988,1.0000
2026-04-12 18:01:01,Synthetic_toeplitz_p56,56,28,0.1383,0.9867
2026-04-12 18:01:01,Synthetic_toeplitz_p56,56,42,0.1416,1.0021
2026-04-12 18:01:01,Synthetic_toeplitz_p56,56,49,0.1359,1.0040
2026-04-12 18:01:02,Synthetic_toeplitz_p56,56,53,0.1374,1.0009
2026-04-12 18:01:02,Synthetic_toeplitz_p56,56,55,0.1396,1.0005
2026-04-12 18:01:02,Synthetic_toeplitz_p56,56,56,0.1403,1.0000
2026-04-12 18:01:02,Synthetic_toeplitz_p63,63,32,0.1651,0.9835
2026-04-12 18:01:03,Synthetic_toeplitz_p63,63,48,0.1706,1.0055
2026-04-12 18:01:03,Synthetic_toeplitz_p63,63,56,0.1821,1.0015
2026-04-12 18:01:03,Synthetic_toeplitz_p63,63,60,0.1859,1.0014
2026-04-12 18:01:04,Synthetic_toeplitz_p63,63,62,0.1869,1.0003
2026-04-12 18:01:04,Synthetic_toeplitz_p63,63,63,0.1913,1.0000
2026-04-12 18:01:04,Synthetic_toeplitz_p71,71,36,0.1950,0.9870
2026-04-12 18:01:05,Synthetic_toeplitz_p71,71,54,0.2148,0.9991
2026-04-12 18:01:05,Synthetic_toeplitz_p71,71,63,0.2466,1.0030
2026-04-12 18:01:05,Synthetic_toeplitz_p71,71,67,0.2530,1.0025
2026-04-12 18:01:06,Synthetic_toeplitz_p71,71,69,0.2555,1.0017
2026-04-12 18:01:06,Synthetic_toeplitz_p71,71,70,0.2566,1.0009
2026-04-12 18:01:06,Synthetic_toeplitz_p71,71,71,0.2603,1.0000
2026-04-12 18:01:07,Synthetic_toeplitz_p79,79,40,0.2214,0.9888
2026-04-12 18:01:07,Synthetic_toeplitz_p79,79,60,0.2844,1.0023
2026-04-12 18:01:07,Synthetic_toeplitz_p79,79,70,0.3245,1.0000
2026-04-12 18:01:08,Synthetic_toeplitz_p79,79,75,0.3394,1.0002
2026-04-12 18:01:08,Synthetic_toeplitz_p79,79,77,0.3423,1.0003
2026-04-12 18:01:08,Synthetic_toeplitz_p79,79,78,0.3375,1.0003
2026-04-12 18:01:09,Synthetic_toeplitz_p79,79,79,0.3471,1.0000
2026-04-12 18:01:09,Synthetic_toeplitz_p87,87,44,0.2492,0.9899
2026-04-12 18:01:10,Synthetic_toeplitz_p87,87,66,0.3623,1.0034
2026-04-12 18:01:10,Synthetic_toeplitz_p87,87,77,0.4098,1.0015
2026-04-12 18:01:10,Synthetic_toeplitz_p87,87,82,0.4352,1.0005
2026-04-12 18:01:11,Synthetic_toeplitz_p87,87,85,0.4314,1.0003
2026-04-12 18:01:11,Synthetic_toeplitz_p87,87,86,0.4430,1.0000
2026-04-12 18:01:12,Synthetic_toeplitz_p87,87,87,0.4349,1.0000
2026-04-12 18:01:12,Synthetic_toeplitz_p94,94,47,0.2837,0.9896
2026-04-12 18:01:13,Synthetic_toeplitz_p94,94,71,0.4506,1.0000
2026-04-12 18:01:13,Synthetic_toeplitz_p94,94,83,0.5197,1.0023
2026-04-12 18:01:13,Synthetic_toeplitz_p94,94,89,0.5497,1.0011
2026-04-12 18:01:14,Synthetic_toeplitz_p94,94,92,0.5410,1.0003
2026-04-12 18:01:14,Synthetic_toeplitz_p94,94,93,0.5561,1.0000
2026-04-12 18:01:15,Synthetic_toeplitz_p94,94,94,0.5488,1.0000
2026-04-12 18:01:15,Synthetic_toeplitz_p102,102,51,0.3288,0.9964
2026-04-12 18:01:16,Synthetic_toeplitz_p102,102,77,0.5721,1.0010
2026-04-12 18:01:16,Synthetic_toeplitz_p102,102,90,0.6587,1.0012
2026-04-12 18:01:17,Synthetic_toeplitz_p102,102,96,0.6796,1.0003
2026-04-12 18:01:17,Synthetic_toeplitz_p102,102,99,0.6925,1.0004
2026-04-12 18:01:18,Synthetic_toeplitz_p102,102,101,0.7023,1.0001
2026-04-12 18:01:18,Synthetic_toeplitz_p102,102,102,0.7046,1.0000
2026-04-12 18:01:19,Synthetic_toeplitz_p110,110,55,0.3945,0.9885
2026-04-12 18:01:19,Synthetic_toeplitz_p110,110,83,0.7022,1.0009
2026-04-12 18:01:20,Synthetic_toeplitz_p110,110,97,0.8177,1.0020
2026-04-12 18:01:21,Synthetic_toeplitz_p110,110,104,0.8607,1.0011
2026-04-12 18:01:21,Synthetic_toeplitz_p110,110,107,0.8579,1.0002
2026-04-12 18:01:22,Synthetic_toeplitz_p110,110,109,0.8700,1.0000
2026-04-12 18:01:22,Synthetic_toeplitz_p110,110,110,0.8672,1.0000
2026-04-12 18:01:23,Synthetic_toeplitz_p118,118,59,0.4616,0.9907
2026-04-12 18:01:24,Synthetic_toeplitz_p118,118,89,0.8410,1.0025
2026-04-12 18:01:24,Synthetic_toeplitz_p118,118,104,0.9733,1.0026
2026-04-12 18:01:25,Synthetic_toeplitz_p125,125,63,0.5502,0.9931
2026-04-12 18:01:25,Synthetic_toeplitz_p125,125,94,0.9800,1.0021
2026-04-12 18:01:26,Synthetic_toeplitz_p133,133,67,0.6398,0.9956
2026-04-12 18:01:27,Synthetic_toeplitz_p133,133,100,1.1589,1.0019
2026-04-12 18:01:27,Synthetic_toeplitz_p133,133,83,0.8924,0.9983
2026-04-12 18:01:28,Synthetic_toeplitz_p133,133,91,1.0280,1.0005
2026-04-12 18:01:29,Synthetic_toeplitz_p141,141,71,0.7260,0.9994
2026-04-12 18:01:30,Synthetic_toeplitz_p141,141,106,1.3453,1.0010
2026-04-12 18:01:30,Synthetic_toeplitz_p141,141,88,1.0453,0.9998
2026-04-12 18:01:31,Synthetic_toeplitz_p149,149,75,0.8570,0.9962
2026-04-12 18:01:32,Synthetic_toeplitz_p149,149,112,1.5743,1.0020
2026-04-12 18:01:33,Synthetic_toeplitz_p149,149,93,1.2182,0.9996
2026-04-12 18:01:34,Synthetic_toeplitz_p149,149,84,1.0336,0.9984
2026-04-12 18:01:35,Synthetic_toeplitz_p156,156,78,0.9638,0.9971
2026-04-12 18:01:35,Synthetic_toeplitz_p164,164,82,1.1094,0.9965
2026-04-12 18:01:36,Synthetic_toeplitz_p164,164,41,0.4101,0.9814
2026-04-12 18:01:36,Synthetic_toeplitz_p164,164,61,0.6486,0.9913
2026-04-12 18:01:37,Synthetic_toeplitz_p164,164,71,0.8490,0.9946
2026-04-12 18:01:38,Synthetic_toeplitz_p164,164,76,0.9617,0.9959
2026-04-12 18:01:39,Synthetic_toeplitz_p172,172,86,1.2492,0.9962
2026-04-12 18:01:39,Synthetic_toeplitz_p172,172,43,0.4303,0.9816
2026-04-12 18:01:40,Synthetic_toeplitz_p172,172,64,0.7159,0.9873
2026-04-12 18:01:41,Synthetic_toeplitz_p172,172,75,0.9705,0.9918
2026-04-12 18:01:42,Synthetic_toeplitz_p180,180,90,1.4055,0.9971
2026-04-12 18:01:43,Synthetic_toeplitz_p180,180,45,0.4613,0.9885
2026-04-12 18:01:43,Synthetic_toeplitz_p180,180,67,0.8017,0.9898
2026-04-12 18:01:44,Synthetic_toeplitz_p180,180,78,1.0939,0.9929
2026-04-12 18:01:45,Synthetic_toeplitz_p180,180,72,0.9188,0.9908
2026-04-12 18:01:46,Synthetic_toeplitz_p180,180,75,1.0071,0.9920
2026-04-12 18:01:47,Synthetic_toeplitz_p187,187,94,1.5623,0.9944
2026-04-12 18:01:48,Synthetic_toeplitz_p187,187,47,0.4695,0.9836
2026-04-12 18:01:48,Synthetic_toeplitz_p187,187,70,0.8892,0.9920
2026-04-12 18:01:49,Synthetic_toeplitz_p187,187,82,1.2071,0.9915
2026-04-12 18:01:50,Synthetic_toeplitz_p187,187,76,1.0545,0.9931
2026-04-12 18:01:51,Synthetic_toeplitz_p187,187,73,0.9759,0.9908
2026-04-12 18:01:52,Synthetic_toeplitz_p195,195,98,1.7125,0.9949
2026-04-12 18:01:53,Synthetic_toeplitz_p195,195,49,0.4887,0.9894
2026-04-12 18:01:54,Synthetic_toeplitz_p195,195,73,0.9866,0.9934
2026-04-12 18:01:55,Synthetic_toeplitz_p203,203,102,1.8840,0.9990
2026-04-12 18:01:56,Synthetic_toeplitz_p203,203,51,0.5225,0.9862
2026-04-12 18:01:57,Synthetic_toeplitz_p203,203,76,1.0931,0.9912
2026-04-12 18:01:58,Synthetic_toeplitz_p203,203,63,0.7598,0.9897
2026-04-12 18:01:59,Synthetic_toeplitz_p203,203,69,0.8900,0.9898
2026-04-12 18:02:00,Synthetic_toeplitz_p203,203,72,0.9698,0.9896
2026-04-12 18:02:01,Synthetic_toeplitz_p211,211,106,2.1020,0.9924
2026-04-12 18:02:02,Synthetic_toeplitz_p211,211,53,0.5701,0.9871
2026-04-12 18:02:03,Synthetic_toeplitz_p211,211,79,1.2230,0.9949
2026-04-12 18:02:04,Synthetic_toeplitz_p211,211,66,0.8499,0.9923
2026-04-12 18:02:05,Synthetic_toeplitz_p211,211,72,0.9991,0.9952
2026-04-12 18:02:07,Synthetic_toeplitz_p218,218,109,2.3115,0.9961
2026-04-12 18:02:07,Synthetic_toeplitz_p218,218,54,0.6062,0.9866
2026-04-12 18:02:09,Synthetic_toeplitz_p218,218,81,1.2853,0.9943
2026-04-12 18:02:10,Synthetic_toeplitz_p218,218,67,0.8876,0.9922
2026-04-12 18:02:11,Synthetic_toeplitz_p218,218,74,1.1001,0.9940
2026-04-12 18:02:12,Synthetic_toeplitz_p218,218,70,0.9796,0.9936
2026-04-12 18:02:13,Synthetic_toeplitz_p226,226,113,2.4942,0.9951
2026-04-12 18:02:14,Synthetic_toeplitz_p226,226,56,0.6409,0.9868
2026-04-12 18:02:15,Synthetic_toeplitz_p226,226,84,1.3960,0.9921
2026-04-12 18:02:16,Synthetic_toeplitz_p226,226,70,0.9650,0.9905
2026-04-12 18:02:18,Synthetic_toeplitz_p234,234,117,2.7497,0.9949
2026-04-12 18:02:19,Synthetic_toeplitz_p234,234,58,0.6847,0.9936
2026-04-12 18:02:21,Synthetic_toeplitz_p234,234,87,1.5146,0.9927
2026-04-12 18:02:22,Synthetic_toeplitz_p234,234,72,1.0502,0.9953
2026-04-12 18:02:23,Synthetic_toeplitz_p234,234,65,0.8464,0.9959
2026-04-12 18:02:24,Synthetic_toeplitz_p234,234,68,0.9407,0.9977
2026-04-12 18:02:25,Synthetic_toeplitz_p234,234,70,0.9806,0.9932
2026-04-12 18:02:27,Synthetic_toeplitz_p242,242,121,2.9433,0.9945
2026-04-12 18:02:28,Synthetic_toeplitz_p242,242,60,0.7298,0.9898
2026-04-12 18:02:29,Synthetic_toeplitz_p242,242,90,1.6442,0.9896
2026-04-12 18:02:31,Synthetic_toeplitz_p242,242,75,1.1373,0.9895
2026-04-12 18:02:32,Synthetic_toeplitz_p242,242,67,0.9064,0.9885
2026-04-12 18:02:33,Synthetic_toeplitz_p242,242,71,1.0231,0.9870
2026-04-12 18:02:35,Synthetic_toeplitz_p250,250,125,3.1881,0.9961
2026-04-12 18:02:36,Synthetic_toeplitz_p250,250,62,0.7851,0.9897
2026-04-12 18:02:38,Synthetic_toeplitz_p250,250,93,1.7833,0.9951
2026-04-12 18:02:39,Synthetic_toeplitz_p250,250,77,1.2287,0.9929
2026-04-12 18:02:40,Synthetic_toeplitz_p250,250,69,0.9886,0.9956
2026-04-12 18:02:40,Synthetic_toeplitz_p25,25,13,0.0488,0.9635
2026-04-12 18:02:40,Synthetic_toeplitz_p25,25,19,0.0450,1.0030
2026-04-12 18:02:40,Synthetic_toeplitz_p25,25,22,0.0417,1.0016
2026-04-12 18:02:40,Synthetic_toeplitz_p25,25,24,0.0407,1.0003
2026-04-12 18:02:41,Synthetic_toeplitz_p25,25,25,0.0391,1.0000
2026-04-12 18:02:41,Synthetic_toeplitz_p32,32,16,0.0646,0.9509
2026-04-12 18:02:41,Synthetic_toeplitz_p32,32,24,0.0626,0.9936
2026-04-12 18:02:41,Synthetic_toeplitz_p32,32,28,0.0589,0.9981
2026-04-12 18:02:41,Synthetic_toeplitz_p32,32,30,0.0570,1.0027
2026-04-12 18:02:41,Synthetic_toeplitz_p32,32,31,0.0569,1.0025
2026-04-12 18:02:41,Synthetic_toeplitz_p32,32,32,0.0555,1.0000
2026-04-12 18:02:42,Synthetic_toeplitz_p40,40,20,0.0869,0.9840
2026-04-12 18:02:42,Synthetic_toeplitz_p40,40,30,0.0871,1.0019
2026-04-12 18:02:42,Synthetic_toeplitz_p40,40,35,0.0827,1.0008
2026-04-12 18:02:42,Synthetic_toeplitz_p40,40,38,0.0773,1.0010
2026-04-12 18:02:42,Synthetic_toeplitz_p40,40,39,0.0771,1.0006
2026-04-12 18:02:43,Synthetic_toeplitz_p40,40,40,0.0762,1.0000
2026-04-12 18:02:43,Synthetic_toeplitz_p48,48,24,0.1107,0.9728
2026-04-12 18:02:43,Synthetic_toeplitz_p48,48,36,0.1152,1.0049
2026-04-12 18:02:43,Synthetic_toeplitz_p48,48,42,0.1083,1.0004
2026-04-12 18:02:43,Synthetic_toeplitz_p48,48,45,0.1046,1.0012
2026-04-12 18:02:44,Synthetic_toeplitz_p48,48,47,0.1025,1.0009
2026-04-12 18:02:44,Synthetic_toeplitz_p48,48,48,0.1011,1.0000
2026-04-12 18:02:44,Synthetic_toeplitz_p56,56,28,0.1386,0.9709
2026-04-12 18:02:44,Synthetic_toeplitz_p56,56,42,0.1399,1.0034
2026-04-12 18:02:45,Synthetic_toeplitz_p56,56,49,0.1369,1.0020
2026-04-12 18:02:45,Synthetic_toeplitz_p56,56,53,0.1385,1.0012
2026-04-12 18:02:45,Synthetic_toeplitz_p56,56,55,0.1380,0.9999
2026-04-12 18:02:45,Synthetic_toeplitz_p56,56,56,0.1424,1.0000
2026-04-12 18:02:46,Synthetic_toeplitz_p63,63,32,0.1646,0.9957
2026-04-12 18:02:46,Synthetic_toeplitz_p63,63,48,0.1713,1.0011
2026-04-12 18:02:46,Synthetic_toeplitz_p63,63,56,0.1804,1.0010
2026-04-12 18:02:47,Synthetic_toeplitz_p63,63,60,0.1863,1.0008
2026-04-12 18:02:47,Synthetic_toeplitz_p63,63,62,0.1875,1.0003
2026-04-12 18:02:47,Synthetic_toeplitz_p63,63,63,0.1926,1.0000
2026-04-12 18:02:47,Synthetic_toeplitz_p71,71,36,0.1897,0.9850
2026-04-12 18:02:48,Synthetic_toeplitz_p71,71,54,0.2179,1.0011
2026-04-12 18:02:48,Synthetic_toeplitz_p71,71,63,0.2428,1.0017
2026-04-12 18:02:48,Synthetic_toeplitz_p71,71,67,0.2498,1.0006
2026-04-12 18:02:49,Synthetic_toeplitz_p71,71,69,0.2553,1.0005
2026-04-12 18:02:49,Synthetic_toeplitz_p71,71,70,0.2562,1.0003
2026-04-12 18:02:50,Synthetic_toeplitz_p71,71,71,0.2576,1.0000
2026-04-12 18:02:50,Synthetic_toeplitz_p79,79,40,0.2217,0.9967
2026-04-12 18:02:50,Synthetic_toeplitz_p79,79,60,0.2874,1.0005
2026-04-12 18:02:51,Synthetic_toeplitz_p79,79,70,0.3243,1.0023
2026-04-12 18:02:51,Synthetic_toeplitz_p79,79,75,0.3388,1.0011
2026-04-12 18:02:51,Synthetic_toeplitz_p79,79,77,0.3442,1.0006
2026-04-12 18:02:52,Synthetic_toeplitz_p79,79,78,0.3420,1.0003
2026-04-12 18:02:52,Synthetic_toeplitz_p79,79,79,0.3421,1.0000
2026-04-12 18:02:52,Synthetic_toeplitz_p87,87,44,0.2491,0.9920
2026-04-12 18:02:53,Synthetic_toeplitz_p87,87,66,0.3594,1.0020
2026-04-12 18:02:53,Synthetic_toeplitz_p87,87,77,0.4170,1.0010
2026-04-12 18:02:54,Synthetic_toeplitz_p87,87,82,0.4310,1.0009
2026-04-12 18:02:54,Synthetic_toeplitz_p87,87,85,0.4319,1.0004
2026-04-12 18:02:55,Synthetic_toeplitz_p87,87,86,0.4360,1.0002
2026-04-12 18:02:55,Synthetic_toeplitz_p87,87,87,0.4433,1.0000
2026-04-12 18:02:55,Synthetic_toeplitz_p94,94,47,0.2812,0.9975
2026-04-12 18:02:56,Synthetic_toeplitz_p94,94,71,0.4471,0.9989
2026-04-12 18:02:56,Synthetic_toeplitz_p94,94,83,0.5215,1.0018
2026-04-12 18:02:57,Synthetic_toeplitz_p94,94,89,0.5406,1.0011
2026-04-12 18:02:57,Synthetic_toeplitz_p94,94,92,0.5446,1.0001
2026-04-12 18:02:58,Synthetic_toeplitz_p94,94,93,0.5528,1.0001
2026-04-12 18:02:58,Synthetic_toeplitz_p94,94,94,0.5489,1.0000
2026-04-12 18:02:59,Synthetic_toeplitz_p102,102,51,0.3262,0.9906
2026-04-12 18:02:59,Synthetic_toeplitz_p102,102,77,0.5631,1.0019
2026-04-12 18:03:00,Synthetic_toeplitz_p102,102,90,0.6521,1.0032
2026-04-12 18:03:00,Synthetic_toeplitz_p102,102,96,0.6927,1.0020
2026-04-12 18:03:01,Synthetic_toeplitz_p102,102,99,0.6818,1.0012
2026-04-12 18:03:01,Synthetic_toeplitz_p102,102,101,0.6842,1.0004
2026-04-12 18:03:02,Synthetic_toeplitz_p102,102,102,0.7014,1.0000
2026-04-12 18:03:02,Synthetic_toeplitz_p110,110,55,0.3974,0.9928
2026-04-12 18:03:03,Synthetic_toeplitz_p110,110,83,0.6954,1.0031
2026-04-12 18:03:03,Synthetic_toeplitz_p110,110,97,0.8203,1.0016
2026-04-12 18:03:04,Synthetic_toeplitz_p110,110,104,0.8518,1.0006
2026-04-12 18:03:05,Synthetic_toeplitz_p110,110,107,0.8663,1.0002
2026-04-12 18:03:05,Synthetic_toeplitz_p110,110,109,0.8709,1.0000
2026-04-12 18:03:06,Synthetic_toeplitz_p110,110,110,0.8671,1.0000
2026-04-12 18:03:06,Synthetic_toeplitz_p118,118,59,0.4707,0.9942
2026-04-12 18:03:07,Synthetic_toeplitz_p118,118,89,0.8411,1.0002
2026-04-12 18:03:07,Synthetic_toeplitz_p118,118,104,0.9789,1.0017
2026-04-12 18:03:08,Synthetic_toeplitz_p125,125,63,0.5417,0.9918
2026-04-12 18:03:09,Synthetic_toeplitz_p125,125,94,0.9902,1.0025
2026-04-12 18:03:09,Synthetic_toeplitz_p133,133,67,0.6297,0.9909
2026-04-12 18:03:10,Synthetic_toeplitz_p133,133,100,1.1637,1.0015
2026-04-12 18:03:11,Synthetic_toeplitz_p133,133,83,0.9023,0.9980
2026-04-12 18:03:11,Synthetic_toeplitz_p133,133,91,1.0320,1.0000
2026-04-12 18:03:12,Synthetic_toeplitz_p141,141,71,0.7313,0.9901
2026-04-12 18:03:13,Synthetic_toeplitz_p141,141,106,1.3422,1.0021
2026-04-12 18:03:14,Synthetic_toeplitz_p141,141,88,1.0237,0.9973
2026-04-12 18:03:14,Synthetic_toeplitz_p149,149,75,0.8519,0.9928
2026-04-12 18:03:15,Synthetic_toeplitz_p149,149,112,1.5729,1.0031
2026-04-12 18:03:16,Synthetic_toeplitz_p149,149,93,1.2012,0.9982
2026-04-12 18:03:17,Synthetic_toeplitz_p149,149,84,1.0349,0.9955
2026-04-12 18:03:18,Synthetic_toeplitz_p156,156,78,0.9573,0.9945
2026-04-12 18:03:19,Synthetic_toeplitz_p164,164,82,1.1058,0.9920
2026-04-12 18:03:19,Synthetic_toeplitz_p164,164,41,0.4059,0.9793
2026-04-12 18:03:20,Synthetic_toeplitz_p164,164,61,0.6473,0.9894
2026-04-12 18:03:21,Synthetic_toeplitz_p164,164,71,0.8479,0.9911
2026-04-12 18:03:21,Synthetic_toeplitz_p164,164,76,0.9530,0.9911
2026-04-12 18:03:22,Synthetic_toeplitz_p172,172,86,1.2483,0.9956
2026-04-12 18:03:23,Synthetic_toeplitz_p172,172,43,0.4313,0.9894
2026-04-12 18:03:24,Synthetic_toeplitz_p172,172,64,0.7160,0.9879
2026-04-12 18:03:24,Synthetic_toeplitz_p172,172,75,0.9737,0.9922
2026-04-12 18:03:25,Synthetic_toeplitz_p180,180,90,1.3935,0.9933
2026-04-12 18:03:26,Synthetic_toeplitz_p180,180,45,0.4563,0.9780
2026-04-12 18:03:27,Synthetic_toeplitz_p180,180,67,0.8065,0.9887
2026-04-12 18:03:28,Synthetic_toeplitz_p180,180,78,1.0727,0.9914
2026-04-12 18:03:28,Synthetic_toeplitz_p180,180,72,0.9212,0.9904
2026-04-12 18:03:29,Synthetic_toeplitz_p180,180,75,1.0028,0.9917
2026-04-12 18:03:30,Synthetic_toeplitz_p187,187,94,1.5378,0.9953
2026-04-12 18:03:31,Synthetic_toeplitz_p187,187,47,0.4746,0.9844
2026-04-12 18:03:32,Synthetic_toeplitz_p187,187,70,0.9041,0.9912
2026-04-12 18:03:33,Synthetic_toeplitz_p187,187,82,1.1915,0.9951
2026-04-12 18:03:34,Synthetic_toeplitz_p187,187,76,1.0415,0.9909
2026-04-12 18:03:35,Synthetic_toeplitz_p195,195,98,1.6882,0.9974
2026-04-12 18:03:36,Synthetic_toeplitz_p195,195,49,0.4894,0.9816
2026-04-12 18:03:37,Synthetic_toeplitz_p195,195,73,0.9869,0.9908
2026-04-12 18:03:38,Synthetic_toeplitz_p203,203,102,1.8970,0.9964
2026-04-12 18:03:39,Synthetic_toeplitz_p203,203,51,0.5265,0.9852
2026-04-12 18:03:40,Synthetic_toeplitz_p203,203,76,1.0902,0.9910
2026-04-12 18:03:41,Synthetic_toeplitz_p203,203,63,0.7722,0.9892
2026-04-12 18:03:41,Synthetic_toeplitz_p203,203,69,0.9055,0.9890
2026-04-12 18:03:42,Synthetic_toeplitz_p203,203,72,0.9789,0.9886
2026-04-12 18:03:44,Synthetic_toeplitz_p211,211,106,2.1314,0.9974
2026-04-12 18:03:45,Synthetic_toeplitz_p211,211,53,0.5720,0.9843
2026-04-12 18:03:46,Synthetic_toeplitz_p211,211,79,1.2132,0.9893
2026-04-12 18:03:47,Synthetic_toeplitz_p211,211,66,0.8483,0.9853
2026-04-12 18:03:48,Synthetic_toeplitz_p211,211,72,1.0174,0.9887
2026-04-12 18:03:49,Synthetic_toeplitz_p218,218,109,2.3086,0.9969
2026-04-12 18:03:50,Synthetic_toeplitz_p218,218,54,0.6011,0.9873
2026-04-12 18:03:51,Synthetic_toeplitz_p218,218,81,1.3014,0.9933
2026-04-12 18:03:52,Synthetic_toeplitz_p218,218,67,0.8978,0.9894
2026-04-12 18:03:53,Synthetic_toeplitz_p218,218,74,1.0669,0.9900
2026-04-12 18:03:54,Synthetic_toeplitz_p218,218,70,0.9835,0.9887
2026-04-12 18:03:56,Synthetic_toeplitz_p226,226,113,2.4742,0.9958
2026-04-12 18:03:57,Synthetic_toeplitz_p226,226,56,0.6382,0.9875
2026-04-12 18:03:58,Synthetic_toeplitz_p226,226,84,1.4000,0.9920
2026-04-12 18:03:59,Synthetic_toeplitz_p226,226,70,0.9758,0.9917
2026-04-12 18:04:01,Synthetic_toeplitz_p234,234,117,2.6937,0.9961
2026-04-12 18:04:02,Synthetic_toeplitz_p234,234,58,0.6996,0.9929
2026-04-12 18:04:03,Synthetic_toeplitz_p234,234,87,1.5309,0.9933
2026-04-12 18:04:04,Synthetic_toeplitz_p234,234,72,1.0277,0.9909
2026-04-12 18:04:06,Synthetic_toeplitz_p242,242,121,2.9305,0.9971
2026-04-12 18:04:07,Synthetic_toeplitz_p242,242,60,0.7317,0.9924
2026-04-12 18:04:09,Synthetic_toeplitz_p242,242,90,1.6309,0.9892
2026-04-12 18:04:10,Synthetic_toeplitz_p242,242,75,1.1471,0.9927
2026-04-12 18:04:11,Synthetic_toeplitz_p242,242,67,0.9122,0.9929
2026-04-12 18:04:12,Synthetic_toeplitz_p242,242,71,1.0217,0.9915
2026-04-12 18:04:14,Synthetic_toeplitz_p250,250,125,3.2099,0.9945
2026-04-12 18:04:15,Synthetic_toeplitz_p250,250,62,0.7917,0.9847
2026-04-12 18:04:17,Synthetic_toeplitz_p250,250,93,1.7728,0.9932
2026-04-12 18:04:18,Synthetic_toeplitz_p250,250,77,1.2065,0.9881
2026-04-12 18:04:19,Synthetic_toeplitz_p250,250,69,0.9763,0.9874
2026-04-12 18:04:20,Synthetic_toeplitz_p25,25,13,0.0487,0.9566
2026-04-12 18:04:20,Synthetic_toeplitz_p25,25,19,0.0456,0.9805
2026-04-12 18:04:20,Synthetic_toeplitz_p25,25,22,0.0420,1.0060
2026-04-12 18:04:20,Synthetic_toeplitz_p25,25,24,0.0404,1.0002
2026-04-12 18:04:20,Synthetic_toeplitz_p25,25,25,0.0388,1.0000
2026-04-12 18:04:20,Synthetic_toeplitz_p32,32,16,0.0662,0.9714
2026-04-12 18:04:20,Synthetic_toeplitz_p32,32,24,0.0633,0.9961
2026-04-12 18:04:20,Synthetic_toeplitz_p32,32,28,0.0602,1.0044
2026-04-12 18:04:20,Synthetic_toeplitz_p32,32,30,0.0580,1.0012
2026-04-12 18:04:21,Synthetic_toeplitz_p32,32,31,0.0574,1.0005
2026-04-12 18:04:21,Synthetic_toeplitz_p32,32,32,0.0546,1.0000
2026-04-12 18:04:21,Synthetic_toeplitz_p40,40,20,0.0906,0.9774
2026-04-12 18:04:21,Synthetic_toeplitz_p40,40,30,0.0887,1.0025
2026-04-12 18:04:21,Synthetic_toeplitz_p40,40,35,0.0810,0.9993
2026-04-12 18:04:21,Synthetic_toeplitz_p40,40,38,0.0785,1.0012
2026-04-12 18:04:22,Synthetic_toeplitz_p40,40,39,0.0768,1.0006
2026-04-12 18:04:22,Synthetic_toeplitz_p40,40,40,0.0752,1.0000
2026-04-12 18:04:22,Synthetic_toeplitz_p48,48,24,0.1099,0.9788
2026-04-12 18:04:22,Synthetic_toeplitz_p48,48,36,0.1136,1.0042
2026-04-12 18:04:22,Synthetic_toeplitz_p48,48,42,0.1063,1.0036
2026-04-12 18:04:23,Synthetic_toeplitz_p48,48,45,0.1074,1.0012
2026-04-12 18:04:23,Synthetic_toeplitz_p48,48,47,0.1011,1.0005
2026-04-12 18:04:23,Synthetic_toeplitz_p48,48,48,0.0995,1.0000
2026-04-12 18:04:23,Synthetic_toeplitz_p56,56,28,0.1363,0.9828
2026-04-12 18:04:24,Synthetic_toeplitz_p56,56,42,0.1415,0.9982
2026-04-12 18:04:24,Synthetic_toeplitz_p56,56,49,0.1346,1.0019
2026-04-12 18:04:24,Synthetic_toeplitz_p56,56,53,0.1384,1.0003
2026-04-12 18:04:25,Synthetic_toeplitz_p56,56,55,0.1397,1.0000
2026-04-12 18:04:25,Synthetic_toeplitz_p56,56,56,0.1392,1.0000
2026-04-12 18:04:25,Synthetic_toeplitz_p63,63,32,0.1637,0.9944
2026-04-12 18:04:25,Synthetic_toeplitz_p63,63,48,0.1689,1.0025
2026-04-12 18:04:26,Synthetic_toeplitz_p63,63,56,0.1798,1.0017
2026-04-12 18:04:26,Synthetic_toeplitz_p63,63,60,0.1887,1.0010
2026-04-12 18:04:26,Synthetic_toeplitz_p63,63,62,0.1786,1.0001
2026-04-12 18:04:27,Synthetic_toeplitz_p63,63,63,0.1916,1.0000
2026-04-12 18:04:27,Synthetic_toeplitz_p71,71,36,0.1940,0.9852
2026-04-12 18:04:27,Synthetic_toeplitz_p71,71,54,0.2159,1.0035
2026-04-12 18:04:27,Synthetic_toeplitz_p71,71,63,0.2475,1.0013
2026-04-12 18:04:28,Synthetic_toeplitz_p71,71,67,0.2519,1.0005
2026-04-12 18:04:28,Synthetic_toeplitz_p71,71,69,0.2576,1.0000
2026-04-12 18:04:29,Synthetic_toeplitz_p71,71,70,0.2510,1.0000
2026-04-12 18:04:29,Synthetic_toeplitz_p71,71,71,0.2591,1.0000
2026-04-12 18:04:29,Synthetic_toeplitz_p79,79,40,0.2223,0.9878
2026-04-12 18:04:30,Synthetic_toeplitz_p79,79,60,0.2879,1.0024
2026-04-12 18:04:30,Synthetic_toeplitz_p79,79,70,0.3309,1.0023
2026-04-12 18:04:30,Synthetic_toeplitz_p79,79,75,0.3400,1.0011
2026-04-12 18:04:31,Synthetic_toeplitz_p79,79,77,0.3397,1.0007
2026-04-12 18:04:31,Synthetic_toeplitz_p79,79,78,0.3446,1.0003
2026-04-12 18:04:31,Synthetic_toeplitz_p79,79,79,0.3471,1.0000
2026-04-12 18:04:32,Synthetic_toeplitz_p87,87,44,0.2538,0.9924
2026-04-12 18:04:32,Synthetic_toeplitz_p87,87,66,0.3534,1.0027
2026-04-12 18:04:33,Synthetic_toeplitz_p87,87,77,0.4155,1.0009
2026-04-12 18:04:33,Synthetic_toeplitz_p87,87,82,0.4200,1.0004
2026-04-12 18:04:33,Synthetic_toeplitz_p87,87,85,0.4330,1.0000
2026-04-12 18:04:34,Synthetic_toeplitz_p87,87,86,0.4444,1.0000
2026-04-12 18:04:34,Synthetic_toeplitz_p87,87,87,0.4354,1.0000
2026-04-12 18:04:35,Synthetic_toeplitz_p94,94,47,0.2833,0.9904
2026-04-12 18:04:35,Synthetic_toeplitz_p94,94,71,0.4585,1.0018
2026-04-12 18:04:36,Synthetic_toeplitz_p94,94,83,0.5204,1.0021
2026-04-12 18:04:36,Synthetic_toeplitz_p94,94,89,0.5507,1.0012
2026-04-12 18:04:37,Synthetic_toeplitz_p94,94,92,0.5455,1.0005
2026-04-12 18:04:37,Synthetic_toeplitz_p94,94,93,0.5517,1.0001
2026-04-12 18:04:38,Synthetic_toeplitz_p94,94,94,0.5611,1.0000
2026-04-12 18:04:38,Synthetic_toeplitz_p102,102,51,0.3267,0.9902
2026-04-12 18:04:38,Synthetic_toeplitz_p102,102,77,0.5646,1.0023
2026-04-12 18:04:39,Synthetic_toeplitz_p102,102,90,0.6619,1.0021
2026-04-12 18:04:39,Synthetic_toeplitz_p102,102,96,0.6859,1.0011
2026-04-12 18:04:40,Synthetic_toeplitz_p102,102,99,0.6871,1.0006
2026-04-12 18:04:41,Synthetic_toeplitz_p102,102,101,0.6991,1.0003
2026-04-12 18:04:41,Synthetic_toeplitz_p102,102,102,0.6877,1.0000
2026-04-12 18:04:42,Synthetic_toeplitz_p110,110,55,0.3990,0.9921
2026-04-12 18:04:42,Synthetic_toeplitz_p110,110,83,0.7060,0.9999
2026-04-12 18:04:43,Synthetic_toeplitz_p110,110,97,0.8120,1.0020
2026-04-12 18:04:43,Synthetic_toeplitz_p110,110,104,0.8599,1.0009
2026-04-12 18:04:44,Synthetic_toeplitz_p110,110,107,0.8673,1.0001
2026-04-12 18:04:44,Synthetic_toeplitz_p110,110,109,0.8746,1.0000
2026-04-12 18:04:45,Synthetic_toeplitz_p110,110,110,0.8718,1.0000
2026-04-12 18:04:46,Synthetic_toeplitz_p118,118,59,0.4610,0.9906
2026-04-12 18:04:46,Synthetic_toeplitz_p118,118,89,0.8298,1.0012
2026-04-12 18:04:47,Synthetic_toeplitz_p118,118,104,0.9485,1.0013
2026-04-12 18:04:47,Synthetic_toeplitz_p118,118,111,1.0240,1.0004
2026-04-12 18:04:48,Synthetic_toeplitz_p125,125,63,0.5498,0.9946
2026-04-12 18:04:49,Synthetic_toeplitz_p125,125,94,0.9945,1.0023
2026-04-12 18:04:49,Synthetic_toeplitz_p133,133,67,0.6280,0.9919
2026-04-12 18:04:50,Synthetic_toeplitz_p133,133,100,1.1626,1.0026
2026-04-12 18:04:51,Synthetic_toeplitz_p133,133,83,0.8944,0.9970
2026-04-12 18:04:51,Synthetic_toeplitz_p133,133,91,1.0273,0.9986
2026-04-12 18:04:52,Synthetic_toeplitz_p141,141,71,0.7244,0.9902
2026-04-12 18:04:53,Synthetic_toeplitz_p141,141,106,1.3523,1.0023
2026-04-12 18:04:54,Synthetic_toeplitz_p141,141,88,1.0280,0.9975
2026-04-12 18:04:54,Synthetic_toeplitz_p149,149,75,0.8481,0.9925
2026-04-12 18:04:55,Synthetic_toeplitz_p149,149,112,1.5768,1.0022
2026-04-12 18:04:56,Synthetic_toeplitz_p149,149,93,1.2098,0.9982
2026-04-12 18:04:57,Synthetic_toeplitz_p149,149,84,1.0179,0.9958
2026-04-12 18:04:58,Synthetic_toeplitz_p156,156,78,0.9586,0.9993
2026-04-12 18:04:59,Synthetic_toeplitz_p164,164,82,1.0857,0.9923
2026-04-12 18:04:59,Synthetic_toeplitz_p164,164,41,0.4116,0.9931
2026-04-12 18:05:00,Synthetic_toeplitz_p164,164,61,0.6444,0.9942
2026-04-12 18:05:01,Synthetic_toeplitz_p164,164,71,0.8433,0.9938
2026-04-12 18:05:01,Synthetic_toeplitz_p164,164,76,0.9566,0.9924
2026-04-12 18:05:02,Synthetic_toeplitz_p172,172,86,1.2416,0.9955
2026-04-12 18:05:03,Synthetic_toeplitz_p172,172,43,0.4293,0.9873
2026-04-12 18:05:03,Synthetic_toeplitz_p172,172,64,0.7130,0.9928
2026-04-12 18:05:04,Synthetic_toeplitz_p172,172,75,0.9556,0.9933
2026-04-12 18:05:05,Synthetic_toeplitz_p180,180,90,1.3863,0.9966
2026-04-12 18:05:06,Synthetic_toeplitz_p180,180,45,0.4493,0.9884
2026-04-12 18:05:07,Synthetic_toeplitz_p180,180,67,0.8139,0.9898
2026-04-12 18:05:08,Synthetic_toeplitz_p180,180,78,1.0826,0.9916
2026-04-12 18:05:08,Synthetic_toeplitz_p180,180,72,0.9300,0.9934
2026-04-12 18:05:09,Synthetic_toeplitz_p180,180,75,0.9845,0.9921
2026-04-12 18:05:10,Synthetic_toeplitz_p187,187,94,1.5309,0.9952
2026-04-12 18:05:11,Synthetic_toeplitz_p187,187,47,0.4814,0.9891
2026-04-12 18:05:12,Synthetic_toeplitz_p187,187,70,0.8965,0.9902
2026-04-12 18:05:13,Synthetic_toeplitz_p187,187,82,1.1976,0.9935
2026-04-12 18:05:14,Synthetic_toeplitz_p187,187,76,1.0471,0.9891
2026-04-12 18:05:15,Synthetic_toeplitz_p195,195,98,1.6961,0.9966
2026-04-12 18:05:16,Synthetic_toeplitz_p195,195,49,0.4885,0.9823
2026-04-12 18:05:17,Synthetic_toeplitz_p195,195,73,0.9879,0.9885
2026-04-12 18:05:18,Synthetic_toeplitz_p203,203,102,1.8767,0.9943
2026-04-12 18:05:19,Synthetic_toeplitz_p203,203,51,0.5266,0.9959
2026-04-12 18:05:20,Synthetic_toeplitz_p203,203,76,1.0854,0.9953
2026-04-12 18:05:20,Synthetic_toeplitz_p203,203,63,0.7517,0.9954
2026-04-12 18:05:21,Synthetic_toeplitz_p203,203,69,0.8900,0.9940
2026-04-12 18:05:22,Synthetic_toeplitz_p203,203,72,0.9700,0.9935
2026-04-12 18:05:24,Synthetic_toeplitz_p211,211,106,2.1054,0.9958
2026-04-12 18:05:25,Synthetic_toeplitz_p211,211,53,0.5716,0.9908
2026-04-12 18:05:26,Synthetic_toeplitz_p211,211,79,1.2120,0.9937
2026-04-12 18:05:27,Synthetic_toeplitz_p211,211,66,0.8390,0.9896
2026-04-12 18:05:28,Synthetic_toeplitz_p211,211,72,1.0078,0.9902
2026-04-12 18:05:29,Synthetic_toeplitz_p218,218,109,2.3147,0.9956
2026-04-12 18:05:30,Synthetic_toeplitz_p218,218,54,0.6041,0.9918
2026-04-12 18:05:31,Synthetic_toeplitz_p218,218,81,1.3167,0.9960
2026-04-12 18:05:32,Synthetic_toeplitz_p218,218,67,0.8911,0.9974
2026-04-12 18:05:33,Synthetic_toeplitz_p218,218,74,1.0930,0.9982
2026-04-12 18:05:34,Synthetic_toeplitz_p218,218,70,0.9691,0.9986
2026-04-12 18:05:36,Synthetic_toeplitz_p226,226,113,2.4182,0.9975
2026-04-12 18:05:37,Synthetic_toeplitz_p226,226,56,0.6397,0.9928
2026-04-12 18:05:38,Synthetic_toeplitz_p226,226,84,1.3943,0.9938
2026-04-12 18:05:39,Synthetic_toeplitz_p226,226,70,0.9829,0.9950
2026-04-12 18:05:41,Synthetic_toeplitz_p234,234,117,2.7016,0.9965
2026-04-12 18:05:42,Synthetic_toeplitz_p234,234,58,0.6835,0.9825
2026-04-12 18:05:43,Synthetic_toeplitz_p234,234,87,1.5124,0.9923
2026-04-12 18:05:44,Synthetic_toeplitz_p234,234,72,1.0343,0.9941
2026-04-12 18:05:46,Synthetic_toeplitz_p242,242,121,2.9535,0.9960
2026-04-12 18:05:47,Synthetic_toeplitz_p242,242,60,0.7290,0.9927
2026-04-12 18:05:49,Synthetic_toeplitz_p242,242,90,1.6598,0.9921
2026-04-12 18:05:50,Synthetic_toeplitz_p242,242,75,1.2630,0.9950
2026-04-12 18:05:51,Synthetic_toeplitz_p242,242,67,0.9202,0.9950
2026-04-12 18:05:52,Synthetic_toeplitz_p242,242,71,1.0197,0.9959
2026-04-12 18:05:55,Synthetic_toeplitz_p250,250,125,3.1763,0.9970
2026-04-12 18:05:56,Synthetic_toeplitz_p250,250,62,0.7924,0.9929
2026-04-12 18:05:57,Synthetic_toeplitz_p250,250,93,1.7911,0.9946
2026-04-12 18:05:58,Synthetic_toeplitz_p250,250,77,1.2260,0.9946
2026-04-12 18:06:00,Synthetic_toeplitz_p250,250,69,0.9739,0.9949
2026-04-12 18:06:00,Residential_p25,25,13,0.0491,0.9914
2026-04-12 18:06:00,Residential_p25,25,19,0.0446,0.9997
2026-04-12 18:06:00,Residential_p25,25,22,0.0431,0.9999
2026-04-12 18:06:00,Residential_p25,25,24,0.0407,1.0000
2026-04-12 18:06:00,Residential_p25,25,25,0.0390,1.0000
2026-04-12 18:06:00,Residential_p26,26,13,0.0528,0.9956
2026-04-12 18:06:00,Residential_p26,26,20,0.0478,0.9998
2026-04-12 18:06:00,Residential_p26,26,23,0.0448,1.0002
2026-04-12 18:06:01,Residential_p26,26,25,0.0420,1.0001
2026-04-12 18:06:01,Residential_p26,26,26,0.0423,1.0000
2026-04-12 18:06:01,Residential_p27,27,14,0.0543,0.9963
2026-04-12 18:06:01,Residential_p27,27,21,0.0525,1.0001
2026-04-12 18:06:01,Residential_p27,27,24,0.0470,1.0001
2026-04-12 18:06:01,Residential_p27,27,26,0.0440,1.0000
2026-04-12 18:06:01,Residential_p27,27,27,0.0428,1.0000
2026-04-12 18:06:01,Residential_p28,28,14,0.0555,0.9918
2026-04-12 18:06:01,Residential_p28,28,21,0.0529,1.0002
2026-04-12 18:06:02,Residential_p28,28,25,0.0494,1.0002
2026-04-12 18:06:02,Residential_p28,28,27,0.0459,1.0000
2026-04-12 18:06:02,Residential_p28,28,28,0.0449,1.0000
2026-04-12 18:06:02,Residential_p29,29,15,0.0579,0.9996
2026-04-12 18:06:02,Residential_p29,29,22,0.0544,1.0001
2026-04-12 18:06:02,Residential_p29,29,26,0.0510,1.0000
2026-04-12 18:06:02,Residential_p29,29,28,0.0484,1.0000
2026-04-12 18:06:02,Residential_p29,29,29,0.0475,1.0000
2026-04-12 18:06:03,Residential_p30,30,15,0.0595,0.9954
2026-04-12 18:06:03,Residential_p30,30,23,0.0566,0.9999
2026-04-12 18:06:03,Residential_p30,30,27,0.0536,1.0001
2026-04-12 18:06:03,Residential_p30,30,29,0.0517,1.0000
2026-04-12 18:06:03,Residential_p30,30,30,0.0493,1.0000
2026-04-12 18:06:03,Residential_p31,31,16,0.0622,1.0032
2026-04-12 18:06:03,Residential_p31,31,24,0.0587,1.0006
2026-04-12 18:06:03,Residential_p31,31,28,0.0556,1.0002
2026-04-12 18:06:04,Residential_p31,31,30,0.0534,1.0000
2026-04-12 18:06:04,Residential_p31,31,31,0.0522,1.0000
2026-04-12 18:06:04,Residential_p32,32,16,0.0665,0.9991
2026-04-12 18:06:04,Residential_p32,32,24,0.0636,0.9999
2026-04-12 18:06:04,Residential_p32,32,28,0.0601,1.0000
2026-04-12 18:06:04,Residential_p32,32,30,0.0572,1.0000
2026-04-12 18:06:04,Residential_p32,32,31,0.0569,1.0000
2026-04-12 18:06:05,Residential_p32,32,32,0.0550,1.0000
2026-04-12 18:06:05,Residential_p33,33,17,0.0669,0.9984
2026-04-12 18:06:05,Residential_p33,33,25,0.0649,0.9999
2026-04-12 18:06:05,Residential_p33,33,29,0.0609,1.0000
2026-04-12 18:06:05,Residential_p33,33,31,0.0585,1.0000
2026-04-12 18:06:05,Residential_p33,33,32,0.0580,1.0000
2026-04-12 18:06:05,Residential_p33,33,33,0.0571,1.0000
2026-04-12 18:06:06,Residential_p34,34,17,0.0704,0.9951
2026-04-12 18:06:06,Residential_p34,34,26,0.0676,1.0000
2026-04-12 18:06:06,Residential_p34,34,30,0.0644,1.0001
2026-04-12 18:06:06,Residential_p34,34,32,0.0624,1.0000
2026-04-12 18:06:06,Residential_p34,34,33,0.0605,1.0000
2026-04-12 18:06:06,Residential_p34,34,34,0.0603,1.0000
2026-04-12 18:06:06,Residential_p35,35,18,0.0727,0.9935
2026-04-12 18:06:07,Residential_p35,35,27,0.0708,0.9998
2026-04-12 18:06:07,Residential_p35,35,31,0.0669,1.0000
2026-04-12 18:06:07,Residential_p35,35,33,0.0638,1.0000
2026-04-12 18:06:07,Residential_p35,35,34,0.0634,1.0000
2026-04-12 18:06:07,Residential_p35,35,35,0.0620,1.0000
2026-04-12 18:06:07,Residential_p36,36,18,0.0719,0.9982
2026-04-12 18:06:07,Residential_p36,36,27,0.1141,0.9999
2026-04-12 18:06:08,Residential_p36,36,32,0.0708,1.0000
2026-04-12 18:06:08,Residential_p36,36,34,0.0676,1.0000
2026-04-12 18:06:08,Residential_p36,36,35,0.0655,1.0000
2026-04-12 18:06:08,Residential_p36,36,36,0.0649,1.0000
2026-04-12 18:06:08,Residential_p37,37,19,0.0780,0.9970
2026-04-12 18:06:08,Residential_p37,37,28,0.0776,1.0001
2026-04-12 18:06:09,Residential_p37,37,33,0.0717,1.0000
2026-04-12 18:06:09,Residential_p37,37,35,0.0701,1.0000
2026-04-12 18:06:09,Residential_p37,37,36,0.0681,1.0000
2026-04-12 18:06:09,Residential_p37,37,37,0.0671,1.0000
2026-04-12 18:06:09,Residential_p38,38,19,0.0815,0.9983
2026-04-12 18:06:09,Residential_p38,38,29,0.0804,0.9999
2026-04-12 18:06:10,Residential_p38,38,34,0.0751,1.0001
2026-04-12 18:06:10,Residential_p38,38,36,0.0737,1.0000
2026-04-12 18:06:10,Residential_p38,38,37,0.0712,1.0000
2026-04-12 18:06:10,Residential_p38,38,38,0.0700,1.0000
2026-04-12 18:06:10,Residential_p39,39,20,0.0838,0.9940
2026-04-12 18:06:10,Residential_p39,39,30,0.0826,0.9999
2026-04-12 18:06:11,Residential_p39,39,35,0.0787,1.0000
2026-04-12 18:06:11,Residential_p39,39,37,0.0759,1.0000
2026-04-12 18:06:11,Residential_p39,39,38,0.0740,1.0000
2026-04-12 18:06:11,Residential_p39,39,39,0.0718,1.0000
2026-04-12 18:06:11,Residential_p40,40,20,0.0872,0.9993
2026-04-12 18:06:12,Residential_p40,40,30,0.0876,1.0000
2026-04-12 18:06:12,Residential_p40,40,35,0.0835,1.0000
2026-04-12 18:06:12,Residential_p40,40,38,0.0787,1.0000
2026-04-12 18:06:12,Residential_p40,40,39,0.0776,1.0000
2026-04-12 18:06:12,Residential_p40,40,40,0.0772,1.0000
2026-04-12 18:06:12,Residential_p41,41,21,0.0891,0.9960
2026-04-12 18:06:13,Residential_p41,41,31,0.0893,0.9999
2026-04-12 18:06:13,Residential_p41,41,36,0.0840,1.0000
2026-04-12 18:06:13,Residential_p41,41,39,0.0816,1.0000
2026-04-12 18:06:13,Residential_p41,41,40,0.0798,1.0000
2026-04-12 18:06:13,Residential_p41,41,41,0.0776,1.0000
2026-04-12 18:06:14,Residential_p42,42,21,0.0920,0.9982
2026-04-12 18:06:14,Residential_p42,42,32,0.0918,0.9999
2026-04-12 18:06:14,Residential_p42,42,37,0.0884,1.0000
2026-04-12 18:06:14,Residential_p42,42,40,0.0843,1.0000
2026-04-12 18:06:14,Residential_p42,42,41,0.0818,1.0000
2026-04-12 18:06:15,Residential_p42,42,42,0.0817,1.0000
2026-04-12 18:06:15,Residential_p43,43,22,0.0950,0.9989
2026-04-12 18:06:15,Residential_p43,43,33,0.0958,1.0000
2026-04-12 18:06:15,Residential_p43,43,38,0.0910,1.0000
2026-04-12 18:06:15,Residential_p43,43,41,0.0871,1.0000
2026-04-12 18:06:16,Residential_p43,43,42,0.0852,1.0000
2026-04-12 18:06:16,Residential_p43,43,43,0.0841,1.0000
2026-04-12 18:06:16,Residential_p44,44,22,0.0987,0.9982
2026-04-12 18:06:16,Residential_p44,44,33,0.1016,0.9999
2026-04-12 18:06:16,Residential_p44,44,39,0.0950,1.0000
2026-04-12 18:06:17,Residential_p44,44,42,0.0904,1.0000
2026-04-12 18:06:17,Residential_p44,44,43,0.0889,1.0000
2026-04-12 18:06:17,Residential_p44,44,44,0.0869,1.0000
2026-04-12 18:06:17,Residential_p45,45,23,0.1021,0.9988
2026-04-12 18:06:17,Residential_p45,45,34,0.1032,1.0000
2026-04-12 18:06:18,Residential_p45,45,40,0.0973,1.0000
2026-04-12 18:06:18,Residential_p45,45,43,0.0915,1.0000
2026-04-12 18:06:18,Residential_p45,45,44,0.0919,1.0000
2026-04-12 18:06:18,Residential_p45,45,45,0.0900,1.0000
2026-04-12 18:06:18,Residential_p46,46,23,0.1040,0.9988
2026-04-12 18:06:19,Residential_p46,46,35,0.1063,1.0000
2026-04-12 18:06:19,Residential_p46,46,41,0.0991,1.0000
2026-04-12 18:06:19,Residential_p46,46,44,0.0941,1.0000
2026-04-12 18:06:19,Residential_p46,46,45,0.0930,1.0000
2026-04-12 18:06:20,Residential_p46,46,46,0.0931,1.0000
2026-04-12 18:06:20,Residential_p47,47,24,0.1076,0.9969
2026-04-12 18:06:20,Residential_p47,47,36,0.1065,1.0000
2026-04-12 18:06:20,Residential_p47,47,42,0.1029,1.0000
2026-04-12 18:06:20,Residential_p47,47,45,0.0976,1.0000
2026-04-12 18:06:21,Residential_p47,47,46,0.0970,1.0000
2026-04-12 18:06:21,Residential_p47,47,47,0.0945,1.0000
2026-04-12 18:06:21,Residential_p48,48,24,0.1127,0.9973
2026-04-12 18:06:21,Residential_p48,48,36,0.1147,1.0000
2026-04-12 18:06:22,Residential_p48,48,42,0.1073,1.0000
2026-04-12 18:06:22,Residential_p48,48,45,0.1033,1.0000
2026-04-12 18:06:22,Residential_p48,48,47,0.0999,1.0000
2026-04-12 18:06:22,Residential_p48,48,48,0.1002,1.0000
2026-04-12 18:06:22,Residential_p49,49,25,0.1154,0.9966
2026-04-12 18:06:23,Residential_p49,49,37,0.1136,1.0000
2026-04-12 18:06:23,Residential_p49,49,43,0.1101,1.0000
2026-04-12 18:06:23,Residential_p49,49,46,0.1060,1.0000
2026-04-12 18:06:23,Residential_p49,49,48,0.1030,1.0000
2026-04-12 18:06:24,Residential_p49,49,49,0.0999,1.0000
2026-04-12 18:06:24,Residential_p50,50,25,0.1162,0.9978
2026-04-12 18:06:24,Residential_p50,50,38,0.1178,1.0000
2026-04-12 18:06:24,Residential_p50,50,44,0.1124,1.0000
2026-04-12 18:06:25,Residential_p50,50,47,0.1071,1.0000
2026-04-12 18:06:25,Residential_p50,50,49,0.1044,1.0000
2026-04-12 18:06:25,Residential_p50,50,50,0.1033,1.0000
2026-04-12 18:06:25,Residential_p51,51,26,0.1196,0.9998
2026-04-12 18:06:26,Residential_p51,51,39,0.1215,1.0000
2026-04-12 18:06:26,Residential_p51,51,45,0.1154,1.0000
2026-04-12 18:06:26,Residential_p51,51,48,0.1110,1.0000
2026-04-12 18:06:26,Residential_p51,51,50,0.1081,1.0000
2026-04-12 18:06:27,Residential_p51,51,51,0.1091,1.0000
2026-04-12 18:06:27,Residential_p25,25,13,0.0497,0.9888
2026-04-12 18:06:27,Residential_p25,25,19,0.0452,1.0002
2026-04-12 18:06:27,Residential_p25,25,22,0.0425,1.0001
2026-04-12 18:06:27,Residential_p25,25,24,0.0406,1.0000
2026-04-12 18:06:27,Residential_p25,25,25,0.0395,1.0000
2026-04-12 18:06:27,Residential_p26,26,13,0.0518,0.9906
2026-04-12 18:06:27,Residential_p26,26,20,0.0477,0.9997
2026-04-12 18:06:28,Residential_p26,26,23,0.0449,1.0001
2026-04-12 18:06:28,Residential_p26,26,25,0.0430,1.0000
2026-04-12 18:06:28,Residential_p26,26,26,0.0424,1.0000
2026-04-12 18:06:28,Residential_p27,27,14,0.0548,0.9988
2026-04-12 18:06:28,Residential_p27,27,21,0.0509,1.0000
2026-04-12 18:06:28,Residential_p27,27,24,0.0478,1.0000
2026-04-12 18:06:28,Residential_p27,27,26,0.0453,1.0000
2026-04-12 18:06:28,Residential_p27,27,27,0.0434,1.0000
2026-04-12 18:06:28,Residential_p28,28,14,0.0565,0.9951
2026-04-12 18:06:29,Residential_p28,28,21,0.0534,1.0000
2026-04-12 18:06:29,Residential_p28,28,25,0.0496,1.0000
2026-04-12 18:06:29,Residential_p28,28,27,0.0483,1.0000
2026-04-12 18:06:29,Residential_p28,28,28,0.0463,1.0000
2026-04-12 18:06:29,Residential_p29,29,15,0.0585,1.0001
2026-04-12 18:06:29,Residential_p29,29,22,0.0568,1.0000
2026-04-12 18:06:29,Residential_p29,29,26,0.0520,1.0000
2026-04-12 18:06:29,Residential_p29,29,28,0.0490,1.0000
2026-04-12 18:06:30,Residential_p29,29,29,0.0476,1.0000
2026-04-12 18:06:30,Residential_p30,30,15,0.0629,0.9989
2026-04-12 18:06:30,Residential_p30,30,23,0.0591,1.0000
2026-04-12 18:06:30,Residential_p30,30,27,0.0544,1.0000
2026-04-12 18:06:30,Residential_p30,30,29,0.0528,1.0000
2026-04-12 18:06:30,Residential_p30,30,30,0.0513,1.0000
2026-04-12 18:06:30,Residential_p31,31,16,0.0639,0.9904
2026-04-12 18:06:30,Residential_p31,31,24,0.0604,0.9998
2026-04-12 18:06:31,Residential_p31,31,28,0.0576,1.0000
2026-04-12 18:06:31,Residential_p31,31,30,0.0550,1.0000
2026-04-12 18:06:31,Residential_p31,31,31,0.0528,1.0000
2026-04-12 18:06:31,Residential_p32,32,16,0.0691,0.9958
2026-04-12 18:06:31,Residential_p32,32,24,0.0637,0.9997
2026-04-12 18:06:31,Residential_p32,32,28,0.0607,0.9999
2026-04-12 18:06:31,Residential_p32,32,30,0.0581,1.0000
2026-04-12 18:06:31,Residential_p32,32,31,0.0568,1.0000
2026-04-12 18:06:32,Residential_p32,32,32,0.0552,1.0000
2026-04-12 18:06:32,Residential_p33,33,17,0.0690,0.9975
2026-04-12 18:06:32,Residential_p33,33,25,0.0665,1.0001
2026-04-12 18:06:32,Residential_p33,33,29,0.0623,1.0001
2026-04-12 18:06:32,Residential_p33,33,31,0.0602,1.0000
2026-04-12 18:06:32,Residential_p33,33,32,0.0593,1.0000
2026-04-12 18:06:33,Residential_p33,33,33,0.0571,1.0000
2026-04-12 18:06:33,Residential_p34,34,17,0.0711,0.9960
2026-04-12 18:06:33,Residential_p34,34,26,0.0685,1.0000
2026-04-12 18:06:33,Residential_p34,34,30,0.0662,1.0001
2026-04-12 18:06:33,Residential_p34,34,32,0.0624,1.0000
2026-04-12 18:06:33,Residential_p34,34,33,0.0604,1.0000
2026-04-12 18:06:33,Residential_p34,34,34,0.0608,1.0000
2026-04-12 18:06:34,Residential_p35,35,18,0.0739,0.9969
2026-04-12 18:06:34,Residential_p35,35,27,0.0715,1.0002
2026-04-12 18:06:34,Residential_p35,35,31,0.0671,1.0000
2026-04-12 18:06:34,Residential_p35,35,33,0.0652,1.0000
2026-04-12 18:06:34,Residential_p35,35,34,0.0643,1.0000
2026-04-12 18:06:34,Residential_p35,35,35,0.0633,1.0000
2026-04-12 18:06:34,Residential_p36,36,18,0.0774,0.9971
2026-04-12 18:06:35,Residential_p36,36,27,0.0754,1.0000
2026-04-12 18:06:35,Residential_p36,36,32,0.0703,1.0000
2026-04-12 18:06:35,Residential_p36,36,34,0.0687,1.0000
2026-04-12 18:06:35,Residential_p36,36,35,0.0659,1.0000
2026-04-12 18:06:35,Residential_p36,36,36,0.0654,1.0000
2026-04-12 18:06:35,Residential_p37,37,19,0.0793,0.9984
2026-04-12 18:06:36,Residential_p37,37,28,0.0783,1.0000
2026-04-12 18:06:36,Residential_p37,37,33,0.0719,1.0000
2026-04-12 18:06:36,Residential_p37,37,35,0.0706,1.0000
2026-04-12 18:06:36,Residential_p37,37,36,0.0683,1.0000
2026-04-12 18:06:36,Residential_p37,37,37,0.0679,1.0000
2026-04-12 18:06:36,Residential_p38,38,19,0.0831,0.9962
2026-04-12 18:06:37,Residential_p38,38,29,0.0808,1.0000
2026-04-12 18:06:37,Residential_p38,38,34,0.0745,1.0000
2026-04-12 18:06:37,Residential_p38,38,36,0.0730,1.0000
2026-04-12 18:06:37,Residential_p38,38,37,0.0705,1.0000
2026-04-12 18:06:37,Residential_p38,38,38,0.0706,1.0000
2026-04-12 18:06:37,Residential_p39,39,20,0.0838,1.0005
2026-04-12 18:06:38,Residential_p39,39,30,0.0841,1.0000
2026-04-12 18:06:38,Residential_p39,39,35,0.0778,1.0000
2026-04-12 18:06:38,Residential_p39,39,37,0.0764,1.0000
2026-04-12 18:06:38,Residential_p39,39,38,0.0746,1.0000
2026-04-12 18:06:38,Residential_p39,39,39,0.0725,1.0000
2026-04-12 18:06:38,Residential_p40,40,20,0.0878,0.9989
2026-04-12 18:06:39,Residential_p40,40,30,0.0884,0.9999
2026-04-12 18:06:39,Residential_p40,40,35,0.0833,1.0000
2026-04-12 18:06:39,Residential_p40,40,38,0.0785,1.0000
2026-04-12 18:06:39,Residential_p40,40,39,0.0759,1.0000
2026-04-12 18:06:39,Residential_p40,40,40,0.0761,1.0000
2026-04-12 18:06:40,Residential_p41,41,21,0.0903,0.9991
2026-04-12 18:06:40,Residential_p41,41,31,0.0908,1.0000
2026-04-12 18:06:40,Residential_p41,41,36,0.0861,1.0000
2026-04-12 18:06:40,Residential_p41,41,39,0.0800,1.0000
2026-04-12 18:06:40,Residential_p41,41,40,0.0800,1.0000
2026-04-12 18:06:41,Residential_p41,41,41,0.0797,1.0000
2026-04-12 18:06:41,Residential_p42,42,21,0.0922,0.9981
2026-04-12 18:06:41,Residential_p42,42,32,0.0926,1.0000
2026-04-12 18:06:41,Residential_p42,42,37,0.0889,1.0000
2026-04-12 18:06:41,Residential_p42,42,40,0.0842,1.0000
2026-04-12 18:06:41,Residential_p42,42,41,0.0836,1.0000
2026-04-12 18:06:42,Residential_p42,42,42,0.0815,1.0000
2026-04-12 18:06:42,Residential_p43,43,22,0.0974,0.9999
2026-04-12 18:06:42,Residential_p43,43,33,0.0976,1.0000
2026-04-12 18:06:42,Residential_p43,43,38,0.0910,1.0000
2026-04-12 18:06:42,Residential_p43,43,41,0.0882,1.0000
2026-04-12 18:06:43,Residential_p43,43,42,0.0865,1.0000
2026-04-12 18:06:43,Residential_p43,43,43,0.0851,1.0000
2026-04-12 18:06:43,Residential_p44,44,22,0.0973,0.9982
2026-04-12 18:06:43,Residential_p44,44,33,0.0988,1.0000
2026-04-12 18:06:43,Residential_p44,44,39,0.0936,1.0000
2026-04-12 18:06:44,Residential_p44,44,42,0.0910,1.0000
2026-04-12 18:06:44,Residential_p44,44,43,0.0885,1.0000
2026-04-12 18:06:44,Residential_p44,44,44,0.0868,1.0000
2026-04-12 18:06:44,Residential_p45,45,23,0.1011,0.9986
2026-04-12 18:06:44,Residential_p45,45,34,0.1025,1.0000
2026-04-12 18:06:45,Residential_p45,45,40,0.0963,1.0000
2026-04-12 18:06:45,Residential_p45,45,43,0.0925,1.0000
2026-04-12 18:06:45,Residential_p45,45,44,0.0902,1.0000
2026-04-12 18:06:45,Residential_p45,45,45,0.0890,1.0000
2026-04-12 18:06:46,Residential_p46,46,23,0.1049,1.0003
2026-04-12 18:06:46,Residential_p46,46,35,0.1051,1.0000
2026-04-12 18:06:46,Residential_p46,46,41,0.0981,1.0000
2026-04-12 18:06:46,Residential_p46,46,44,0.0949,1.0000
2026-04-12 18:06:46,Residential_p46,46,45,0.0927,1.0000
2026-04-12 18:06:47,Residential_p46,46,46,0.0941,1.0000
2026-04-12 18:06:47,Residential_p47,47,24,0.1085,0.9986
2026-04-12 18:06:47,Residential_p47,47,36,0.1087,1.0000
2026-04-12 18:06:47,Residential_p47,47,42,0.1012,1.0000
2026-04-12 18:06:48,Residential_p47,47,45,0.0969,1.0000
2026-04-12 18:06:48,Residential_p47,47,46,0.0956,1.0000
2026-04-12 18:06:48,Residential_p47,47,47,0.0934,1.0000
2026-04-12 18:06:48,Residential_p48,48,24,0.1118,0.9994
2026-04-12 18:06:48,Residential_p48,48,36,0.1137,0.9998
2026-04-12 18:06:49,Residential_p48,48,42,0.1074,1.0000
2026-04-12 18:06:49,Residential_p48,48,45,0.1045,1.0000
2026-04-12 18:06:49,Residential_p48,48,47,0.0982,1.0000
2026-04-12 18:06:49,Residential_p48,48,48,0.0974,1.0000
2026-04-12 18:06:50,Residential_p49,49,25,0.1137,0.9994
2026-04-12 18:06:50,Residential_p49,49,37,0.1141,1.0000
2026-04-12 18:06:50,Residential_p49,49,43,0.1092,1.0000
2026-04-12 18:06:50,Residential_p49,49,46,0.1048,1.0000
2026-04-12 18:06:51,Residential_p49,49,48,0.1019,1.0000
2026-04-12 18:06:51,Residential_p49,49,49,0.1010,1.0000
2026-04-12 18:06:51,Residential_p50,50,25,0.1166,0.9974
2026-04-12 18:06:51,Residential_p50,50,38,0.1185,1.0001
2026-04-12 18:06:52,Residential_p50,50,44,0.1125,1.0000
2026-04-12 18:06:52,Residential_p50,50,47,0.1075,1.0000
2026-04-12 18:06:52,Residential_p50,50,49,0.1045,1.0000
2026-04-12 18:06:52,Residential_p50,50,50,0.1051,1.0000
2026-04-12 18:06:53,Residential_p51,51,26,0.1210,0.9992
2026-04-12 18:06:53,Residential_p51,51,39,0.1290,1.0000
2026-04-12 18:06:53,Residential_p51,51,45,0.1153,1.0000
2026-04-12 18:06:53,Residential_p51,51,48,0.1110,1.0000
2026-04-12 18:06:54,Residential_p51,51,50,0.1080,1.0000
2026-04-12 18:06:54,Residential_p51,51,51,0.1108,1.0000
2026-04-12 18:06:54,Residential_p25,25,13,0.0496,0.9971
2026-04-12 18:06:54,Residential_p25,25,19,0.0456,0.9994
2026-04-12 18:06:54,Residential_p25,25,22,0.0430,0.9999
2026-04-12 18:06:54,Residential_p25,25,24,0.0409,1.0000
2026-04-12 18:06:54,Residential_p25,25,25,0.0388,1.0000
2026-04-12 18:06:55,Residential_p26,26,13,0.0510,0.9962
2026-04-12 18:06:55,Residential_p26,26,20,0.0483,0.9999
2026-04-12 18:06:55,Residential_p26,26,23,0.0453,1.0000
2026-04-12 18:06:55,Residential_p26,26,25,0.0426,1.0000
2026-04-12 18:06:55,Residential_p26,26,26,0.0418,1.0000
2026-04-12 18:06:55,Residential_p27,27,14,0.0528,0.9960
2026-04-12 18:06:55,Residential_p27,27,21,0.0508,1.0004
2026-04-12 18:06:55,Residential_p27,27,24,0.0475,1.0002
2026-04-12 18:06:55,Residential_p27,27,26,0.0447,1.0000
2026-04-12 18:06:56,Residential_p27,27,27,0.0427,1.0000
2026-04-12 18:06:56,Residential_p28,28,14,0.0568,0.9966
2026-04-12 18:06:56,Residential_p28,28,21,0.0540,0.9997
2026-04-12 18:06:56,Residential_p28,28,25,0.0499,0.9999
2026-04-12 18:06:56,Residential_p28,28,27,0.0471,1.0000
2026-04-12 18:06:56,Residential_p28,28,28,0.0461,1.0000
2026-04-12 18:06:56,Residential_p29,29,15,0.0582,0.9900
2026-04-12 18:06:56,Residential_p29,29,22,0.0554,1.0001
2026-04-12 18:06:56,Residential_p29,29,26,0.0520,0.9998
2026-04-12 18:06:57,Residential_p29,29,28,0.0483,1.0000
2026-04-12 18:06:57,Residential_p29,29,29,0.0475,1.0000
2026-04-12 18:06:57,Residential_p30,30,15,0.0605,0.9954
2026-04-12 18:06:57,Residential_p30,30,23,0.0577,0.9997
2026-04-12 18:06:57,Residential_p30,30,27,0.0534,1.0000
2026-04-12 18:06:57,Residential_p30,30,29,0.0509,1.0000
2026-04-12 18:06:57,Residential_p30,30,30,0.0506,1.0000
2026-04-12 18:06:57,Residential_p31,31,16,0.0624,0.9948
2026-04-12 18:06:58,Residential_p31,31,24,0.0600,1.0001
2026-04-12 18:06:58,Residential_p31,31,28,0.0558,1.0000
2026-04-12 18:06:58,Residential_p31,31,30,0.0540,1.0000
2026-04-12 18:06:58,Residential_p31,31,31,0.0527,1.0000
2026-04-12 18:06:58,Residential_p32,32,16,0.0665,0.9988
2026-04-12 18:06:58,Residential_p32,32,24,0.0633,1.0001
2026-04-12 18:06:58,Residential_p32,32,28,0.0600,1.0000
2026-04-12 18:06:59,Residential_p32,32,30,0.0572,1.0000
2026-04-12 18:06:59,Residential_p32,32,31,0.0560,1.0000
2026-04-12 18:06:59,Residential_p32,32,32,0.0536,1.0000
2026-04-12 18:06:59,Residential_p33,33,17,0.0670,0.9981
2026-04-12 18:06:59,Residential_p33,33,25,0.0654,0.9998
2026-04-12 18:06:59,Residential_p33,33,29,0.0619,1.0000
2026-04-12 18:06:59,Residential_p33,33,31,0.0600,1.0000
2026-04-12 18:07:00,Residential_p33,33,32,0.0583,1.0000
2026-04-12 18:07:00,Residential_p33,33,33,0.0566,1.0000
2026-04-12 18:07:00,Residential_p34,34,17,0.0703,0.9984
2026-04-12 18:07:00,Residential_p34,34,26,0.0675,1.0002
2026-04-12 18:07:00,Residential_p34,34,30,0.0651,1.0000
2026-04-12 18:07:00,Residential_p34,34,32,0.0628,1.0000
2026-04-12 18:07:00,Residential_p34,34,33,0.0608,1.0000
2026-04-12 18:07:01,Residential_p34,34,34,0.0594,1.0000
2026-04-12 18:07:01,Residential_p35,35,18,0.0726,0.9972
2026-04-12 18:07:01,Residential_p35,35,27,0.0703,1.0000
2026-04-12 18:07:01,Residential_p35,35,31,0.0683,1.0000
2026-04-12 18:07:01,Residential_p35,35,33,0.0661,1.0000
2026-04-12 18:07:01,Residential_p35,35,34,0.0642,1.0000
2026-04-12 18:07:02,Residential_p35,35,35,0.0634,1.0000
2026-04-12 18:07:02,Residential_p36,36,18,0.0763,0.9987
2026-04-12 18:07:02,Residential_p36,36,27,0.0760,1.0000
2026-04-12 18:07:02,Residential_p36,36,32,0.0711,1.0000
2026-04-12 18:07:02,Residential_p36,36,34,0.0681,1.0000
2026-04-12 18:07:02,Residential_p36,36,35,0.0670,1.0000
2026-04-12 18:07:03,Residential_p36,36,36,0.0654,1.0000
2026-04-12 18:07:03,Residential_p37,37,19,0.0783,0.9952
2026-04-12 18:07:03,Residential_p37,37,28,0.0779,1.0000
2026-04-12 18:07:03,Residential_p37,37,33,0.0729,1.0000
2026-04-12 18:07:03,Residential_p37,37,35,0.0705,1.0000
2026-04-12 18:07:03,Residential_p37,37,36,0.0689,1.0000
2026-04-12 18:07:04,Residential_p37,37,37,0.0678,1.0000
2026-04-12 18:07:04,Residential_p38,38,19,0.0809,0.9977
2026-04-12 18:07:04,Residential_p38,38,29,0.0807,1.0000
2026-04-12 18:07:04,Residential_p38,38,34,0.0763,1.0000
2026-04-12 18:07:04,Residential_p38,38,36,0.0742,1.0000
2026-04-12 18:07:04,Residential_p38,38,37,0.0716,1.0000
2026-04-12 18:07:05,Residential_p38,38,38,0.0703,1.0000
2026-04-12 18:07:05,Residential_p39,39,20,0.0848,1.0002
2026-04-12 18:07:05,Residential_p39,39,30,0.0842,1.0000
2026-04-12 18:07:05,Residential_p39,39,35,0.0800,1.0000
2026-04-12 18:07:05,Residential_p39,39,37,0.0759,1.0000
2026-04-12 18:07:05,Residential_p39,39,38,0.0738,1.0000
2026-04-12 18:07:06,Residential_p39,39,39,0.0728,1.0000
2026-04-12 18:07:06,Residential_p40,40,20,0.0880,0.9997
2026-04-12 18:07:06,Residential_p40,40,30,0.0877,1.0000
2026-04-12 18:07:06,Residential_p40,40,35,0.0834,1.0000
2026-04-12 18:07:06,Residential_p40,40,38,0.0788,1.0000
2026-04-12 18:07:06,Residential_p40,40,39,0.0775,1.0000
2026-04-12 18:07:07,Residential_p40,40,40,0.0755,1.0000
2026-04-12 18:07:07,Residential_p41,41,21,0.0899,0.9990
2026-04-12 18:07:07,Residential_p41,41,31,0.0898,1.0000
2026-04-12 18:07:07,Residential_p41,41,36,0.0854,1.0000
2026-04-12 18:07:07,Residential_p41,41,39,0.0812,1.0000
2026-04-12 18:07:08,Residential_p41,41,40,0.0797,1.0000
2026-04-12 18:07:08,Residential_p41,41,41,0.0784,1.0000
2026-04-12 18:07:08,Residential_p42,42,21,0.0931,0.9984
2026-04-12 18:07:08,Residential_p42,42,32,0.0937,0.9999
2026-04-12 18:07:08,Residential_p42,42,37,0.0888,1.0000
2026-04-12 18:07:09,Residential_p42,42,40,0.0838,1.0000
2026-04-12 18:07:09,Residential_p42,42,41,0.0833,1.0000
2026-04-12 18:07:09,Residential_p42,42,42,0.0812,1.0000
2026-04-12 18:07:09,Residential_p43,43,22,0.0965,0.9956
2026-04-12 18:07:09,Residential_p43,43,33,0.0969,0.9999
2026-04-12 18:07:09,Residential_p43,43,38,0.0908,1.0000
2026-04-12 18:07:10,Residential_p43,43,41,0.0849,1.0000
2026-04-12 18:07:10,Residential_p43,43,42,0.0845,1.0000
2026-04-12 18:07:10,Residential_p43,43,43,0.0843,1.0000
2026-04-12 18:07:10,Residential_p44,44,22,0.0988,0.9968
2026-04-12 18:07:10,Residential_p44,44,33,0.0991,1.0000
2026-04-12 18:07:11,Residential_p44,44,39,0.0937,1.0000
2026-04-12 18:07:11,Residential_p44,44,42,0.0905,1.0000
2026-04-12 18:07:11,Residential_p44,44,43,0.0881,1.0000
2026-04-12 18:07:11,Residential_p44,44,44,0.0872,1.0000
2026-04-12 18:07:12,Residential_p45,45,23,0.1028,0.9950
2026-04-12 18:07:12,Residential_p45,45,34,0.1034,1.0000
2026-04-12 18:07:12,Residential_p45,45,40,0.0972,1.0000
2026-04-12 18:07:12,Residential_p45,45,43,0.0935,1.0000
2026-04-12 18:07:12,Residential_p45,45,44,0.0916,1.0000
2026-04-12 18:07:13,Residential_p45,45,45,0.0887,1.0000
2026-04-12 18:07:13,Residential_p46,46,23,0.1056,0.9988
2026-04-12 18:07:13,Residential_p46,46,35,0.1067,0.9999
2026-04-12 18:07:13,Residential_p46,46,41,0.0992,1.0000
2026-04-12 18:07:13,Residential_p46,46,44,0.0950,1.0000
2026-04-12 18:07:14,Residential_p46,46,45,0.0933,1.0000
2026-04-12 18:07:14,Residential_p46,46,46,0.0913,1.0000
2026-04-12 18:07:14,Residential_p47,47,24,0.1102,0.9993
2026-04-12 18:07:14,Residential_p47,47,36,0.1094,1.0000
2026-04-12 18:07:15,Residential_p47,47,42,0.1033,1.0000
2026-04-12 18:07:15,Residential_p47,47,45,0.0996,1.0000
2026-04-12 18:07:15,Residential_p47,47,46,0.0977,1.0000
2026-04-12 18:07:15,Residential_p47,47,47,0.0955,1.0000
2026-04-12 18:07:15,Residential_p48,48,24,0.1119,0.9992
2026-04-12 18:07:16,Residential_p48,48,36,0.1135,0.9999
2026-04-12 18:07:16,Residential_p48,48,42,0.1072,1.0000
2026-04-12 18:07:16,Residential_p48,48,45,0.1029,1.0000
2026-04-12 18:07:16,Residential_p48,48,47,0.1017,1.0000
2026-04-12 18:07:17,Residential_p48,48,48,0.0991,1.0000
2026-04-12 18:07:17,Residential_p49,49,25,0.1137,0.9986
2026-04-12 18:07:17,Residential_p49,49,37,0.1147,1.0000
2026-04-12 18:07:17,Residential_p49,49,43,0.1084,1.0000
2026-04-12 18:07:18,Residential_p49,49,46,0.1047,1.0000
2026-04-12 18:07:18,Residential_p49,49,48,0.1018,1.0000
2026-04-12 18:07:18,Residential_p49,49,49,0.0997,1.0000
2026-04-12 18:07:18,Residential_p50,50,25,0.1178,0.9982
2026-04-12 18:07:19,Residential_p50,50,38,0.1185,1.0000
2026-04-12 18:07:19,Residential_p50,50,44,0.1124,1.0000
2026-04-12 18:07:19,Residential_p50,50,47,0.1081,1.0000
2026-04-12 18:07:19,Residential_p50,50,49,0.1042,1.0000
2026-04-12 18:07:20,Residential_p50,50,50,0.1034,1.0000
2026-04-12 18:07:20,Residential_p51,51,26,0.1202,0.9986
2026-04-12 18:07:20,Residential_p51,51,39,0.1221,1.0000
2026-04-12 18:07:20,Residential_p51,51,45,0.1206,1.0000
2026-04-12 18:07:21,Residential_p51,51,48,0.1125,1.0000
2026-04-12 18:07:21,Residential_p51,51,50,0.1085,1.0000
2026-04-12 18:07:21,Residential_p51,51,51,0.1093,1.0000
2026-04-12 18:07:21,Residential_p25,25,13,0.0492,0.9965
2026-04-12 18:07:21,Residential_p25,25,19,0.0459,1.0002
2026-04-12 18:07:21,Residential_p25,25,22,0.0432,1.0000
2026-04-12 18:07:22,Residential_p25,25,24,0.0409,1.0000
2026-04-12 18:07:22,Residential_p25,25,25,0.0396,1.0000
2026-04-12 18:07:22,Residential_p26,26,13,0.0516,0.9945
2026-04-12 18:07:22,Residential_p26,26,20,0.0476,0.9998
2026-04-12 18:07:22,Residential_p26,26,23,0.0451,1.0001
2026-04-12 18:07:22,Residential_p26,26,25,0.0427,1.0000
2026-04-12 18:07:22,Residential_p26,26,26,0.0417,1.0000
2026-04-12 18:07:22,Residential_p27,27,14,0.0544,0.9939
2026-04-12 18:07:22,Residential_p27,27,21,0.0497,0.9998
2026-04-12 18:07:23,Residential_p27,27,24,0.0473,1.0001
2026-04-12 18:07:23,Residential_p27,27,26,0.0455,1.0000
2026-04-12 18:07:23,Residential_p27,27,27,0.0443,1.0000
2026-04-12 18:07:23,Residential_p28,28,14,0.0574,0.9960
2026-04-12 18:07:23,Residential_p28,28,21,0.0538,0.9998
2026-04-12 18:07:23,Residential_p28,28,25,0.0496,0.9998
2026-04-12 18:07:23,Residential_p28,28,27,0.0472,1.0000
2026-04-12 18:07:23,Residential_p28,28,28,0.0458,1.0000
2026-04-12 18:07:23,Residential_p29,29,15,0.0593,0.9946
2026-04-12 18:07:24,Residential_p29,29,22,0.0540,1.0001
2026-04-12 18:07:24,Residential_p29,29,26,0.0517,1.0000
2026-04-12 18:07:24,Residential_p29,29,28,0.0488,1.0000
2026-04-12 18:07:24,Residential_p29,29,29,0.0479,1.0000
2026-04-12 18:07:24,Residential_p30,30,15,0.0600,0.9990
2026-04-12 18:07:24,Residential_p30,30,23,0.0579,0.9999
2026-04-12 18:07:24,Residential_p30,30,27,0.0546,1.0000
2026-04-12 18:07:24,Residential_p30,30,29,0.0509,1.0000
2026-04-12 18:07:25,Residential_p30,30,30,0.0501,1.0000
2026-04-12 18:07:25,Residential_p31,31,16,0.0627,0.9945
2026-04-12 18:07:25,Residential_p31,31,24,0.0598,0.9999
2026-04-12 18:07:25,Residential_p31,31,28,0.0561,1.0000
2026-04-12 18:07:25,Residential_p31,31,30,0.0535,1.0000
2026-04-12 18:07:25,Residential_p31,31,31,0.0519,1.0000
2026-04-12 18:07:25,Residential_p32,32,16,0.0672,0.9962
2026-04-12 18:07:25,Residential_p32,32,24,0.0637,1.0000
2026-04-12 18:07:26,Residential_p32,32,28,0.0601,1.0000
2026-04-12 18:07:26,Residential_p32,32,30,0.0576,1.0000
2026-04-12 18:07:26,Residential_p32,32,31,0.0562,1.0000
2026-04-12 18:07:26,Residential_p32,32,32,0.0557,1.0000
2026-04-12 18:07:26,Residential_p33,33,17,0.0683,0.9988
2026-04-12 18:07:26,Residential_p33,33,25,0.0653,0.9998
2026-04-12 18:07:26,Residential_p33,33,29,0.0620,1.0000
2026-04-12 18:07:27,Residential_p33,33,31,0.0592,1.0000
2026-04-12 18:07:27,Residential_p33,33,32,0.0575,1.0000
2026-04-12 18:07:27,Residential_p33,33,33,0.0564,1.0000
2026-04-12 18:07:27,Residential_p34,34,17,0.0712,0.9993
2026-04-12 18:07:27,Residential_p34,34,26,0.0687,1.0000
2026-04-12 18:07:27,Residential_p34,34,30,0.0658,1.0000
2026-04-12 18:07:28,Residential_p34,34,32,0.0631,1.0000
2026-04-12 18:07:28,Residential_p34,34,33,0.0611,1.0000
2026-04-12 18:07:28,Residential_p34,34,34,0.0596,1.0000
2026-04-12 18:07:28,Residential_p35,35,18,0.0714,0.9982
2026-04-12 18:07:28,Residential_p35,35,27,0.0703,1.0000
2026-04-12 18:07:28,Residential_p35,35,31,0.0670,1.0000
2026-04-12 18:07:28,Residential_p35,35,33,0.0649,1.0000
2026-04-12 18:07:29,Residential_p35,35,34,0.0635,1.0000
2026-04-12 18:07:29,Residential_p35,35,35,0.0616,1.0000
2026-04-12 18:07:29,Residential_p36,36,18,0.0759,0.9960
2026-04-12 18:07:29,Residential_p36,36,27,0.0752,0.9999
2026-04-12 18:07:29,Residential_p36,36,32,0.0702,1.0000
2026-04-12 18:07:29,Residential_p36,36,34,0.0675,1.0000
2026-04-12 18:07:30,Residential_p36,36,35,0.0663,1.0000
2026-04-12 18:07:30,Residential_p36,36,36,0.0649,1.0000
2026-04-12 18:07:30,Residential_p37,37,19,0.0787,0.9949
2026-04-12 18:07:30,Residential_p37,37,28,0.0767,1.0001
2026-04-12 18:07:30,Residential_p37,37,33,0.0738,1.0000
2026-04-12 18:07:30,Residential_p37,37,35,0.0701,1.0000
2026-04-12 18:07:31,Residential_p37,37,36,0.0696,1.0000
2026-04-12 18:07:31,Residential_p37,37,37,0.0679,1.0000
2026-04-12 18:07:31,Residential_p38,38,19,0.0810,0.9995
2026-04-12 18:07:31,Residential_p38,38,29,0.0802,1.0000
2026-04-12 18:07:31,Residential_p38,38,34,0.0745,1.0000
2026-04-12 18:07:31,Residential_p38,38,36,0.0718,1.0000
2026-04-12 18:07:32,Residential_p38,38,37,0.0717,1.0000
2026-04-12 18:07:32,Residential_p38,38,38,0.0716,1.0000
2026-04-12 18:07:32,Residential_p39,39,20,0.0815,0.9966
2026-04-12 18:07:32,Residential_p39,39,30,0.0827,1.0000
2026-04-12 18:07:32,Residential_p39,39,35,0.0784,1.0000
2026-04-12 18:07:32,Residential_p39,39,37,0.0758,1.0000
2026-04-12 18:07:33,Residential_p39,39,38,0.0744,1.0000
2026-04-12 18:07:33,Residential_p39,39,39,0.0728,1.0000
2026-04-12 18:07:33,Residential_p40,40,20,0.0855,0.9947
2026-04-12 18:07:33,Residential_p40,40,30,0.0872,1.0000
2026-04-12 18:07:33,Residential_p40,40,35,0.0828,1.0000
2026-04-12 18:07:33,Residential_p40,40,38,0.0792,1.0000
2026-04-12 18:07:34,Residential_p40,40,39,0.0776,1.0000
2026-04-12 18:07:34,Residential_p40,40,40,0.0759,1.0000
2026-04-12 18:07:34,Residential_p41,41,21,0.0899,0.9982
2026-04-12 18:07:34,Residential_p41,41,31,0.0899,1.0000
2026-04-12 18:07:34,Residential_p41,41,36,0.0849,1.0000
2026-04-12 18:07:35,Residential_p41,41,39,0.0803,1.0000
2026-04-12 18:07:35,Residential_p41,41,40,0.0789,1.0000
2026-04-12 18:07:35,Residential_p41,41,41,0.0790,1.0000
2026-04-12 18:07:35,Residential_p42,42,21,0.0939,0.9992
2026-04-12 18:07:35,Residential_p42,42,32,0.0916,0.9999
2026-04-12 18:07:35,Residential_p42,42,37,0.0868,1.0000
2026-04-12 18:07:36,Residential_p42,42,40,0.0839,1.0000
2026-04-12 18:07:36,Residential_p42,42,41,0.0822,1.0000
2026-04-12 18:07:36,Residential_p42,42,42,0.0824,1.0000
2026-04-12 18:07:36,Residential_p43,43,22,0.0959,0.9995
2026-04-12 18:07:36,Residential_p43,43,33,0.0956,1.0001
2026-04-12 18:07:37,Residential_p43,43,38,0.0904,1.0000
2026-04-12 18:07:37,Residential_p43,43,41,0.0864,1.0000
2026-04-12 18:07:37,Residential_p43,43,42,0.0846,1.0000
2026-04-12 18:07:37,Residential_p43,43,43,0.0853,1.0000
2026-04-12 18:07:37,Residential_p44,44,22,0.0989,0.9974
2026-04-12 18:07:38,Residential_p44,44,33,0.1003,0.9999
2026-04-12 18:07:38,Residential_p44,44,39,0.0919,1.0000
2026-04-12 18:07:38,Residential_p44,44,42,0.0904,1.0000
2026-04-12 18:07:38,Residential_p44,44,43,0.0884,1.0000
2026-04-12 18:07:39,Residential_p44,44,44,0.0868,1.0000
2026-04-12 18:07:39,Residential_p45,45,23,0.1000,0.9995
2026-04-12 18:07:39,Residential_p45,45,34,0.1033,1.0000
2026-04-12 18:07:39,Residential_p45,45,40,0.0976,1.0000
2026-04-12 18:07:39,Residential_p45,45,43,0.0930,1.0000
2026-04-12 18:07:40,Residential_p45,45,44,0.0904,1.0000
2026-04-12 18:07:40,Residential_p45,45,45,0.0899,1.0000
2026-04-12 18:07:40,Residential_p46,46,23,0.1046,0.9966
2026-04-12 18:07:40,Residential_p46,46,35,0.1047,1.0000
2026-04-12 18:07:40,Residential_p46,46,41,0.0981,1.0000
2026-04-12 18:07:41,Residential_p46,46,44,0.0945,1.0000
2026-04-12 18:07:41,Residential_p46,46,45,0.0934,1.0000
2026-04-12 18:07:41,Residential_p46,46,46,0.0918,1.0000
2026-04-12 18:07:41,Residential_p47,47,24,0.1075,0.9984
2026-04-12 18:07:41,Residential_p47,47,36,0.1089,1.0000
2026-04-12 18:07:42,Residential_p47,47,42,0.1001,1.0000
2026-04-12 18:07:42,Residential_p47,47,45,0.0973,1.0000
2026-04-12 18:07:42,Residential_p47,47,46,0.0954,1.0000
2026-04-12 18:07:43,Residential_p47,47,47,0.0956,1.0000
2026-04-12 18:07:43,Residential_p48,48,24,0.1124,0.9972
2026-04-12 18:07:43,Residential_p48,48,36,0.1142,1.0000
2026-04-12 18:07:43,Residential_p48,48,42,0.1071,1.0000
2026-04-12 18:07:43,Residential_p48,48,45,0.1070,1.0000
2026-04-12 18:07:44,Residential_p48,48,47,0.0991,1.0000
2026-04-12 18:07:44,Residential_p48,48,48,0.0985,1.0000
2026-04-12 18:07:44,Residential_p49,49,25,0.1132,0.9963
2026-04-12 18:07:44,Residential_p49,49,37,0.1124,1.0000
2026-04-12 18:07:44,Residential_p49,49,43,0.1101,1.0000
2026-04-12 18:07:45,Residential_p49,49,46,0.1078,1.0000
2026-04-12 18:07:45,Residential_p49,49,48,0.1025,1.0000
2026-04-12 18:07:45,Residential_p49,49,49,0.0998,1.0000
2026-04-12 18:07:45,Residential_p50,50,25,0.1158,0.9985
2026-04-12 18:07:46,Residential_p50,50,38,0.1174,1.0000
2026-04-12 18:07:46,Residential_p50,50,44,0.1118,1.0000
2026-04-12 18:07:46,Residential_p50,50,47,0.1077,1.0000
2026-04-12 18:07:46,Residential_p50,50,49,0.1048,1.0000
2026-04-12 18:07:47,Residential_p50,50,50,0.1026,1.0000
2026-04-12 18:07:47,Residential_p51,51,26,0.1195,0.9999
2026-04-12 18:07:47,Residential_p51,51,39,0.1205,0.9999
2026-04-12 18:07:47,Residential_p51,51,45,0.1148,1.0000
2026-04-12 18:07:48,Residential_p51,51,48,0.1115,1.0000
2026-04-12 18:07:48,Residential_p51,51,50,0.1084,1.0000
2026-04-12 18:07:48,Residential_p51,51,51,0.1084,1.0000
2026-04-12 18:07:48,Residential_p25,25,13,0.0492,0.9990
2026-04-12 18:07:49,Residential_p25,25,19,0.0457,0.9998
2026-04-12 18:07:49,Residential_p25,25,22,0.0426,1.0000
2026-04-12 18:07:49,Residential_p25,25,24,0.0400,1.0000
2026-04-12 18:07:49,Residential_p25,25,25,0.0389,1.0000
2026-04-12 18:07:49,Residential_p26,26,13,0.0522,0.9938
2026-04-12 18:07:49,Residential_p26,26,20,0.0477,1.0001
2026-04-12 18:07:49,Residential_p26,26,23,0.0445,1.0000
2026-04-12 18:07:49,Residential_p26,26,25,0.0435,1.0000
2026-04-12 18:07:49,Residential_p26,26,26,0.0417,1.0000
2026-04-12 18:07:49,Residential_p27,27,14,0.0539,0.9973
2026-04-12 18:07:50,Residential_p27,27,21,0.0499,0.9999
2026-04-12 18:07:50,Residential_p27,27,24,0.0476,0.9999
2026-04-12 18:07:50,Residential_p27,27,26,0.0444,0.9999
2026-04-12 18:07:50,Residential_p27,27,27,0.0434,1.0000
2026-04-12 18:07:50,Residential_p28,28,14,0.0566,0.9994
2026-04-12 18:07:50,Residential_p28,28,21,0.0531,1.0006
2026-04-12 18:07:50,Residential_p28,28,25,0.0494,1.0000
2026-04-12 18:07:50,Residential_p28,28,27,0.0474,1.0000
2026-04-12 18:07:51,Residential_p28,28,28,0.0465,1.0000
2026-04-12 18:07:51,Residential_p29,29,15,0.0585,0.9992
2026-04-12 18:07:51,Residential_p29,29,22,0.0555,1.0001
2026-04-12 18:07:51,Residential_p29,29,26,0.0515,1.0000
2026-04-12 18:07:51,Residential_p29,29,28,0.0491,1.0000
2026-04-12 18:07:51,Residential_p29,29,29,0.0475,1.0000
2026-04-12 18:07:51,Residential_p30,30,15,0.0606,0.9986
2026-04-12 18:07:51,Residential_p30,30,23,0.0576,1.0000
2026-04-12 18:07:51,Residential_p30,30,27,0.0547,1.0000
2026-04-12 18:07:52,Residential_p30,30,29,0.0509,1.0000
2026-04-12 18:07:52,Residential_p30,30,30,0.0500,1.0000
2026-04-12 18:07:52,Residential_p31,31,16,0.0625,0.9938
2026-04-12 18:07:52,Residential_p31,31,24,0.0608,1.0002
2026-04-12 18:07:52,Residential_p31,31,28,0.0571,1.0000
2026-04-12 18:07:52,Residential_p31,31,30,0.0544,1.0000
2026-04-12 18:07:52,Residential_p31,31,31,0.0520,1.0000
2026-04-12 18:07:52,Residential_p32,32,16,0.0660,0.9945
2026-04-12 18:07:53,Residential_p32,32,24,0.0641,0.9999
2026-04-12 18:07:53,Residential_p32,32,28,0.0600,1.0000
2026-04-12 18:07:53,Residential_p32,32,30,0.0582,1.0000
2026-04-12 18:07:53,Residential_p32,32,31,0.0559,1.0000
2026-04-12 18:07:53,Residential_p32,32,32,0.0547,1.0000
2026-04-12 18:07:53,Residential_p33,33,17,0.0683,0.9938
2026-04-12 18:07:53,Residential_p33,33,25,0.0656,1.0000
2026-04-12 18:07:54,Residential_p33,33,29,0.0621,1.0000
2026-04-12 18:07:54,Residential_p33,33,31,0.0601,1.0000
2026-04-12 18:07:54,Residential_p33,33,32,0.0582,1.0000
2026-04-12 18:07:54,Residential_p33,33,33,0.0567,1.0000
2026-04-12 18:07:54,Residential_p34,34,17,0.0710,0.9999
2026-04-12 18:07:54,Residential_p34,34,26,0.0686,1.0000
2026-04-12 18:07:54,Residential_p34,34,30,0.0644,1.0000
2026-04-12 18:07:55,Residential_p34,34,32,0.0622,1.0000
2026-04-12 18:07:55,Residential_p34,34,33,0.0609,1.0000
2026-04-12 18:07:55,Residential_p34,34,34,0.0602,1.0000
2026-04-12 18:07:55,Residential_p35,35,18,0.0743,0.9968
2026-04-12 18:07:55,Residential_p35,35,27,0.0721,0.9999
2026-04-12 18:07:55,Residential_p35,35,31,0.0675,1.0001
2026-04-12 18:07:56,Residential_p35,35,33,0.0649,1.0000
2026-04-12 18:07:56,Residential_p35,35,34,0.0636,1.0000
2026-04-12 18:07:56,Residential_p35,35,35,0.0612,1.0000
2026-04-12 18:07:56,Residential_p36,36,18,0.0757,0.9982
2026-04-12 18:07:56,Residential_p36,36,27,0.0748,1.0002
2026-04-12 18:07:56,Residential_p36,36,32,0.0709,1.0000
2026-04-12 18:07:57,Residential_p36,36,34,0.0684,1.0000
2026-04-12 18:07:57,Residential_p36,36,35,0.0667,1.0000
2026-04-12 18:07:57,Residential_p36,36,36,0.0653,1.0000
2026-04-12 18:07:57,Residential_p37,37,19,0.0782,0.9990
2026-04-12 18:07:57,Residential_p37,37,28,0.0772,1.0000
2026-04-12 18:07:57,Residential_p37,37,33,0.0732,1.0000
2026-04-12 18:07:57,Residential_p37,37,35,0.0709,1.0000
2026-04-12 18:07:58,Residential_p37,37,36,0.0690,1.0000
2026-04-12 18:07:58,Residential_p37,37,37,0.0674,1.0000
2026-04-12 18:07:58,Residential_p38,38,19,0.0814,0.9957
2026-04-12 18:07:58,Residential_p38,38,29,0.0805,0.9999
2026-04-12 18:07:58,Residential_p38,38,34,0.0768,1.0000
2026-04-12 18:07:58,Residential_p38,38,36,0.0733,1.0000
2026-04-12 18:07:59,Residential_p38,38,37,0.0723,1.0000
2026-04-12 18:07:59,Residential_p38,38,38,0.0708,1.0000
2026-04-12 18:07:59,Residential_p39,39,20,0.0848,0.9988
2026-04-12 18:07:59,Residential_p39,39,30,0.0840,1.0000
2026-04-12 18:07:59,Residential_p39,39,35,0.0792,1.0000
2026-04-12 18:08:00,Residential_p39,39,37,0.0754,1.0000
2026-04-12 18:08:00,Residential_p39,39,38,0.0749,1.0000
2026-04-12 18:08:00,Residential_p39,39,39,0.0736,1.0000
2026-04-12 18:08:00,Residential_p40,40,20,0.0873,0.9989
2026-04-12 18:08:00,Residential_p40,40,30,0.0885,1.0001
2026-04-12 18:08:00,Residential_p40,40,35,0.0837,1.0000
2026-04-12 18:08:01,Residential_p40,40,38,0.0778,1.0000
2026-04-12 18:08:01,Residential_p40,40,39,0.0781,1.0000
2026-04-12 18:08:01,Residential_p40,40,40,0.0777,1.0000
2026-04-12 18:08:01,Residential_p41,41,21,0.0897,0.9988
2026-04-12 18:08:01,Residential_p41,41,31,0.0887,1.0001
2026-04-12 18:08:01,Residential_p41,41,36,0.0852,1.0000
2026-04-12 18:08:02,Residential_p41,41,39,0.0820,1.0000
2026-04-12 18:08:02,Residential_p41,41,40,0.0806,1.0000
2026-04-12 18:08:02,Residential_p41,41,41,0.0793,1.0000
2026-04-12 18:08:02,Residential_p42,42,21,0.0928,0.9984
2026-04-12 18:08:02,Residential_p42,42,32,0.0947,1.0000
2026-04-12 18:08:03,Residential_p42,42,37,0.0895,1.0000
2026-04-12 18:08:03,Residential_p42,42,40,0.0848,1.0000
2026-04-12 18:08:03,Residential_p42,42,41,0.0840,1.0000
2026-04-12 18:08:03,Residential_p42,42,42,0.0818,1.0000
2026-04-12 18:08:03,Residential_p43,43,22,0.0962,0.9994
2026-04-12 18:08:04,Residential_p43,43,33,0.0994,1.0000
2026-04-12 18:08:04,Residential_p43,43,38,0.0930,1.0000
2026-04-12 18:08:04,Residential_p43,43,41,0.0877,1.0000
2026-04-12 18:08:04,Residential_p43,43,42,0.0869,1.0000
2026-04-12 18:08:04,Residential_p43,43,43,0.0849,1.0000
2026-04-12 18:08:05,Residential_p44,44,22,0.0988,0.9991
2026-04-12 18:08:05,Residential_p44,44,33,0.1005,1.0000
2026-04-12 18:08:05,Residential_p44,44,39,0.0944,1.0000
2026-04-12 18:08:05,Residential_p44,44,42,0.0923,1.0000
2026-04-12 18:08:05,Residential_p44,44,43,0.0894,1.0000
2026-04-12 18:08:06,Residential_p44,44,44,0.0880,1.0000
2026-04-12 18:08:06,Residential_p45,45,23,0.1058,0.9986
2026-04-12 18:08:06,Residential_p45,45,34,0.1046,1.0001
2026-04-12 18:08:06,Residential_p45,45,40,0.0963,1.0000
2026-04-12 18:08:06,Residential_p45,45,43,0.0938,1.0000
2026-04-12 18:08:07,Residential_p45,45,44,0.0912,1.0000
2026-04-12 18:08:07,Residential_p45,45,45,0.0895,1.0000
2026-04-12 18:08:07,Residential_p46,46,23,0.1071,0.9963
2026-04-12 18:08:07,Residential_p46,46,35,0.1070,1.0000
2026-04-12 18:08:07,Residential_p46,46,41,0.0997,1.0000
2026-04-12 18:08:08,Residential_p46,46,44,0.0966,1.0000
2026-04-12 18:08:08,Residential_p46,46,45,0.0953,1.0000
2026-04-12 18:08:08,Residential_p46,46,46,0.0919,1.0000
2026-04-12 18:08:08,Residential_p47,47,24,0.1096,0.9971
2026-04-12 18:08:09,Residential_p47,47,36,0.1106,1.0000
2026-04-12 18:08:09,Residential_p47,47,42,0.1028,1.0000
2026-04-12 18:08:09,Residential_p47,47,45,0.0983,1.0000
2026-04-12 18:08:09,Residential_p47,47,46,0.0964,1.0000
2026-04-12 18:08:10,Residential_p47,47,47,0.0957,1.0000
2026-04-12 18:08:10,Residential_p48,48,24,0.1128,0.9978
2026-04-12 18:08:10,Residential_p48,48,36,0.1141,1.0000
2026-04-12 18:08:10,Residential_p48,48,42,0.1071,1.0000
2026-04-12 18:08:10,Residential_p48,48,45,0.1035,1.0000
2026-04-12 18:08:11,Residential_p48,48,47,0.1006,1.0000
2026-04-12 18:08:11,Residential_p48,48,48,0.0998,1.0000
2026-04-12 18:08:11,Residential_p49,49,25,0.1150,0.9986
2026-04-12 18:08:11,Residential_p49,49,37,0.1154,1.0000
2026-04-12 18:08:12,Residential_p49,49,43,0.1093,1.0000
2026-04-12 18:08:12,Residential_p49,49,46,0.1060,1.0000
2026-04-12 18:08:12,Residential_p49,49,48,0.1031,1.0000
2026-04-12 18:08:12,Residential_p49,49,49,0.1015,1.0000
2026-04-12 18:08:13,Residential_p50,50,25,0.1155,0.9982
2026-04-12 18:08:13,Residential_p50,50,38,0.1188,1.0000
2026-04-12 18:08:13,Residential_p50,50,44,0.1134,1.0000
2026-04-12 18:08:13,Residential_p50,50,47,0.1092,1.0000
2026-04-12 18:08:14,Residential_p50,50,49,0.1069,1.0000
2026-04-12 18:08:14,Residential_p50,50,50,0.1030,1.0000
2026-04-12 18:08:14,Residential_p51,51,26,0.1197,0.9980
2026-04-12 18:08:14,Residential_p51,51,39,0.1223,0.9999
2026-04-12 18:08:14,Residential_p51,51,45,0.1161,1.0000
2026-04-12 18:08:15,Residential_p51,51,48,0.1132,1.0000
2026-04-12 18:08:15,Residential_p51,51,50,0.1087,1.0000
2026-04-12 18:08:15,Residential_p51,51,51,0.1080,1.0000
2026-04-12 18:08:15,Secom_p25,25,13,0.0494,0.9925
2026-04-12 18:08:16,Secom_p25,25,19,0.0458,0.9729
2026-04-12 18:08:16,Secom_p25,25,22,0.0427,1.0009
2026-04-12 18:08:16,Secom_p25,25,24,0.0413,1.0000
2026-04-12 18:08:16,Secom_p25,25,25,0.0392,1.0000
2026-04-12 18:08:16,Secom_p32,32,16,0.0663,0.9811
2026-04-12 18:08:16,Secom_p32,32,24,0.0631,0.9987
2026-04-12 18:08:16,Secom_p32,32,28,0.0606,1.0024
2026-04-12 18:08:16,Secom_p32,32,30,0.0588,1.0009
2026-04-12 18:08:17,Secom_p32,32,31,0.0574,1.0001
2026-04-12 18:08:17,Secom_p32,32,32,0.0558,1.0000
2026-04-12 18:08:17,Secom_p39,39,20,0.0840,0.9913
2026-04-12 18:08:17,Secom_p39,39,30,0.0827,0.9987
2026-04-12 18:08:17,Secom_p39,39,35,0.0784,0.9986
2026-04-12 18:08:17,Secom_p39,39,37,0.0756,1.0000
2026-04-12 18:08:18,Secom_p39,39,38,0.0724,1.0000
2026-04-12 18:08:18,Secom_p39,39,39,0.0721,1.0000
2026-04-12 18:08:18,Secom_p47,47,24,0.1083,0.9857
2026-04-12 18:08:18,Secom_p47,47,36,0.1093,1.0001
2026-04-12 18:08:18,Secom_p47,47,42,0.1027,1.0009
2026-04-12 18:08:19,Secom_p47,47,45,0.0985,1.0000
2026-04-12 18:08:19,Secom_p47,47,46,0.0980,1.0000
2026-04-12 18:08:19,Secom_p47,47,47,0.0964,1.0000
2026-04-12 18:08:19,Secom_p54,54,27,0.1296,0.9921
2026-04-12 18:08:20,Secom_p54,54,41,0.1322,1.0041
2026-04-12 18:08:20,Secom_p54,54,48,0.1264,1.0024
2026-04-12 18:08:20,Secom_p54,54,51,0.1232,1.0011
2026-04-12 18:08:20,Secom_p54,54,53,0.1265,1.0000
2026-04-12 18:08:21,Secom_p54,54,54,0.1286,1.0000
2026-04-12 18:08:21,Secom_p61,61,31,0.1575,0.9980
2026-04-12 18:08:21,Secom_p61,61,46,0.1634,1.0017
2026-04-12 18:08:21,Secom_p61,61,54,0.1670,1.0000
2026-04-12 18:08:22,Secom_p61,61,58,0.1721,1.0000
2026-04-12 18:08:22,Secom_p61,61,60,0.1717,1.0000
2026-04-12 18:08:22,Secom_p61,61,61,0.1783,1.0000
2026-04-12 18:08:23,Secom_p69,69,35,0.1834,0.9964
2026-04-12 18:08:23,Secom_p69,69,52,0.1987,1.0004
2026-04-12 18:08:23,Secom_p69,69,61,0.2289,1.0003
2026-04-12 18:08:24,Secom_p69,69,65,0.2330,1.0000
2026-04-12 18:08:24,Secom_p69,69,67,0.2384,1.0000
2026-04-12 18:08:24,Secom_p69,69,68,0.2363,1.0000
2026-04-12 18:08:25,Secom_p69,69,69,0.2416,1.0000
2026-04-12 18:08:25,Secom_p76,76,38,0.2115,0.9695
2026-04-12 18:08:25,Secom_p76,76,57,0.2567,0.9984
2026-04-12 18:08:26,Secom_p76,76,67,0.2978,1.0008
2026-04-12 18:08:26,Secom_p76,76,72,0.3060,0.9998
2026-04-12 18:08:26,Secom_p76,76,74,0.3093,1.0000
2026-04-12 18:08:27,Secom_p76,76,75,0.3101,1.0000
2026-04-12 18:08:27,Secom_p76,76,76,0.3134,1.0000
2026-04-12 18:08:27,Secom_p84,84,42,0.2391,0.9893
2026-04-12 18:08:28,Secom_p84,84,63,0.3280,1.0007
2026-04-12 18:08:28,Secom_p84,84,74,0.3775,1.0000
2026-04-12 18:08:29,Secom_p84,84,79,0.3929,1.0000
2026-04-12 18:08:29,Secom_p84,84,82,0.4002,1.0000
2026-04-12 18:08:29,Secom_p84,84,83,0.3991,1.0000
2026-04-12 18:08:30,Secom_p84,84,84,0.3965,1.0000
2026-04-12 18:08:30,Secom_p91,91,46,0.2709,0.9948
2026-04-12 18:08:31,Secom_p91,91,69,0.4079,0.9995
2026-04-12 18:08:31,Secom_p91,91,80,0.4660,1.0001
2026-04-12 18:08:32,Secom_p91,91,86,0.4922,1.0000
2026-04-12 18:08:32,Secom_p91,91,89,0.4950,1.0000
2026-04-12 18:08:33,Secom_p91,91,90,0.4902,1.0000
2026-04-12 18:08:33,Secom_p91,91,91,0.4995,1.0000
2026-04-12 18:08:33,Secom_p98,98,49,0.2995,0.9892
2026-04-12 18:08:34,Secom_p98,98,74,0.4969,0.9993
2026-04-12 18:08:34,Secom_p98,98,86,0.5853,1.0001
2026-04-12 18:08:35,Secom_p98,98,92,0.6164,1.0001
2026-04-12 18:08:35,Secom_p98,98,95,0.6099,1.0000
2026-04-12 18:08:36,Secom_p98,98,97,0.6144,1.0000
2026-04-12 18:08:36,Secom_p98,98,98,0.6260,1.0000
2026-04-12 18:08:37,Secom_p106,106,53,0.3600,0.9939
2026-04-12 18:08:37,Secom_p106,106,80,0.6283,1.0009
2026-04-12 18:08:38,Secom_p106,106,93,0.7285,1.0000
2026-04-12 18:08:38,Secom_p106,106,100,0.7535,1.0000
2026-04-12 18:08:39,Secom_p106,106,103,0.7754,1.0000
2026-04-12 18:08:40,Secom_p106,106,105,0.7659,1.0000
2026-04-12 18:08:40,Secom_p106,106,106,0.7788,1.0000
2026-04-12 18:08:41,Secom_p113,113,57,0.4227,0.9970
2026-04-12 18:08:41,Secom_p113,113,85,0.7419,1.0000
2026-04-12 18:08:42,Secom_p113,113,99,0.8715,1.0000
2026-04-12 18:08:42,Secom_p113,113,106,0.8931,1.0000
2026-04-12 18:08:43,Secom_p113,113,110,0.9242,1.0000
2026-04-12 18:08:44,Secom_p113,113,112,0.8947,1.0000
2026-04-12 18:08:44,Secom_p113,113,113,0.8962,1.0000
2026-04-12 18:08:45,Secom_p120,120,60,0.5081,0.9894
2026-04-12 18:08:45,Secom_p120,120,90,0.9184,1.0008
2026-04-12 18:08:46,Secom_p120,120,105,1.0425,1.0000
2026-04-12 18:08:47,Secom_p128,128,64,0.5746,0.9841
2026-04-12 18:08:47,Secom_p128,128,96,1.0599,1.0002
2026-04-12 18:08:48,Secom_p128,128,80,0.8388,0.9989
2026-04-12 18:08:49,Secom_p128,128,88,0.9435,1.0004
2026-04-12 18:08:49,Secom_p128,128,92,1.0030,1.0001
2026-04-12 18:08:50,Secom_p135,135,68,0.6600,0.9916
2026-04-12 18:08:51,Secom_p135,135,102,1.2026,1.0009
2026-04-12 18:08:51,Secom_p135,135,85,0.9476,0.9966
2026-04-12 18:08:52,Secom_p135,135,93,1.0683,0.9990
2026-04-12 18:08:53,Secom_p135,135,89,1.0063,0.9987
2026-04-12 18:08:54,Secom_p143,143,72,0.7710,0.9990
2026-04-12 18:08:55,Secom_p143,143,108,1.4310,1.0007
2026-04-12 18:08:55,Secom_p143,143,90,1.1018,1.0000
2026-04-12 18:08:56,Secom_p143,143,81,0.9362,0.9976
2026-04-12 18:08:57,Secom_p143,143,85,1.0000,0.9983
2026-04-12 18:08:58,Secom_p150,150,75,0.8451,0.9919
2026-04-12 18:08:59,Secom_p150,150,113,1.6165,1.0006
2026-04-12 18:08:59,Secom_p150,150,94,1.2565,0.9974
2026-04-12 18:09:00,Secom_p150,150,84,1.0465,0.9955
2026-04-12 18:09:01,Secom_p157,157,79,0.9856,0.9878
2026-04-12 18:09:02,Secom_p165,165,83,1.1121,0.9943
2026-04-12 18:09:02,Secom_p165,165,41,0.4107,0.9824
2026-04-12 18:09:03,Secom_p165,165,62,0.6542,0.9909
2026-04-12 18:09:04,Secom_p165,165,72,0.8710,0.9896
2026-04-12 18:09:05,Secom_p165,165,77,0.9769,0.9893
2026-04-12 18:09:05,Secom_p172,172,86,1.2407,0.9953
2026-04-12 18:09:06,Secom_p172,172,43,0.4344,0.9798
2026-04-12 18:09:07,Secom_p172,172,64,0.7131,0.9913
2026-04-12 18:09:07,Secom_p172,172,75,0.9806,0.9916
2026-04-12 18:09:09,Secom_p179,179,90,1.3673,0.9945
2026-04-12 18:09:09,Secom_p179,179,45,0.4544,0.9828
2026-04-12 18:09:10,Secom_p179,179,67,0.7889,0.9899
2026-04-12 18:09:11,Secom_p179,179,78,1.0598,0.9928
2026-04-12 18:09:12,Secom_p179,179,72,0.9084,0.9921
2026-04-12 18:09:12,Secom_p179,179,75,0.9855,0.9924
2026-04-12 18:09:14,Secom_p187,187,94,1.5473,0.9994
2026-04-12 18:09:14,Secom_p187,187,47,0.4776,0.9861
2026-04-12 18:09:15,Secom_p187,187,70,0.8963,0.9854
2026-04-12 18:09:16,Secom_p187,187,82,1.1916,0.9971
2026-04-12 18:09:17,Secom_p187,187,76,1.0548,0.9953
2026-04-12 18:09:18,Secom_p187,187,73,0.9834,0.9964
2026-04-12 18:09:19,Secom_p194,194,97,1.6743,0.9959
2026-04-12 18:09:20,Secom_p194,194,48,0.5001,0.9845
2026-04-12 18:09:21,Secom_p194,194,72,0.9622,0.9854
2026-04-12 18:09:22,Secom_p202,202,101,1.8646,0.9971
2026-04-12 18:09:23,Secom_p202,202,50,0.5106,0.9892
2026-04-12 18:09:24,Secom_p202,202,75,1.0660,0.9936
2026-04-12 18:09:24,Secom_p202,202,62,0.7546,0.9941
2026-04-12 18:09:25,Secom_p202,202,68,0.8774,0.9928
2026-04-12 18:09:26,Secom_p202,202,71,0.9559,0.9864
2026-04-12 18:09:28,Secom_p209,209,105,2.0247,0.9944
2026-04-12 18:09:28,Secom_p209,209,52,0.5487,0.9870
2026-04-12 18:09:29,Secom_p209,209,78,1.1639,0.9900
2026-04-12 18:09:30,Secom_p209,209,65,0.8075,0.9882
2026-04-12 18:09:31,Secom_p209,209,71,0.9541,0.9894
2026-04-12 18:09:33,Secom_p216,216,108,2.3543,0.9979
2026-04-12 18:09:34,Secom_p216,216,54,0.6446,0.9927
2026-04-12 18:09:35,Secom_p216,216,81,1.3659,0.9931
2026-04-12 18:09:36,Secom_p216,216,67,0.9325,0.9917
2026-04-12 18:09:37,Secom_p216,216,74,1.1664,0.9921
2026-04-12 18:09:38,Secom_p216,216,70,1.0271,0.9905
2026-04-12 18:09:39,Secom_p224,224,112,2.6044,0.9976
2026-04-12 18:09:40,Secom_p224,224,56,0.6873,0.9904
2026-04-12 18:09:41,Secom_p224,224,84,1.5215,0.9874
2026-04-12 18:09:42,Secom_p224,224,70,1.0462,0.9923
2026-04-12 18:09:44,Secom_p231,231,116,2.6032,0.9956
2026-04-12 18:09:45,Secom_p231,231,58,0.6858,0.9884
2026-04-12 18:09:46,Secom_p231,231,87,1.5119,0.9896
2026-04-12 18:09:47,Secom_p231,231,72,1.0405,0.9896
2026-04-12 18:09:50,Secom_p239,239,120,2.8875,0.9946
2026-04-12 18:09:50,Secom_p239,239,60,0.7402,0.9909
2026-04-12 18:09:52,Secom_p239,239,90,1.6513,0.9936
2026-04-12 18:09:53,Secom_p239,239,75,1.1457,0.9936
2026-04-12 18:09:54,Secom_p239,239,67,0.9010,0.9897
2026-04-12 18:09:55,Secom_p239,239,71,1.0251,0.9883
2026-04-12 18:09:55,Secom_p25,25,13,0.0497,0.9828
2026-04-12 18:09:55,Secom_p25,25,19,0.0448,0.9994
2026-04-12 18:09:56,Secom_p25,25,22,0.0422,1.0100
2026-04-12 18:09:56,Secom_p25,25,24,0.0397,1.0000
2026-04-12 18:09:56,Secom_p25,25,25,0.0390,1.0000
2026-04-12 18:09:56,Secom_p32,32,16,0.0654,0.9905
2026-04-12 18:09:56,Secom_p32,32,24,0.0643,0.9607
2026-04-12 18:09:56,Secom_p32,32,28,0.0599,0.9922
2026-04-12 18:09:56,Secom_p32,32,30,0.0565,1.0012
2026-04-12 18:09:56,Secom_p32,32,31,0.0564,1.0002
2026-04-12 18:09:57,Secom_p32,32,32,0.0549,1.0000
2026-04-12 18:09:57,Secom_p39,39,20,0.0838,0.9929
2026-04-12 18:09:57,Secom_p39,39,30,0.0828,0.9986
2026-04-12 18:09:57,Secom_p39,39,35,0.0787,1.0002
2026-04-12 18:09:57,Secom_p39,39,37,0.0752,1.0001
2026-04-12 18:09:57,Secom_p39,39,38,0.0732,1.0000
2026-04-12 18:09:58,Secom_p39,39,39,0.0723,1.0000
2026-04-12 18:09:58,Secom_p47,47,24,0.1077,0.9813
2026-04-12 18:09:58,Secom_p47,47,36,0.1085,1.0024
2026-04-12 18:09:58,Secom_p47,47,42,0.1030,1.0029
2026-04-12 18:09:58,Secom_p47,47,45,0.0983,1.0001
2026-04-12 18:09:59,Secom_p47,47,46,0.0974,1.0001
2026-04-12 18:09:59,Secom_p47,47,47,0.0953,1.0000
2026-04-12 18:09:59,Secom_p54,54,27,0.1290,0.9899
2026-04-12 18:09:59,Secom_p54,54,41,0.1359,1.0015
2026-04-12 18:10:00,Secom_p54,54,48,0.1270,0.9980
2026-04-12 18:10:00,Secom_p54,54,51,0.1263,1.0006
2026-04-12 18:10:00,Secom_p54,54,53,0.1269,1.0000
2026-04-12 18:10:01,Secom_p54,54,54,0.1264,1.0000
2026-04-12 18:10:01,Secom_p61,61,31,0.1573,0.9931
2026-04-12 18:10:01,Secom_p61,61,46,0.1594,0.9999
2026-04-12 18:10:01,Secom_p61,61,54,0.1668,1.0000
2026-04-12 18:10:02,Secom_p61,61,58,0.1702,1.0000
2026-04-12 18:10:02,Secom_p61,61,60,0.1750,1.0000
2026-04-12 18:10:02,Secom_p61,61,61,0.1737,1.0000
2026-04-12 18:10:02,Secom_p69,69,35,0.1835,0.9841
2026-04-12 18:10:03,Secom_p69,69,52,0.1981,1.0026
2026-04-12 18:10:03,Secom_p69,69,61,0.2265,1.0012
2026-04-12 18:10:03,Secom_p69,69,65,0.2329,1.0001
2026-04-12 18:10:04,Secom_p69,69,67,0.2343,1.0000
2026-04-12 18:10:04,Secom_p69,69,68,0.2355,1.0000
2026-04-12 18:10:05,Secom_p69,69,69,0.2410,1.0000
2026-04-12 18:10:05,Secom_p76,76,38,0.2102,0.9969
2026-04-12 18:10:05,Secom_p76,76,57,0.2574,1.0084
2026-04-12 18:10:06,Secom_p76,76,67,0.2909,1.0020
2026-04-12 18:10:06,Secom_p76,76,72,0.3049,1.0000
2026-04-12 18:10:06,Secom_p76,76,74,0.3082,1.0000
2026-04-12 18:10:07,Secom_p76,76,75,0.3057,1.0000
2026-04-12 18:10:07,Secom_p76,76,76,0.3086,1.0000
2026-04-12 18:10:07,Secom_p84,84,42,0.2370,0.9865
2026-04-12 18:10:08,Secom_p84,84,63,0.3260,0.9988
2026-04-12 18:10:08,Secom_p84,84,74,0.3757,1.0003
2026-04-12 18:10:09,Secom_p84,84,79,0.3913,1.0000
2026-04-12 18:10:09,Secom_p84,84,82,0.3970,1.0000
2026-04-12 18:10:09,Secom_p84,84,83,0.3981,1.0000
2026-04-12 18:10:10,Secom_p84,84,84,0.4029,1.0000
2026-04-12 18:10:10,Secom_p91,91,46,0.2679,0.9936
2026-04-12 18:10:11,Secom_p91,91,69,0.4069,0.9978
2026-04-12 18:10:11,Secom_p91,91,80,0.4745,1.0001
2026-04-12 18:10:11,Secom_p91,91,86,0.4869,1.0000
2026-04-12 18:10:12,Secom_p91,91,89,0.4960,1.0000
2026-04-12 18:10:12,Secom_p91,91,90,0.4928,1.0000
2026-04-12 18:10:13,Secom_p91,91,91,0.5012,1.0000
2026-04-12 18:10:13,Secom_p98,98,49,0.3004,1.0012
2026-04-12 18:10:14,Secom_p98,98,74,0.5097,1.0030
2026-04-12 18:10:14,Secom_p98,98,86,0.5712,1.0000
2026-04-12 18:10:15,Secom_p98,98,92,0.6046,1.0000
2026-04-12 18:10:15,Secom_p98,98,95,0.6143,0.9999
2026-04-12 18:10:16,Secom_p98,98,97,0.6037,1.0000
2026-04-12 18:10:16,Secom_p98,98,98,0.6130,1.0000
2026-04-12 18:10:17,Secom_p106,106,53,0.3569,0.9909
2026-04-12 18:10:17,Secom_p106,106,80,0.6156,0.9992
2026-04-12 18:10:18,Secom_p106,106,93,0.7204,1.0002
2026-04-12 18:10:18,Secom_p106,106,100,0.7583,1.0000
2026-04-12 18:10:19,Secom_p106,106,103,0.7672,1.0000
2026-04-12 18:10:19,Secom_p106,106,105,0.7680,1.0000
2026-04-12 18:10:20,Secom_p106,106,106,0.7585,1.0000
2026-04-12 18:10:20,Secom_p113,113,57,0.4233,0.9924
2026-04-12 18:10:21,Secom_p113,113,85,0.7494,0.9998
2026-04-12 18:10:22,Secom_p113,113,99,0.8748,0.9997
2026-04-12 18:10:22,Secom_p113,113,106,0.9092,0.9999
2026-04-12 18:10:23,Secom_p113,113,110,0.9654,1.0000
2026-04-12 18:10:23,Secom_p120,120,60,0.4994,0.9899
2026-04-12 18:10:24,Secom_p120,120,90,0.9001,0.9983
2026-04-12 18:10:25,Secom_p120,120,105,1.0505,1.0000
2026-04-12 18:10:25,Secom_p120,120,97,0.9879,0.9999
2026-04-12 18:10:26,Secom_p128,128,64,0.5792,0.9959
2026-04-12 18:10:27,Secom_p128,128,96,1.0639,1.0000
2026-04-12 18:10:27,Secom_p128,128,80,0.8257,0.9955
2026-04-12 18:10:28,Secom_p128,128,88,0.9482,0.9989
2026-04-12 18:10:29,Secom_p128,128,92,1.0092,1.0000
2026-04-12 18:10:29,Secom_p135,135,68,0.6557,0.9942
2026-04-12 18:10:30,Secom_p135,135,102,1.2162,1.0007
2026-04-12 18:10:31,Secom_p135,135,85,0.9496,0.9971
2026-04-12 18:10:31,Secom_p135,135,93,1.0766,1.0000
2026-04-12 18:10:32,Secom_p135,135,89,1.0218,0.9989
2026-04-12 18:10:33,Secom_p143,143,72,0.7692,0.9948
2026-04-12 18:10:34,Secom_p143,143,108,1.4061,0.9998
2026-04-12 18:10:35,Secom_p143,143,90,1.0964,1.0001
2026-04-12 18:10:35,Secom_p143,143,81,0.9308,0.9954
2026-04-12 18:10:36,Secom_p143,143,85,1.0085,0.9960
2026-04-12 18:10:37,Secom_p150,150,75,0.8424,0.9940
2026-04-12 18:10:38,Secom_p150,150,113,1.6117,0.9999
2026-04-12 18:10:39,Secom_p150,150,94,1.2363,0.9965
2026-04-12 18:10:39,Secom_p150,150,84,1.0283,0.9936
2026-04-12 18:10:40,Secom_p157,157,79,0.9695,0.9965
2026-04-12 18:10:41,Secom_p165,165,83,1.1255,0.9902
2026-04-12 18:10:41,Secom_p165,165,41,0.4135,0.9796
2026-04-12 18:10:42,Secom_p165,165,62,0.6586,0.9859
2026-04-12 18:10:43,Secom_p165,165,72,0.8643,0.9849
2026-04-12 18:10:44,Secom_p165,165,77,0.9655,0.9854
2026-04-12 18:10:45,Secom_p172,172,86,1.2608,0.9917
2026-04-12 18:10:45,Secom_p172,172,43,0.4389,0.9836
2026-04-12 18:10:46,Secom_p172,172,64,0.7218,0.9869
2026-04-12 18:10:47,Secom_p172,172,75,0.9766,0.9848
2026-04-12 18:10:48,Secom_p179,179,90,1.3799,0.9959
2026-04-12 18:10:48,Secom_p179,179,45,0.4482,0.9789
2026-04-12 18:10:49,Secom_p179,179,67,0.8009,0.9921
2026-04-12 18:10:50,Secom_p179,179,78,1.0554,0.9936
2026-04-12 18:10:51,Secom_p179,179,72,0.9118,0.9917
2026-04-12 18:10:52,Secom_p179,179,75,0.9795,0.9913
2026-04-12 18:10:53,Secom_p187,187,94,1.5378,0.9994
2026-04-12 18:10:53,Secom_p187,187,47,0.4804,0.9896
2026-04-12 18:10:54,Secom_p187,187,70,0.8926,0.9861
2026-04-12 18:10:55,Secom_p187,187,82,1.2144,0.9946
2026-04-12 18:10:56,Secom_p187,187,76,1.0452,0.9950
2026-04-12 18:10:57,Secom_p194,194,97,1.6847,0.9978
2026-04-12 18:10:58,Secom_p194,194,48,0.4934,0.9856
2026-04-12 18:10:59,Secom_p194,194,72,0.9646,0.9948
2026-04-12 18:11:00,Secom_p202,202,101,1.8562,0.9943
2026-04-12 18:11:01,Secom_p202,202,50,0.5135,0.9915
2026-04-12 18:11:02,Secom_p202,202,75,1.0641,0.9875
2026-04-12 18:11:03,Secom_p202,202,62,0.7485,0.9894
2026-04-12 18:11:04,Secom_p202,202,68,0.8806,0.9868
2026-04-12 18:11:04,Secom_p202,202,71,0.9651,0.9878
2026-04-12 18:11:06,Secom_p209,209,105,2.0509,0.9949
2026-04-12 18:11:07,Secom_p209,209,52,0.5517,0.9854
2026-04-12 18:11:08,Secom_p209,209,78,1.1492,0.9905
2026-04-12 18:11:09,Secom_p209,209,65,0.8070,0.9899
2026-04-12 18:11:10,Secom_p209,209,71,0.9663,0.9906
2026-04-12 18:11:11,Secom_p216,216,108,2.3566,0.9959
2026-04-12 18:11:12,Secom_p216,216,54,0.6351,0.9763
2026-04-12 18:11:13,Secom_p216,216,81,1.3661,0.9879
2026-04-12 18:11:14,Secom_p216,216,67,0.9270,0.9884
2026-04-12 18:11:15,Secom_p216,216,74,1.1581,0.9886
2026-04-12 18:11:16,Secom_p216,216,70,1.0338,0.9852
2026-04-12 18:11:17,Secom_p224,224,112,2.6457,0.9947
2026-04-12 18:11:18,Secom_p224,224,56,0.6875,0.9841
2026-04-12 18:11:19,Secom_p224,224,84,1.5283,0.9943
2026-04-12 18:11:20,Secom_p224,224,70,1.0490,0.9926
2026-04-12 18:11:22,Secom_p231,231,116,2.6206,0.9929
2026-04-12 18:11:23,Secom_p231,231,58,0.6798,0.9826
2026-04-12 18:11:25,Secom_p231,231,87,1.5042,0.9869
2026-04-12 18:11:26,Secom_p231,231,72,1.0573,0.9870
2026-04-12 18:11:27,Secom_p231,231,65,0.8457,0.9852
2026-04-12 18:11:28,Secom_p231,231,68,0.9266,0.9849
2026-04-12 18:11:29,Secom_p231,231,70,0.9779,0.9860
2026-04-12 18:11:31,Secom_p239,239,120,2.9081,0.9987
2026-04-12 18:11:32,Secom_p239,239,60,0.7438,0.9846
2026-04-12 18:11:33,Secom_p239,239,90,1.6446,0.9942
2026-04-12 18:11:34,Secom_p239,239,75,1.1595,0.9910
2026-04-12 18:11:35,Secom_p239,239,67,0.9052,0.9861
2026-04-12 18:11:36,Secom_p239,239,71,1.0350,0.9851
2026-04-12 18:11:37,Secom_p25,25,13,0.0491,0.9286
2026-04-12 18:11:37,Secom_p25,25,19,0.0449,1.0021
2026-04-12 18:11:37,Secom_p25,25,22,0.0417,1.0010
2026-04-12 18:11:37,Secom_p25,25,24,0.0399,1.0000
2026-04-12 18:11:37,Secom_p25,25,25,0.0400,1.0000
2026-04-12 18:11:37,Secom_p32,32,16,0.0655,0.9932
2026-04-12 18:11:37,Secom_p32,32,24,0.0641,0.9933
2026-04-12 18:11:37,Secom_p32,32,28,0.0607,0.9900
2026-04-12 18:11:37,Secom_p32,32,30,0.0580,1.0000
2026-04-12 18:11:38,Secom_p32,32,31,0.0572,1.0000
2026-04-12 18:11:38,Secom_p32,32,32,0.0550,1.0000
2026-04-12 18:11:38,Secom_p39,39,20,0.0819,0.9640
2026-04-12 18:11:38,Secom_p39,39,30,0.0827,0.9947
2026-04-12 18:11:38,Secom_p39,39,35,0.0796,1.0017
2026-04-12 18:11:38,Secom_p39,39,37,0.0767,1.0002
2026-04-12 18:11:39,Secom_p39,39,38,0.0739,1.0005
2026-04-12 18:11:39,Secom_p39,39,39,0.0731,1.0000
2026-04-12 18:11:39,Secom_p47,47,24,0.1060,0.9865
2026-04-12 18:11:39,Secom_p47,47,36,0.1092,0.9997
2026-04-12 18:11:39,Secom_p47,47,42,0.1029,0.9992
2026-04-12 18:11:40,Secom_p47,47,45,0.0991,1.0001
2026-04-12 18:11:40,Secom_p47,47,46,0.0965,1.0001
2026-04-12 18:11:40,Secom_p47,47,47,0.0962,1.0000
2026-04-12 18:11:40,Secom_p54,54,27,0.1314,0.9737
2026-04-12 18:11:41,Secom_p54,54,41,0.1318,1.0020
2026-04-12 18:11:41,Secom_p54,54,48,0.1270,1.0019
2026-04-12 18:11:41,Secom_p54,54,51,0.1267,1.0000
2026-04-12 18:11:41,Secom_p54,54,53,0.1236,1.0000
2026-04-12 18:11:42,Secom_p54,54,54,0.1260,1.0000
2026-04-12 18:11:42,Secom_p61,61,31,0.1586,0.9945
2026-04-12 18:11:42,Secom_p61,61,46,0.1602,1.0027
2026-04-12 18:11:42,Secom_p61,61,54,0.1649,1.0009
2026-04-12 18:11:43,Secom_p61,61,58,0.1723,1.0000
2026-04-12 18:11:43,Secom_p61,61,60,0.1735,1.0000
2026-04-12 18:11:43,Secom_p61,61,61,0.1754,1.0000
2026-04-12 18:11:44,Secom_p69,69,35,0.1849,0.9938
2026-04-12 18:11:44,Secom_p69,69,52,0.1997,1.0008
2026-04-12 18:11:44,Secom_p69,69,61,0.2272,1.0009
2026-04-12 18:11:45,Secom_p69,69,65,0.2300,1.0000
2026-04-12 18:11:45,Secom_p69,69,67,0.2360,1.0000
2026-04-12 18:11:45,Secom_p69,69,68,0.2383,1.0000
2026-04-12 18:11:46,Secom_p69,69,69,0.2423,1.0000
2026-04-12 18:11:46,Secom_p76,76,38,0.2103,0.9963
2026-04-12 18:11:46,Secom_p76,76,57,0.2622,1.0019
2026-04-12 18:11:47,Secom_p76,76,67,0.2938,1.0000
2026-04-12 18:11:47,Secom_p76,76,72,0.3067,1.0000
2026-04-12 18:11:47,Secom_p76,76,74,0.3089,1.0000
2026-04-12 18:11:48,Secom_p76,76,75,0.3066,1.0000
2026-04-12 18:11:48,Secom_p76,76,76,0.3105,1.0000
2026-04-12 18:11:48,Secom_p84,84,42,0.2396,0.9982
2026-04-12 18:11:49,Secom_p84,84,63,0.3277,1.0020
2026-04-12 18:11:49,Secom_p84,84,74,0.3738,1.0018
2026-04-12 18:11:50,Secom_p84,84,79,0.3907,1.0002
2026-04-12 18:11:50,Secom_p84,84,82,0.3967,1.0000
2026-04-12 18:11:50,Secom_p84,84,83,0.4009,1.0000
2026-04-12 18:11:51,Secom_p84,84,84,0.4017,1.0000
2026-04-12 18:11:51,Secom_p91,91,46,0.2673,0.9963
2026-04-12 18:11:52,Secom_p91,91,69,0.4106,1.0005
2026-04-12 18:11:52,Secom_p91,91,80,0.4680,1.0000
2026-04-12 18:11:53,Secom_p91,91,86,0.5051,1.0000
2026-04-12 18:11:53,Secom_p91,91,89,0.4943,0.9999
2026-04-12 18:11:53,Secom_p91,91,90,0.5009,1.0000
2026-04-12 18:11:54,Secom_p91,91,91,0.5037,1.0000
2026-04-12 18:11:54,Secom_p98,98,49,0.2994,0.9979
2026-04-12 18:11:55,Secom_p98,98,74,0.5072,1.0019
2026-04-12 18:11:55,Secom_p98,98,86,0.5822,1.0001
2026-04-12 18:11:56,Secom_p98,98,92,0.6144,1.0000
2026-04-12 18:11:56,Secom_p98,98,95,0.6168,1.0000
2026-04-12 18:11:57,Secom_p98,98,97,0.6226,1.0000
2026-04-12 18:11:57,Secom_p98,98,98,0.6183,1.0000
2026-04-12 18:11:58,Secom_p106,106,53,0.3665,1.0035
2026-04-12 18:11:58,Secom_p106,106,80,0.6216,1.0003
2026-04-12 18:11:59,Secom_p106,106,93,0.7463,1.0002
2026-04-12 18:11:59,Secom_p106,106,100,0.7577,0.9999
2026-04-12 18:12:00,Secom_p106,106,103,0.7817,1.0000
2026-04-12 18:12:00,Secom_p106,106,105,0.7639,1.0000
2026-04-12 18:12:01,Secom_p106,106,106,0.7768,1.0000
2026-04-12 18:12:02,Secom_p113,113,57,0.4266,0.9957
2026-04-12 18:12:02,Secom_p113,113,85,0.7396,1.0025
2026-04-12 18:12:03,Secom_p113,113,99,0.8792,1.0000
2026-04-12 18:12:03,Secom_p113,113,106,0.8940,1.0000
2026-04-12 18:12:04,Secom_p113,113,110,0.9075,1.0000
2026-04-12 18:12:05,Secom_p113,113,112,0.9219,1.0000
2026-04-12 18:12:05,Secom_p113,113,113,0.9150,1.0000
2026-04-12 18:12:06,Secom_p120,120,60,0.4986,0.9940
2026-04-12 18:12:06,Secom_p120,120,90,0.9055,0.9989
2026-04-12 18:12:07,Secom_p120,120,105,1.0509,0.9999
2026-04-12 18:12:08,Secom_p120,120,97,0.9813,1.0003
2026-04-12 18:12:08,Secom_p128,128,64,0.5710,0.9845
2026-04-12 18:12:09,Secom_p128,128,96,1.0498,1.0014
2026-04-12 18:12:09,Secom_p135,135,68,0.6679,0.9958
2026-04-12 18:12:10,Secom_p135,135,102,1.2348,0.9985
2026-04-12 18:12:11,Secom_p135,135,85,0.9501,1.0022
2026-04-12 18:12:12,Secom_p143,143,72,0.7579,0.9985
2026-04-12 18:12:13,Secom_p143,143,108,1.4150,0.9998
2026-04-12 18:12:13,Secom_p143,143,90,1.0997,0.9989
2026-04-12 18:12:14,Secom_p143,143,81,0.9166,0.9989
2026-04-12 18:12:15,Secom_p143,143,85,1.0029,0.9996
2026-04-12 18:12:16,Secom_p150,150,75,0.8559,0.9912
2026-04-12 18:12:17,Secom_p150,150,113,1.6329,1.0004
2026-04-12 18:12:17,Secom_p150,150,94,1.2281,0.9957
2026-04-12 18:12:18,Secom_p150,150,84,1.0339,0.9933
2026-04-12 18:12:19,Secom_p157,157,79,0.9963,0.9969
2026-04-12 18:12:20,Secom_p165,165,83,1.1341,0.9935
2026-04-12 18:12:20,Secom_p165,165,41,0.3994,0.9832
2026-04-12 18:12:21,Secom_p165,165,62,0.6585,0.9901
2026-04-12 18:12:22,Secom_p165,165,72,0.8634,0.9893
2026-04-12 18:12:23,Secom_p165,165,77,0.9874,0.9943
2026-04-12 18:12:23,Secom_p172,172,86,1.2424,0.9984
2026-04-12 18:12:24,Secom_p172,172,43,0.4363,0.9895
2026-04-12 18:12:25,Secom_p172,172,64,0.7195,0.9976
2026-04-12 18:12:25,Secom_p172,172,75,0.9698,0.9966
2026-04-12 18:12:26,Secom_p179,179,90,1.3798,0.9856
2026-04-12 18:12:27,Secom_p179,179,45,0.4579,0.9829
2026-04-12 18:12:28,Secom_p179,179,67,0.8033,0.9876
2026-04-12 18:12:29,Secom_p179,179,78,1.0474,0.9908
2026-04-12 18:12:30,Secom_p187,187,94,1.5492,0.9925
2026-04-12 18:12:30,Secom_p187,187,47,0.4789,0.9860
2026-04-12 18:12:31,Secom_p187,187,70,0.8851,0.9901
2026-04-12 18:12:32,Secom_p187,187,82,1.2054,0.9916
2026-04-12 18:12:33,Secom_p187,187,76,1.0443,0.9838
2026-04-12 18:12:34,Secom_p194,194,97,1.7049,0.9953
2026-04-12 18:12:35,Secom_p194,194,48,0.4850,0.9894
2026-04-12 18:12:36,Secom_p194,194,72,0.9731,0.9905
2026-04-12 18:12:37,Secom_p202,202,101,1.8507,0.9946
2026-04-12 18:12:38,Secom_p202,202,50,0.5155,0.9913
2026-04-12 18:12:39,Secom_p202,202,75,1.0709,0.9912
2026-04-12 18:12:40,Secom_p202,202,62,0.7300,0.9856
2026-04-12 18:12:41,Secom_p202,202,68,0.8746,0.9887
2026-04-12 18:12:42,Secom_p202,202,71,0.9625,0.9930
2026-04-12 18:12:43,Secom_p209,209,105,2.0521,0.9953
2026-04-12 18:12:44,Secom_p209,209,52,0.5524,0.9854
2026-04-12 18:12:45,Secom_p209,209,78,1.1462,0.9905
2026-04-12 18:12:46,Secom_p209,209,65,0.8047,0.9888
2026-04-12 18:12:47,Secom_p209,209,71,0.9630,0.9898
2026-04-12 18:12:48,Secom_p216,216,108,2.3476,0.9914
2026-04-12 18:12:49,Secom_p216,216,54,0.6342,0.9865
2026-04-12 18:12:50,Secom_p216,216,81,1.3675,0.9912
2026-04-12 18:12:51,Secom_p216,216,67,0.9354,0.9890
2026-04-12 18:12:52,Secom_p216,216,74,1.1416,0.9898
2026-04-12 18:12:53,Secom_p216,216,70,1.0310,0.9888
2026-04-12 18:12:55,Secom_p224,224,112,2.6273,0.9943
2026-04-12 18:12:55,Secom_p224,224,56,0.6870,0.9794
2026-04-12 18:12:57,Secom_p224,224,84,1.5065,0.9883
2026-04-12 18:12:58,Secom_p224,224,70,1.0551,0.9870
2026-04-12 18:12:58,Secom_p224,224,63,0.8460,0.9827
2026-04-12 18:12:59,Secom_p224,224,66,0.9326,0.9868
2026-04-12 18:13:00,Secom_p224,224,68,0.9757,0.9823
2026-04-12 18:13:02,Secom_p231,231,116,2.5955,0.9953
2026-04-12 18:13:03,Secom_p231,231,58,0.6778,0.9896
2026-04-12 18:13:04,Secom_p231,231,87,1.5250,0.9931
2026-04-12 18:13:05,Secom_p231,231,72,1.0409,0.9850
2026-04-12 18:13:08,Secom_p239,239,120,2.9164,0.9944
2026-04-12 18:13:08,Secom_p239,239,60,0.7415,0.9837
2026-04-12 18:13:10,Secom_p239,239,90,1.6435,0.9915
2026-04-12 18:13:11,Secom_p239,239,75,1.1426,0.9909
2026-04-12 18:13:12,Secom_p239,239,67,0.9189,0.9871
2026-04-12 18:13:13,Secom_p239,239,71,1.0287,0.9892
2026-04-12 18:13:13,Secom_p25,25,13,0.0491,0.9800
2026-04-12 18:13:13,Secom_p25,25,19,0.0452,0.9950
2026-04-12 18:13:14,Secom_p25,25,22,0.0423,1.0031
2026-04-12 18:13:14,Secom_p25,25,24,0.0396,1.0005
2026-04-12 18:13:14,Secom_p25,25,25,0.0388,1.0000
2026-04-12 18:13:14,Secom_p32,32,16,0.0658,0.9796
2026-04-12 18:13:14,Secom_p32,32,24,0.0629,0.9956
2026-04-12 18:13:14,Secom_p32,32,28,0.0594,1.0022
2026-04-12 18:13:14,Secom_p32,32,30,0.0586,1.0000
2026-04-12 18:13:14,Secom_p32,32,31,0.0571,1.0000
2026-04-12 18:13:15,Secom_p32,32,32,0.0558,1.0000
2026-04-12 18:13:15,Secom_p39,39,20,0.0843,0.9775
2026-04-12 18:13:15,Secom_p39,39,30,0.0823,0.9877
2026-04-12 18:13:15,Secom_p39,39,35,0.0777,0.9970
2026-04-12 18:13:15,Secom_p39,39,37,0.0758,1.0004
2026-04-12 18:13:15,Secom_p39,39,38,0.0742,1.0000
2026-04-12 18:13:16,Secom_p39,39,39,0.0720,1.0000
2026-04-12 18:13:16,Secom_p47,47,24,0.1066,0.9874
2026-04-12 18:13:16,Secom_p47,47,36,0.1099,0.9964
2026-04-12 18:13:16,Secom_p47,47,42,0.1024,0.9999
2026-04-12 18:13:16,Secom_p47,47,45,0.0977,1.0002
2026-04-12 18:13:17,Secom_p47,47,46,0.0969,1.0000
2026-04-12 18:13:17,Secom_p47,47,47,0.0956,1.0000
2026-04-12 18:13:17,Secom_p54,54,27,0.1295,0.9986
2026-04-12 18:13:17,Secom_p54,54,41,0.1328,1.0012
2026-04-12 18:13:18,Secom_p54,54,48,0.1256,1.0002
2026-04-12 18:13:18,Secom_p54,54,51,0.1266,1.0000
2026-04-12 18:13:18,Secom_p54,54,53,0.1260,1.0000
2026-04-12 18:13:19,Secom_p54,54,54,0.1256,1.0000
2026-04-12 18:13:19,Secom_p61,61,31,0.1591,0.9946
2026-04-12 18:13:19,Secom_p61,61,46,0.1598,0.9999
2026-04-12 18:13:19,Secom_p61,61,54,0.1646,1.0002
2026-04-12 18:13:20,Secom_p61,61,58,0.1721,1.0000
2026-04-12 18:13:20,Secom_p61,61,60,0.1729,1.0000
2026-04-12 18:13:20,Secom_p61,61,61,0.1759,1.0000
2026-04-12 18:13:20,Secom_p69,69,35,0.1840,0.9939
2026-04-12 18:13:21,Secom_p69,69,52,0.2015,1.0020
2026-04-12 18:13:21,Secom_p69,69,61,0.2268,0.9993
2026-04-12 18:13:21,Secom_p69,69,65,0.2323,1.0004
2026-04-12 18:13:22,Secom_p69,69,67,0.2367,1.0000
2026-04-12 18:13:22,Secom_p69,69,68,0.2387,1.0000
2026-04-12 18:13:23,Secom_p69,69,69,0.2385,1.0000
2026-04-12 18:13:23,Secom_p76,76,38,0.2129,1.0068
2026-04-12 18:13:23,Secom_p76,76,57,0.2600,1.0068
2026-04-12 18:13:23,Secom_p76,76,67,0.2934,0.9997
2026-04-12 18:13:24,Secom_p76,76,72,0.3077,1.0000
2026-04-12 18:13:24,Secom_p76,76,74,0.3082,1.0000
2026-04-12 18:13:25,Secom_p76,76,75,0.3110,1.0000
2026-04-12 18:13:25,Secom_p76,76,76,0.3070,1.0000
2026-04-12 18:13:25,Secom_p84,84,42,0.2323,0.9895
2026-04-12 18:13:26,Secom_p84,84,63,0.3256,0.9997
2026-04-12 18:13:26,Secom_p84,84,74,0.3765,0.9999
2026-04-12 18:13:26,Secom_p84,84,79,0.3860,1.0000
2026-04-12 18:13:27,Secom_p84,84,82,0.3989,0.9999
2026-04-12 18:13:27,Secom_p84,84,83,0.4044,1.0000
2026-04-12 18:13:28,Secom_p84,84,84,0.3979,1.0000
2026-04-12 18:13:28,Secom_p91,91,46,0.2680,0.9923
2026-04-12 18:13:29,Secom_p91,91,69,0.4115,1.0010
2026-04-12 18:13:29,Secom_p91,91,80,0.4777,1.0001
2026-04-12 18:13:29,Secom_p91,91,86,0.4848,1.0000
2026-04-12 18:13:30,Secom_p91,91,89,0.4943,1.0000
2026-04-12 18:13:30,Secom_p91,91,90,0.4985,1.0000
2026-04-12 18:13:31,Secom_p91,91,91,0.5090,1.0000
2026-04-12 18:13:31,Secom_p98,98,49,0.3010,0.9936
2026-04-12 18:13:32,Secom_p98,98,74,0.5082,1.0012
2026-04-12 18:13:32,Secom_p98,98,86,0.5758,1.0000
2026-04-12 18:13:33,Secom_p98,98,92,0.6125,1.0000
2026-04-12 18:13:33,Secom_p98,98,95,0.6129,1.0000
2026-04-12 18:13:34,Secom_p98,98,97,0.6195,1.0000
2026-04-12 18:13:34,Secom_p98,98,98,0.6241,1.0000
2026-04-12 18:13:35,Secom_p106,106,53,0.3636,0.9925
2026-04-12 18:13:35,Secom_p106,106,80,0.6379,0.9986
2026-04-12 18:13:36,Secom_p106,106,93,0.7397,1.0002
2026-04-12 18:13:36,Secom_p106,106,100,0.7570,1.0001
2026-04-12 18:13:37,Secom_p106,106,103,0.7801,1.0000
2026-04-12 18:13:37,Secom_p106,106,105,0.7747,1.0000
2026-04-12 18:13:38,Secom_p106,106,106,0.7838,1.0000
2026-04-12 18:13:38,Secom_p113,113,57,0.4188,0.9912
2026-04-12 18:13:39,Secom_p113,113,85,0.7557,0.9993
2026-04-12 18:13:40,Secom_p113,113,99,0.8717,1.0000
2026-04-12 18:13:40,Secom_p113,113,106,0.9107,1.0000
2026-04-12 18:13:41,Secom_p113,113,110,0.9102,1.0000
2026-04-12 18:13:41,Secom_p113,113,112,0.9148,1.0000
2026-04-12 18:13:42,Secom_p113,113,113,0.9218,1.0000
2026-04-12 18:13:43,Secom_p120,120,60,0.4927,0.9937
2026-04-12 18:13:43,Secom_p120,120,90,0.9162,1.0009
2026-04-12 18:13:44,Secom_p120,120,105,1.0556,1.0002
2026-04-12 18:13:45,Secom_p120,120,97,0.9847,1.0007
2026-04-12 18:13:45,Secom_p128,128,64,0.5802,0.9899
2026-04-12 18:13:46,Secom_p128,128,96,1.0463,0.9989
2026-04-12 18:13:46,Secom_p135,135,68,0.6646,0.9905
2026-04-12 18:13:47,Secom_p135,135,102,1.2187,0.9992
2026-04-12 18:13:48,Secom_p135,135,85,0.9458,0.9964
2026-04-12 18:13:49,Secom_p135,135,93,1.0836,0.9993
2026-04-12 18:13:49,Secom_p135,135,89,1.0163,0.9974
2026-04-12 18:13:50,Secom_p143,143,72,0.7639,0.9816
2026-04-12 18:13:51,Secom_p143,143,108,1.4235,1.0007
2026-04-12 18:13:52,Secom_p143,143,90,1.1033,0.9981
2026-04-12 18:13:52,Secom_p143,143,81,0.9425,0.9944
2026-04-12 18:13:53,Secom_p143,143,85,1.0160,0.9969
2026-04-12 18:13:54,Secom_p150,150,75,0.8501,0.9958
2026-04-12 18:13:55,Secom_p150,150,113,1.6231,1.0007
2026-04-12 18:13:56,Secom_p150,150,94,1.2436,1.0015
2026-04-12 18:13:57,Secom_p150,150,84,1.0502,0.9939
2026-04-12 18:13:57,Secom_p150,150,79,0.9264,0.9952
2026-04-12 18:13:58,Secom_p150,150,81,0.9935,0.9959
2026-04-12 18:13:59,Secom_p157,157,79,0.9810,0.9952
2026-04-12 18:14:00,Secom_p165,165,83,1.1314,1.0020
2026-04-12 18:14:00,Secom_p165,165,41,0.4093,0.9885
2026-04-12 18:14:01,Secom_p165,165,62,0.6662,0.9892
2026-04-12 18:14:02,Secom_p165,165,72,0.8680,0.9974
2026-04-12 18:14:02,Secom_p165,165,77,0.9793,0.9979
2026-04-12 18:14:03,Secom_p172,172,86,1.0870,0.9880
2026-04-12 18:14:04,Secom_p172,172,43,0.4345,0.9893
2026-04-12 18:14:05,Secom_p172,172,64,0.7348,0.9859
2026-04-12 18:14:05,Secom_p172,172,75,0.9752,0.9867
2026-04-12 18:14:06,Secom_p179,179,90,1.3703,0.9944
2026-04-12 18:14:07,Secom_p179,179,45,0.4521,0.9789
2026-04-12 18:14:08,Secom_p179,179,67,0.8041,0.9845
2026-04-12 18:14:09,Secom_p179,179,78,1.0504,0.9868
2026-04-12 18:14:09,Secom_p179,179,72,0.9066,0.9806
2026-04-12 18:14:10,Secom_p179,179,75,0.9811,0.9825
2026-04-12 18:14:11,Secom_p187,187,94,1.5443,0.9916
2026-04-12 18:14:12,Secom_p187,187,47,0.4756,0.9815
2026-04-12 18:14:13,Secom_p187,187,70,0.8925,0.9857
2026-04-12 18:14:14,Secom_p187,187,82,1.2123,0.9880
2026-04-12 18:14:15,Secom_p187,187,76,1.0520,0.9870
2026-04-12 18:14:16,Secom_p187,187,73,0.9693,0.9874
2026-04-12 18:14:17,Secom_p194,194,97,1.6922,0.9961
2026-04-12 18:14:17,Secom_p194,194,48,0.4900,0.9894
2026-04-12 18:14:18,Secom_p194,194,72,0.9486,0.9898
2026-04-12 18:14:19,Secom_p194,194,84,1.3064,0.9928
2026-04-12 18:14:20,Secom_p194,194,78,1.1271,0.9897
2026-04-12 18:14:21,Secom_p194,194,75,1.0415,0.9909
2026-04-12 18:14:23,Secom_p202,202,101,1.8647,0.9965
2026-04-12 18:14:23,Secom_p202,202,50,0.5119,0.9802
2026-04-12 18:14:24,Secom_p202,202,75,1.0634,0.9851
2026-04-12 18:14:25,Secom_p202,202,62,0.7441,0.9899
2026-04-12 18:14:26,Secom_p202,202,68,0.8839,0.9887
2026-04-12 18:14:27,Secom_p202,202,71,0.9652,0.9894
2026-04-12 18:14:28,Secom_p209,209,105,1.7559,0.9946
2026-04-12 18:14:29,Secom_p209,209,52,0.5490,0.9870
2026-04-12 18:14:30,Secom_p209,209,78,1.1659,0.9895
2026-04-12 18:14:31,Secom_p209,209,65,0.8028,0.9860
2026-04-12 18:14:32,Secom_p209,209,71,0.9587,0.9888
2026-04-12 18:14:34,Secom_p216,216,108,2.3509,0.9953
2026-04-12 18:14:34,Secom_p216,216,54,0.6394,0.9812
2026-04-12 18:17:27,Secom_p216,216,81,0.0037,0.9893
2026-04-12 18:17:28,Secom_p216,216,94,1.8969,0.9917
2026-04-12 18:17:30,Secom_p216,216,87,1.6203,0.9849
2026-04-12 18:17:31,Secom_p216,216,84,1.5394,0.9851
2026-04-12 18:17:32,Secom_p216,216,82,1.4568,0.9900
2026-04-12 18:17:34,Secom_p224,224,112,2.3811,0.9979
2026-04-12 18:17:35,Secom_p224,224,56,0.7073,0.9846
2026-04-12 18:17:36,Secom_p224,224,84,1.5474,0.9850
2026-04-12 18:17:37,Secom_p224,224,70,1.0612,0.9864
2026-04-12 18:17:38,Secom_p224,224,63,0.8931,0.9790
2026-04-12 18:17:39,Secom_p224,224,66,0.9615,0.9882
2026-04-12 18:17:40,Secom_p231,231,116,2.6830,0.9981
2026-04-12 18:17:41,Secom_p231,231,58,0.6998,0.9911
2026-04-12 18:17:43,Secom_p231,231,87,1.5421,0.9945
2026-04-12 18:17:44,Secom_p231,231,72,1.0493,0.9868
2026-04-12 18:17:46,Secom_p239,239,120,2.9241,0.9947
2026-04-12 18:17:47,Secom_p239,239,60,0.7579,0.9878
2026-04-12 18:17:48,Secom_p239,239,90,1.6691,0.9890
2026-04-12 18:17:49,Secom_p239,239,75,1.1570,0.9880
2026-04-12 18:17:50,Secom_p239,239,67,0.9333,0.9837
2026-04-12 18:17:52,Secom_p239,239,71,1.0640,0.9876
2026-04-12 18:17:53,Secom_p239,239,69,0.9130,0.9905
2026-04-12 18:17:54,Secom_p239,239,70,0.9909,0.9864
2026-04-12 18:17:54,Secom_p25,25,13,0.0485,0.9820
2026-04-12 18:17:54,Secom_p25,25,19,0.0437,1.0011
2026-04-12 18:17:54,Secom_p25,25,22,0.0434,1.0084
2026-04-12 18:17:54,Secom_p25,25,24,0.0417,1.0000
2026-04-12 18:17:54,Secom_p25,25,25,0.0383,1.0000
2026-04-12 18:17:54,Secom_p32,32,16,0.0664,0.9898
2026-04-12 18:17:55,Secom_p32,32,24,0.0632,0.9998
2026-04-12 18:17:55,Secom_p32,32,28,0.0607,1.0045
2026-04-12 18:17:55,Secom_p32,32,30,0.0576,1.0000
2026-04-12 18:17:55,Secom_p32,32,31,0.0571,1.0000
2026-04-12 18:17:55,Secom_p32,32,32,0.0569,1.0000
2026-04-12 18:17:55,Secom_p39,39,20,0.0846,0.9719
2026-04-12 18:17:55,Secom_p39,39,30,0.0840,0.9875
2026-04-12 18:17:56,Secom_p39,39,35,0.0783,0.9978
2026-04-12 18:17:56,Secom_p39,39,37,0.0755,1.0015
2026-04-12 18:17:56,Secom_p39,39,38,0.0741,1.0008
2026-04-12 18:17:56,Secom_p39,39,39,0.0747,1.0000
2026-04-12 18:17:56,Secom_p47,47,24,0.1099,0.9817
2026-04-12 18:17:56,Secom_p47,47,36,0.1080,1.0007
2026-04-12 18:17:57,Secom_p47,47,42,0.1036,1.0058
2026-04-12 18:17:57,Secom_p47,47,45,0.0976,1.0026
2026-04-12 18:17:57,Secom_p47,47,46,0.0978,1.0020
2026-04-12 18:17:57,Secom_p47,47,47,0.0963,1.0000
2026-04-12 18:17:58,Secom_p54,54,27,0.1303,0.9851
2026-04-12 18:17:58,Secom_p54,54,41,0.1370,1.0007
2026-04-12 18:17:58,Secom_p54,54,48,0.1278,0.9997
2026-04-12 18:17:58,Secom_p54,54,51,0.1222,1.0002
2026-04-12 18:17:59,Secom_p54,54,53,0.1287,1.0000
2026-04-12 18:17:59,Secom_p54,54,54,0.1295,1.0000
2026-04-12 18:17:59,Secom_p61,61,31,0.1537,0.9900
2026-04-12 18:18:00,Secom_p61,61,46,0.1634,1.0019
2026-04-12 18:18:00,Secom_p61,61,54,0.1665,1.0001
2026-04-12 18:18:00,Secom_p61,61,58,0.1737,1.0000
2026-04-12 18:18:00,Secom_p61,61,60,0.1721,1.0000
2026-04-12 18:18:01,Secom_p61,61,61,0.1758,1.0000
2026-04-12 18:18:01,Secom_p69,69,35,0.1845,0.9936
2026-04-12 18:18:01,Secom_p69,69,52,0.2001,0.9976
2026-04-12 18:18:02,Secom_p69,69,61,0.2244,1.0006
2026-04-12 18:18:02,Secom_p69,69,65,0.2361,1.0000
2026-04-12 18:18:02,Secom_p69,69,67,0.2386,1.0000
2026-04-12 18:18:03,Secom_p69,69,68,0.2401,1.0000
2026-04-12 18:18:03,Secom_p69,69,69,0.2351,1.0000
2026-04-12 18:18:03,Secom_p76,76,38,0.2156,0.9926
2026-04-12 18:18:04,Secom_p76,76,57,0.2598,1.0053
2026-04-12 18:18:04,Secom_p76,76,67,0.2949,1.0005
2026-04-12 18:18:04,Secom_p76,76,72,0.3074,1.0000
2026-04-12 18:18:05,Secom_p76,76,74,0.3093,0.9999
2026-04-12 18:18:05,Secom_p76,76,75,0.3073,1.0000
2026-04-12 18:18:05,Secom_p76,76,76,0.3132,1.0000
2026-04-12 18:18:06,Secom_p84,84,42,0.2412,0.9946
2026-04-12 18:18:06,Secom_p84,84,63,0.3270,0.9993
2026-04-12 18:18:07,Secom_p84,84,74,0.3745,1.0000
2026-04-12 18:18:07,Secom_p84,84,79,0.3913,1.0000
2026-04-12 18:18:07,Secom_p84,84,82,0.3934,1.0000
2026-04-12 18:18:08,Secom_p84,84,83,0.4102,1.0000
2026-04-12 18:18:08,Secom_p84,84,84,0.3998,1.0000
2026-04-12 18:18:09,Secom_p91,91,46,0.2729,0.9884
2026-04-12 18:18:09,Secom_p91,91,69,0.4133,1.0033
2026-04-12 18:18:09,Secom_p91,91,80,0.4780,1.0000
2026-04-12 18:18:10,Secom_p91,91,86,0.4921,1.0000
2026-04-12 18:18:10,Secom_p91,91,89,0.5012,1.0000
2026-04-12 18:18:11,Secom_p91,91,90,0.5157,1.0000
2026-04-12 18:18:11,Secom_p91,91,91,0.5054,1.0000
2026-04-12 18:18:12,Secom_p98,98,49,0.2968,0.9915
2026-04-12 18:18:12,Secom_p98,98,74,0.5085,1.0015
2026-04-12 18:18:13,Secom_p98,98,86,0.5793,1.0003
2026-04-12 18:18:13,Secom_p98,98,92,0.5985,1.0000
2026-04-12 18:18:14,Secom_p98,98,95,0.6225,1.0000
2026-04-12 18:18:14,Secom_p98,98,97,0.6137,1.0000
2026-04-12 18:18:15,Secom_p98,98,98,0.6195,1.0000
2026-04-12 18:18:15,Secom_p106,106,53,0.3556,0.9868
2026-04-12 18:18:16,Secom_p106,106,80,0.6347,1.0005
2026-04-12 18:18:16,Secom_p106,106,93,0.7280,1.0002
2026-04-12 18:18:17,Secom_p106,106,100,0.7669,1.0000
2026-04-12 18:18:17,Secom_p106,106,103,0.7949,1.0000
2026-04-12 18:18:18,Secom_p106,106,105,0.7857,1.0000
2026-04-12 18:18:18,Secom_p106,106,106,0.7799,1.0000
2026-04-12 18:18:19,Secom_p113,113,57,0.4253,0.9977
2026-04-12 18:18:19,Secom_p113,113,85,0.7357,1.0005
2026-04-12 18:18:20,Secom_p113,113,99,0.8710,1.0002
2026-04-12 18:18:21,Secom_p113,113,106,0.9034,1.0001
2026-04-12 18:18:21,Secom_p113,113,110,0.9223,1.0000
2026-04-12 18:18:22,Secom_p113,113,112,0.9244,1.0000
2026-04-12 18:18:23,Secom_p113,113,113,0.9235,1.0000
2026-04-12 18:18:23,Secom_p120,120,60,0.5028,0.9971
2026-04-12 18:18:24,Secom_p120,120,90,0.9035,0.9998
2026-04-12 18:18:24,Secom_p120,120,105,1.0630,1.0002
2026-04-12 18:18:25,Secom_p120,120,97,0.9807,1.0003
2026-04-12 18:18:26,Secom_p128,128,64,0.5805,0.9945
2026-04-12 18:18:26,Secom_p128,128,96,1.0579,0.9991
2026-04-12 18:18:27,Secom_p128,128,80,0.8291,1.0021
2026-04-12 18:18:28,Secom_p128,128,88,0.9375,1.0003
2026-04-12 18:18:28,Secom_p128,128,92,0.9994,0.9981
2026-04-12 18:18:29,Secom_p135,135,68,0.6690,0.9922
2026-04-12 18:18:30,Secom_p135,135,102,1.2242,1.0002
2026-04-12 18:18:30,Secom_p135,135,85,0.9370,0.9963
2026-04-12 18:18:31,Secom_p135,135,93,1.0829,0.9981
2026-04-12 18:18:32,Secom_p135,135,89,1.0367,0.9967
2026-04-12 18:18:33,Secom_p143,143,72,0.7723,0.9909
2026-04-12 18:18:33,Secom_p143,143,108,1.4296,0.9988
2026-04-12 18:18:34,Secom_p143,143,90,1.1205,0.9965
2026-04-12 18:18:35,Secom_p143,143,81,0.9486,0.9944
2026-04-12 18:18:36,Secom_p143,143,85,1.0087,0.9940
2026-04-12 18:18:36,Secom_p150,150,75,0.8540,0.9938
2026-04-12 18:18:37,Secom_p150,150,113,1.6196,0.9992
2026-04-12 18:18:38,Secom_p150,150,94,1.2396,0.9979
2026-04-12 18:18:39,Secom_p150,150,84,1.0398,0.9854
2026-04-12 18:18:40,Secom_p157,157,79,0.9860,0.9852
2026-04-12 18:18:41,Secom_p165,165,83,1.1390,0.9981
2026-04-12 18:18:41,Secom_p165,165,41,0.4133,0.9913
2026-04-12 18:18:42,Secom_p165,165,62,0.6680,0.9941
2026-04-12 18:18:43,Secom_p165,165,72,0.8708,0.9872
2026-04-12 18:18:43,Secom_p165,165,77,0.9787,0.9949
2026-04-12 18:18:44,Secom_p172,172,86,1.2616,0.9987
2026-04-12 18:18:45,Secom_p172,172,43,0.4417,0.9811
2026-04-12 18:18:46,Secom_p172,172,64,0.7181,0.9909
2026-04-12 18:18:46,Secom_p172,172,75,0.9706,0.9929
2026-04-12 18:18:47,Secom_p179,179,90,1.3834,0.9918
2026-04-12 18:18:48,Secom_p179,179,45,0.4555,0.9775
2026-04-12 18:18:49,Secom_p179,179,67,0.8015,0.9836
2026-04-12 18:18:50,Secom_p179,179,78,1.0699,0.9880
2026-04-12 18:18:50,Secom_p179,179,72,0.9217,0.9914
2026-04-12 18:18:51,Secom_p179,179,75,0.9996,0.9916
2026-04-12 18:18:52,Secom_p187,187,94,1.5444,0.9991
2026-04-12 18:18:53,Secom_p187,187,47,0.4816,0.9795
2026-04-12 18:18:54,Secom_p187,187,70,0.9030,0.9931
2026-04-12 18:18:55,Secom_p187,187,82,1.2068,0.9968
2026-04-12 18:18:56,Secom_p187,187,76,1.0493,0.9957
2026-04-12 18:18:57,Secom_p194,194,97,1.6815,1.0000
2026-04-12 18:18:58,Secom_p194,194,48,0.4870,0.9839
2026-04-12 18:18:59,Secom_p194,194,72,0.9794,0.9928
2026-04-12 18:19:00,Secom_p202,202,101,1.8697,0.9957
2026-04-12 18:19:01,Secom_p202,202,50,0.5141,0.9847
2026-04-12 18:19:02,Secom_p202,202,75,1.0590,0.9915
2026-04-12 18:19:02,Secom_p202,202,62,0.7391,0.9889
2026-04-12 18:19:03,Secom_p202,202,68,0.8812,0.9900
2026-04-12 18:19:04,Secom_p202,202,71,0.9610,0.9832
2026-04-12 18:19:06,Secom_p209,209,105,2.0325,0.9955
2026-04-12 18:19:06,Secom_p209,209,52,0.5507,0.9835
2026-04-12 18:19:07,Secom_p209,209,78,1.1662,0.9892
2026-04-12 18:19:08,Secom_p209,209,65,0.8171,0.9869
2026-04-12 18:19:09,Secom_p209,209,71,0.9791,0.9884
2026-04-12 18:19:11,Secom_p216,216,108,2.3811,0.9889
2026-04-12 18:19:12,Secom_p216,216,54,0.6364,0.9900
2026-04-12 18:19:13,Secom_p216,216,81,1.3466,0.9897
2026-04-12 18:19:14,Secom_p216,216,67,0.9246,0.9851
2026-04-12 18:19:15,Secom_p216,216,74,1.1606,0.9943
2026-04-12 18:19:15,Secom_p216,216,70,1.0251,0.9857
2026-04-12 18:19:17,Secom_p224,224,112,2.6066,0.9974
2026-04-12 18:19:18,Secom_p224,224,56,0.6849,0.9905
2026-04-12 18:19:19,Secom_p224,224,84,1.5048,0.9947
2026-04-12 18:19:20,Secom_p224,224,70,1.0527,0.9894
2026-04-12 18:19:21,Secom_p224,224,63,0.8533,0.9834
2026-04-12 18:19:22,Secom_p224,224,66,0.9223,0.9845
2026-04-12 18:19:23,Secom_p224,224,68,0.9803,0.9906
2026-04-12 18:19:25,Secom_p231,231,116,2.6225,0.9980
2026-04-12 18:19:26,Secom_p231,231,58,0.6850,0.9867
2026-04-12 18:19:27,Secom_p231,231,87,1.5153,0.9910
2026-04-12 18:19:28,Secom_p231,231,72,1.0325,0.9894
2026-04-12 18:19:30,Secom_p239,239,120,2.9037,0.9939
2026-04-12 18:19:31,Secom_p239,239,60,0.7473,0.9881
2026-04-12 18:19:33,Secom_p239,239,90,1.6507,0.9874
2026-04-12 18:19:34,Secom_p239,239,75,1.1447,0.9853
2026-04-12 18:19:35,Secom_p239,239,67,0.9210,0.9831
2026-04-12 18:19:36,Secom_p239,239,71,1.0273,0.9912
2026-04-12 18:19:36,Arrhythmia_p25,25,13,0.0493,0.9966
2026-04-12 18:19:36,Arrhythmia_p25,25,19,0.0456,1.0003
2026-04-12 18:19:36,Arrhythmia_p25,25,22,0.0422,1.0037
2026-04-12 18:19:36,Arrhythmia_p25,25,24,0.0392,1.0000
2026-04-12 18:19:36,Arrhythmia_p25,25,25,0.0398,1.0000
2026-04-12 18:19:37,Arrhythmia_p28,28,14,0.0571,0.9634
2026-04-12 18:19:37,Arrhythmia_p28,28,21,0.0530,0.9906
2026-04-12 18:19:37,Arrhythmia_p28,28,25,0.0491,0.9975
2026-04-12 18:19:37,Arrhythmia_p28,28,27,0.0469,1.0000
2026-04-12 18:19:37,Arrhythmia_p28,28,28,0.0462,1.0000
2026-04-12 18:19:37,Arrhythmia_p32,32,16,0.0652,0.9481
2026-04-12 18:19:37,Arrhythmia_p32,32,24,0.0635,1.0052
2026-04-12 18:19:37,Arrhythmia_p32,32,28,0.0606,1.0077
2026-04-12 18:19:38,Arrhythmia_p32,32,30,0.0587,1.0037
2026-04-12 18:19:38,Arrhythmia_p32,32,31,0.0567,1.0014
2026-04-12 18:19:38,Arrhythmia_p32,32,32,0.0537,1.0000
2026-04-12 18:19:38,Arrhythmia_p35,35,18,0.0728,0.9863
2026-04-12 18:19:38,Arrhythmia_p35,35,27,0.0695,0.9997
2026-04-12 18:19:38,Arrhythmia_p35,35,31,0.0677,1.0020
2026-04-12 18:19:38,Arrhythmia_p35,35,33,0.0647,1.0010
2026-04-12 18:19:39,Arrhythmia_p35,35,34,0.0633,1.0004
2026-04-12 18:19:39,Arrhythmia_p35,35,35,0.0623,1.0000
2026-04-12 18:19:39,Arrhythmia_p39,39,20,0.0834,0.9796
2026-04-12 18:19:39,Arrhythmia_p39,39,30,0.0830,1.0028
2026-04-12 18:19:39,Arrhythmia_p39,39,35,0.0778,1.0012
2026-04-12 18:19:39,Arrhythmia_p39,39,37,0.0740,1.0007
2026-04-12 18:19:40,Arrhythmia_p39,39,38,0.0747,1.0005
2026-04-12 18:19:40,Arrhythmia_p39,39,39,0.0724,1.0000
2026-04-12 18:19:40,Arrhythmia_p43,43,22,0.0964,0.9872
2026-04-12 18:19:40,Arrhythmia_p43,43,33,0.0968,1.0062
2026-04-12 18:19:40,Arrhythmia_p43,43,38,0.0912,1.0060
2026-04-12 18:19:41,Arrhythmia_p43,43,41,0.0864,1.0029
2026-04-12 18:19:41,Arrhythmia_p43,43,42,0.0840,1.0000
2026-04-12 18:19:41,Arrhythmia_p43,43,43,0.0837,1.0000
2026-04-12 18:19:41,Arrhythmia_p46,46,23,0.1044,1.0003
2026-04-12 18:19:41,Arrhythmia_p46,46,35,0.1051,1.0084
2026-04-12 18:19:42,Arrhythmia_p46,46,41,0.0997,1.0031
2026-04-12 18:19:42,Arrhythmia_p46,46,44,0.0964,1.0010
2026-04-12 18:19:42,Arrhythmia_p46,46,45,0.0937,1.0004
2026-04-12 18:19:42,Arrhythmia_p46,46,46,0.0910,1.0000
2026-04-12 18:19:42,Arrhythmia_p50,50,25,0.1155,0.9968
2026-04-12 18:19:43,Arrhythmia_p50,50,38,0.1181,1.0088
2026-04-12 18:19:43,Arrhythmia_p50,50,44,0.1132,1.0038
2026-04-12 18:19:43,Arrhythmia_p50,50,47,0.1082,1.0025
2026-04-12 18:19:44,Arrhythmia_p50,50,49,0.1044,1.0008
2026-04-12 18:19:44,Arrhythmia_p50,50,50,0.1030,1.0000
2026-04-12 18:19:44,Arrhythmia_p54,54,27,0.1297,0.9973
2026-04-12 18:19:44,Arrhythmia_p54,54,41,0.1323,1.0026
2026-04-12 18:19:44,Arrhythmia_p54,54,48,0.1264,1.0014
2026-04-12 18:19:45,Arrhythmia_p54,54,51,0.1261,1.0013
2026-04-12 18:19:45,Arrhythmia_p54,54,53,0.1277,1.0004
2026-04-12 18:19:45,Arrhythmia_p54,54,54,0.1252,1.0000
2026-04-12 18:19:46,Arrhythmia_p57,57,29,0.1404,0.9944
2026-04-12 18:19:46,Arrhythmia_p57,57,43,0.1444,1.0072
2026-04-12 18:19:46,Arrhythmia_p57,57,50,0.1379,1.0055
2026-04-12 18:19:46,Arrhythmia_p57,57,54,0.1430,1.0022
2026-04-12 18:19:47,Arrhythmia_p57,57,56,0.1435,1.0003
2026-04-12 18:19:47,Arrhythmia_p57,57,57,0.1478,1.0000
2026-04-12 18:19:47,Arrhythmia_p61,61,31,0.1574,0.9987
2026-04-12 18:19:47,Arrhythmia_p61,61,46,0.1604,1.0098
2026-04-12 18:19:48,Arrhythmia_p61,61,54,0.1672,1.0034
2026-04-12 18:19:48,Arrhythmia_p61,61,58,0.1730,1.0004
2026-04-12 18:19:48,Arrhythmia_p61,61,60,0.1726,1.0000
2026-04-12 18:19:49,Arrhythmia_p61,61,61,0.1743,1.0000
2026-04-12 18:19:49,Arrhythmia_p65,65,33,0.1710,0.9799
2026-04-12 18:19:49,Arrhythmia_p65,65,49,0.1746,1.0008
2026-04-12 18:19:50,Arrhythmia_p65,65,57,0.1944,1.0030
2026-04-12 18:19:50,Arrhythmia_p65,65,61,0.1986,1.0010
2026-04-12 18:19:50,Arrhythmia_p65,65,63,0.2019,1.0005
2026-04-12 18:19:51,Arrhythmia_p65,65,64,0.2029,1.0003
2026-04-12 18:19:51,Arrhythmia_p65,65,65,0.2007,1.0000
2026-04-12 18:19:51,Arrhythmia_p68,68,34,0.1800,0.9895
2026-04-12 18:19:51,Arrhythmia_p68,68,51,0.1923,1.0000
2026-04-12 18:19:52,Arrhythmia_p68,68,60,0.2159,1.0008
2026-04-12 18:19:52,Arrhythmia_p68,68,64,0.2234,1.0002
2026-04-12 18:19:52,Arrhythmia_p68,68,66,0.2264,1.0001
2026-04-12 18:19:53,Arrhythmia_p68,68,67,0.2323,1.0000
2026-04-12 18:19:53,Arrhythmia_p68,68,68,0.2273,1.0000
2026-04-12 18:19:53,Arrhythmia_p72,72,36,0.1980,0.9904
2026-04-12 18:19:54,Arrhythmia_p72,72,54,0.2250,1.0018
2026-04-12 18:19:54,Arrhythmia_p72,72,63,0.2521,1.0018
2026-04-12 18:19:54,Arrhythmia_p72,72,68,0.2652,1.0008
2026-04-12 18:19:55,Arrhythmia_p72,72,70,0.2681,1.0005
2026-04-12 18:19:55,Arrhythmia_p72,72,71,0.2692,1.0002
2026-04-12 18:19:55,Arrhythmia_p72,72,72,0.2672,1.0000
2026-04-12 18:19:56,Arrhythmia_p76,76,38,0.2130,0.9910
2026-04-12 18:19:56,Arrhythmia_p76,76,57,0.2549,1.0045
2026-04-12 18:19:56,Arrhythmia_p76,76,67,0.2959,1.0022
2026-04-12 18:19:57,Arrhythmia_p76,76,72,0.3059,1.0007
2026-04-12 18:19:57,Arrhythmia_p76,76,74,0.3088,1.0003
2026-04-12 18:19:58,Arrhythmia_p76,76,75,0.3082,1.0002
2026-04-12 18:19:58,Arrhythmia_p76,76,76,0.3119,1.0000
2026-04-12 18:19:58,Arrhythmia_p79,79,40,0.2242,0.9890
2026-04-12 18:19:59,Arrhythmia_p79,79,60,0.2883,1.0030
2026-04-12 18:19:59,Arrhythmia_p79,79,70,0.3267,1.0024
2026-04-12 18:19:59,Arrhythmia_p79,79,75,0.3350,1.0009
2026-04-12 18:20:00,Arrhythmia_p79,79,77,0.3428,1.0001
2026-04-12 18:20:00,Arrhythmia_p79,79,78,0.3430,1.0000
2026-04-12 18:20:00,Arrhythmia_p79,79,79,0.3451,1.0000
2026-04-12 18:20:01,Arrhythmia_p83,83,42,0.2339,0.9853
2026-04-12 18:20:01,Arrhythmia_p83,83,63,0.3208,1.0022
2026-04-12 18:20:02,Arrhythmia_p83,83,73,0.3649,1.0019
2026-04-12 18:20:02,Arrhythmia_p83,83,78,0.3771,1.0006
2026-04-12 18:20:02,Arrhythmia_p83,83,81,0.3975,1.0002
2026-04-12 18:20:03,Arrhythmia_p83,83,82,0.3837,1.0001
2026-04-12 18:20:03,Arrhythmia_p83,83,83,0.3901,1.0000
2026-04-12 18:20:04,Arrhythmia_p87,87,44,0.2533,0.9921
2026-04-12 18:20:04,Arrhythmia_p87,87,66,0.3583,0.9990
2026-04-12 18:20:04,Arrhythmia_p87,87,77,0.4185,0.9999
2026-04-12 18:20:05,Arrhythmia_p87,87,82,0.4399,1.0002
2026-04-12 18:20:05,Arrhythmia_p87,87,85,0.4364,1.0002
2026-04-12 18:20:06,Arrhythmia_p87,87,86,0.4402,1.0001
2026-04-12 18:20:06,Arrhythmia_p87,87,87,0.4453,1.0000
2026-04-12 18:20:06,Arrhythmia_p90,90,45,0.2638,0.9990
2026-04-12 18:20:07,Arrhythmia_p90,90,68,0.3961,1.0021
2026-04-12 18:20:07,Arrhythmia_p90,90,79,0.4623,1.0006
2026-04-12 18:20:08,Arrhythmia_p90,90,85,0.4811,1.0003
2026-04-12 18:20:08,Arrhythmia_p90,90,88,0.4752,1.0003
2026-04-12 18:20:09,Arrhythmia_p90,90,89,0.4888,1.0001
2026-04-12 18:20:09,Arrhythmia_p90,90,90,0.4876,1.0000
2026-04-12 18:20:09,Arrhythmia_p94,94,47,0.2816,0.9910
2026-04-12 18:20:10,Arrhythmia_p94,94,71,0.4486,1.0021
2026-04-12 18:20:10,Arrhythmia_p94,94,83,0.5231,1.0017
2026-04-12 18:20:11,Arrhythmia_p94,94,89,0.5354,1.0003
2026-04-12 18:20:11,Arrhythmia_p94,94,92,0.5436,1.0000
2026-04-12 18:20:12,Arrhythmia_p94,94,93,0.5565,1.0000
2026-04-12 18:20:12,Arrhythmia_p94,94,94,0.5510,1.0000
2026-04-12 18:20:13,Arrhythmia_p98,98,49,0.2996,1.0074
2026-04-12 18:20:13,Arrhythmia_p98,98,74,0.5054,1.0017
2026-04-12 18:20:14,Arrhythmia_p98,98,86,0.5897,1.0001
2026-04-12 18:20:14,Arrhythmia_p98,98,92,0.5964,1.0002
2026-04-12 18:20:15,Arrhythmia_p98,98,95,0.6195,1.0000
2026-04-12 18:20:15,Arrhythmia_p98,98,97,0.6217,1.0000
2026-04-12 18:20:16,Arrhythmia_p98,98,98,0.6150,1.0000
2026-04-12 18:20:16,Arrhythmia_p101,101,51,0.3210,0.9940
2026-04-12 18:20:17,Arrhythmia_p101,101,76,0.5508,1.0037
2026-04-12 18:20:17,Arrhythmia_p101,101,89,0.6446,1.0000
2026-04-12 18:20:18,Arrhythmia_p101,101,95,0.6598,1.0004
2026-04-12 18:20:18,Arrhythmia_p101,101,98,0.6777,1.0000
2026-04-12 18:20:19,Arrhythmia_p101,101,100,0.6655,1.0000
2026-04-12 18:20:19,Arrhythmia_p101,101,101,0.6771,1.0000
2026-04-12 18:20:20,Arrhythmia_p105,105,53,0.3592,0.9879
2026-04-12 18:20:20,Arrhythmia_p105,105,79,0.6157,1.0031
2026-04-12 18:20:21,Arrhythmia_p105,105,92,0.7186,1.0010
2026-04-12 18:20:21,Arrhythmia_p105,105,99,0.7341,1.0004
2026-04-12 18:20:22,Arrhythmia_p105,105,102,0.7522,1.0001
2026-04-12 18:20:22,Arrhythmia_p105,105,104,0.7501,1.0000
2026-04-12 18:20:23,Arrhythmia_p105,105,105,0.7497,1.0000
2026-04-12 18:20:23,Arrhythmia_p109,109,55,0.3953,0.9947
2026-04-12 18:20:24,Arrhythmia_p109,109,82,0.6775,1.0020
2026-04-12 18:20:24,Arrhythmia_p109,109,96,0.7892,1.0009
2026-04-12 18:20:25,Arrhythmia_p109,109,103,0.8345,1.0002
2026-04-12 18:20:26,Arrhythmia_p109,109,106,0.8300,1.0001
2026-04-12 18:20:26,Arrhythmia_p109,109,108,0.8444,1.0000
2026-04-12 18:20:27,Arrhythmia_p109,109,109,0.8297,1.0000
2026-04-12 18:20:27,Arrhythmia_p112,112,56,0.4299,0.9979
2026-04-12 18:20:28,Arrhythmia_p112,112,84,0.7462,1.0012
2026-04-12 18:20:28,Arrhythmia_p112,112,98,0.8756,1.0001
2026-04-12 18:20:29,Arrhythmia_p112,112,105,0.9265,1.0004
2026-04-12 18:20:30,Arrhythmia_p112,112,109,0.9153,1.0001
2026-04-12 18:20:30,Arrhythmia_p112,112,111,0.9454,1.0000
2026-04-12 18:20:31,Arrhythmia_p112,112,112,0.9279,1.0000
2026-04-12 18:20:31,Arrhythmia_p116,116,58,0.4552,0.9931
2026-04-12 18:20:32,Arrhythmia_p116,116,87,0.8032,0.9996
2026-04-12 18:20:33,Arrhythmia_p116,116,102,0.9492,1.0006
2026-04-12 18:20:33,Arrhythmia_p116,116,109,0.9895,1.0002
2026-04-12 18:20:34,Arrhythmia_p120,120,60,0.4933,1.0037
2026-04-12 18:20:34,Arrhythmia_p120,120,90,0.9142,1.0035
2026-04-12 18:20:35,Arrhythmia_p120,120,105,1.0592,1.0010
2026-04-12 18:20:36,Arrhythmia_p120,120,97,0.9981,1.0015
2026-04-12 18:20:36,Arrhythmia_p123,123,62,0.5224,0.9963
2026-04-12 18:20:37,Arrhythmia_p123,123,93,0.9451,1.0027
2026-04-12 18:20:38,Arrhythmia_p123,123,108,1.1058,1.0009
2026-04-12 18:20:38,Arrhythmia_p123,123,100,1.0290,1.0019
2026-04-12 18:20:39,Arrhythmia_p127,127,64,0.5628,0.9944
2026-04-12 18:20:39,Arrhythmia_p127,127,96,1.0461,1.0020
2026-04-12 18:20:40,Arrhythmia_p131,131,66,0.5997,0.9973
2026-04-12 18:20:41,Arrhythmia_p131,131,99,1.1204,1.0021
2026-04-12 18:20:41,Arrhythmia_p131,131,82,0.8553,1.0038
2026-04-12 18:20:42,Arrhythmia_p131,131,90,0.9829,1.0014
2026-04-12 18:20:42,Arrhythmia_p25,25,13,0.0490,0.9385
2026-04-12 18:20:42,Arrhythmia_p25,25,19,0.0451,0.9893
2026-04-12 18:20:42,Arrhythmia_p25,25,22,0.0420,0.9924
2026-04-12 18:20:43,Arrhythmia_p25,25,24,0.0401,1.0031
2026-04-12 18:20:43,Arrhythmia_p25,25,25,0.0382,1.0000
2026-04-12 18:20:43,Arrhythmia_p28,28,14,0.0553,0.9905
2026-04-12 18:20:43,Arrhythmia_p28,28,21,0.0526,1.0128
2026-04-12 18:20:43,Arrhythmia_p28,28,25,0.0485,1.0117
2026-04-12 18:20:43,Arrhythmia_p28,28,27,0.0458,1.0018
2026-04-12 18:20:43,Arrhythmia_p28,28,28,0.0446,1.0000
2026-04-12 18:20:43,Arrhythmia_p32,32,16,0.0653,0.9290
2026-04-12 18:20:43,Arrhythmia_p32,32,24,0.0628,0.9956
2026-04-12 18:20:44,Arrhythmia_p32,32,28,0.0594,1.0055
2026-04-12 18:20:44,Arrhythmia_p32,32,30,0.0572,1.0041
2026-04-12 18:20:44,Arrhythmia_p32,32,31,0.0559,1.0022
2026-04-12 18:20:44,Arrhythmia_p32,32,32,0.0547,1.0000
2026-04-12 18:20:44,Arrhythmia_p35,35,18,0.0718,0.9732
2026-04-12 18:20:44,Arrhythmia_p35,35,27,0.0695,0.9975
2026-04-12 18:20:45,Arrhythmia_p35,35,31,0.0668,0.9993
2026-04-12 18:20:45,Arrhythmia_p35,35,33,0.0653,1.0024
2026-04-12 18:20:45,Arrhythmia_p35,35,34,0.0625,1.0000
2026-04-12 18:20:45,Arrhythmia_p35,35,35,0.0611,1.0000
2026-04-12 18:20:45,Arrhythmia_p39,39,20,0.0827,0.9775
2026-04-12 18:20:45,Arrhythmia_p39,39,30,0.0819,1.0149
2026-04-12 18:20:45,Arrhythmia_p39,39,35,0.0773,1.0053
2026-04-12 18:20:46,Arrhythmia_p39,39,37,0.0748,1.0000
2026-04-12 18:20:46,Arrhythmia_p39,39,38,0.0731,1.0000
2026-04-12 18:20:46,Arrhythmia_p39,39,39,0.0724,1.0000
2026-04-12 18:20:46,Arrhythmia_p43,43,22,0.0958,0.9905
2026-04-12 18:20:46,Arrhythmia_p43,43,33,0.0965,1.0121
2026-04-12 18:20:47,Arrhythmia_p43,43,38,0.0907,1.0042
2026-04-12 18:20:47,Arrhythmia_p43,43,41,0.0855,1.0007
2026-04-12 18:20:47,Arrhythmia_p43,43,42,0.0850,1.0000
2026-04-12 18:20:47,Arrhythmia_p43,43,43,0.0823,1.0000
2026-04-12 18:20:47,Arrhythmia_p46,46,23,0.1038,0.9832
2026-04-12 18:20:48,Arrhythmia_p46,46,35,0.1061,0.9990
2026-04-12 18:20:48,Arrhythmia_p46,46,41,0.1002,1.0018
2026-04-12 18:20:48,Arrhythmia_p46,46,44,0.0954,1.0006
2026-04-12 18:20:48,Arrhythmia_p46,46,45,0.0930,1.0004
2026-04-12 18:20:49,Arrhythmia_p46,46,46,0.0907,1.0000
2026-04-12 18:20:49,Arrhythmia_p50,50,25,0.1169,0.9785
2026-04-12 18:20:49,Arrhythmia_p50,50,38,0.1178,0.9973
2026-04-12 18:20:49,Arrhythmia_p50,50,44,0.1114,1.0051
2026-04-12 18:20:50,Arrhythmia_p50,50,47,0.1079,1.0027
2026-04-12 18:20:50,Arrhythmia_p50,50,49,0.1034,1.0009
2026-04-12 18:20:50,Arrhythmia_p50,50,50,0.1047,1.0000
2026-04-12 18:20:50,Arrhythmia_p54,54,27,0.1277,0.9748
2026-04-12 18:20:50,Arrhythmia_p54,54,41,0.1312,1.0007
2026-04-12 18:20:51,Arrhythmia_p54,54,48,0.1261,1.0014
2026-04-12 18:20:51,Arrhythmia_p54,54,51,0.1219,1.0012
2026-04-12 18:20:51,Arrhythmia_p54,54,53,0.1272,1.0005
2026-04-12 18:20:52,Arrhythmia_p54,54,54,0.1254,1.0000
2026-04-12 18:20:52,Arrhythmia_p57,57,29,0.1379,0.9904
2026-04-12 18:20:52,Arrhythmia_p57,57,43,0.1441,1.0004
2026-04-12 18:20:52,Arrhythmia_p57,57,50,0.1363,1.0023
2026-04-12 18:20:53,Arrhythmia_p57,57,54,0.1430,1.0014
2026-04-12 18:20:53,Arrhythmia_p57,57,56,0.1425,1.0000
2026-04-12 18:20:53,Arrhythmia_p57,57,57,0.1460,1.0000
2026-04-12 18:20:53,Arrhythmia_p61,61,31,0.1553,0.9803
2026-04-12 18:20:54,Arrhythmia_p61,61,46,0.1569,1.0023
2026-04-12 18:20:54,Arrhythmia_p61,61,54,0.1670,1.0031
2026-04-12 18:20:54,Arrhythmia_p61,61,58,0.1694,1.0005
2026-04-12 18:20:55,Arrhythmia_p61,61,60,0.1713,1.0001
2026-04-12 18:20:55,Arrhythmia_p61,61,61,0.1718,1.0000
2026-04-12 18:20:55,Arrhythmia_p65,65,33,0.1692,0.9853
2026-04-12 18:20:56,Arrhythmia_p65,65,49,0.1724,1.0051
2026-04-12 18:20:56,Arrhythmia_p65,65,57,0.1912,1.0010
2026-04-12 18:20:56,Arrhythmia_p65,65,61,0.1973,1.0003
2026-04-12 18:20:57,Arrhythmia_p65,65,63,0.1994,1.0000
2026-04-12 18:20:57,Arrhythmia_p65,65,64,0.2004,1.0000
2026-04-12 18:20:57,Arrhythmia_p65,65,65,0.2070,1.0000
2026-04-12 18:20:57,Arrhythmia_p68,68,34,0.1785,0.9909
2026-04-12 18:20:58,Arrhythmia_p68,68,51,0.1892,1.0050
2026-04-12 18:20:58,Arrhythmia_p68,68,60,0.2170,1.0007
2026-04-12 18:20:58,Arrhythmia_p68,68,64,0.2197,1.0000
2026-04-12 18:20:59,Arrhythmia_p68,68,66,0.2266,1.0000
2026-04-12 18:20:59,Arrhythmia_p68,68,67,0.2274,1.0000
2026-04-12 18:20:59,Arrhythmia_p68,68,68,0.2283,1.0000
2026-04-12 18:21:00,Arrhythmia_p72,72,36,0.1953,0.9914
2026-04-12 18:21:00,Arrhythmia_p72,72,54,0.2203,1.0060
2026-04-12 18:21:00,Arrhythmia_p72,72,63,0.2540,1.0034
2026-04-12 18:21:01,Arrhythmia_p72,72,68,0.2632,1.0020
2026-04-12 18:21:01,Arrhythmia_p72,72,70,0.2665,1.0011
2026-04-12 18:21:01,Arrhythmia_p72,72,71,0.2659,1.0007
2026-04-12 18:21:02,Arrhythmia_p72,72,72,0.2680,1.0000
2026-04-12 18:21:02,Arrhythmia_p76,76,38,0.2113,0.9862
2026-04-12 18:21:02,Arrhythmia_p76,76,57,0.2578,1.0028
2026-04-12 18:21:03,Arrhythmia_p76,76,67,0.2925,1.0002
2026-04-12 18:21:03,Arrhythmia_p76,76,72,0.3020,1.0005
2026-04-12 18:21:03,Arrhythmia_p76,76,74,0.3095,1.0000
2026-04-12 18:21:04,Arrhythmia_p76,76,75,0.3083,1.0000
2026-04-12 18:21:04,Arrhythmia_p76,76,76,0.3097,1.0000
2026-04-12 18:21:05,Arrhythmia_p79,79,40,0.2208,0.9860
2026-04-12 18:21:05,Arrhythmia_p79,79,60,0.2846,1.0019
2026-04-12 18:21:05,Arrhythmia_p79,79,70,0.3290,1.0017
2026-04-12 18:21:06,Arrhythmia_p79,79,75,0.3386,1.0002
2026-04-12 18:21:06,Arrhythmia_p79,79,77,0.3446,1.0000
2026-04-12 18:21:06,Arrhythmia_p79,79,78,0.3391,1.0000
2026-04-12 18:21:07,Arrhythmia_p79,79,79,0.3434,1.0000
2026-04-12 18:21:07,Arrhythmia_p83,83,42,0.2361,0.9981
2026-04-12 18:21:07,Arrhythmia_p83,83,63,0.3201,1.0026
2026-04-12 18:21:08,Arrhythmia_p83,83,73,0.3653,1.0013
2026-04-12 18:21:08,Arrhythmia_p83,83,78,0.3767,1.0004
2026-04-12 18:21:09,Arrhythmia_p83,83,81,0.3755,1.0001
2026-04-12 18:21:09,Arrhythmia_p83,83,82,0.3823,1.0001
2026-04-12 18:21:10,Arrhythmia_p83,83,83,0.3798,1.0000
2026-04-12 18:21:10,Arrhythmia_p87,87,44,0.2539,0.9875
2026-04-12 18:21:10,Arrhythmia_p87,87,66,0.3615,1.0006
2026-04-12 18:21:11,Arrhythmia_p87,87,77,0.4164,1.0010
2026-04-12 18:21:11,Arrhythmia_p87,87,82,0.4348,1.0000
2026-04-12 18:21:12,Arrhythmia_p87,87,85,0.4379,1.0001
2026-04-12 18:21:12,Arrhythmia_p87,87,86,0.4395,1.0000
2026-04-12 18:21:12,Arrhythmia_p87,87,87,0.4391,1.0000
2026-04-12 18:21:13,Arrhythmia_p90,90,45,0.2672,1.0010
2026-04-12 18:21:13,Arrhythmia_p90,90,68,0.3906,1.0035
2026-04-12 18:21:14,Arrhythmia_p90,90,79,0.4536,1.0021
2026-04-12 18:21:14,Arrhythmia_p90,90,85,0.4815,1.0006
2026-04-12 18:21:15,Arrhythmia_p90,90,88,0.4850,1.0003
2026-04-12 18:21:15,Arrhythmia_p90,90,89,0.4770,1.0001
2026-04-12 18:21:15,Arrhythmia_p90,90,90,0.4912,1.0000
2026-04-12 18:21:16,Arrhythmia_p94,94,47,0.2857,0.9926
2026-04-12 18:21:16,Arrhythmia_p94,94,71,0.4583,1.0030
2026-04-12 18:21:17,Arrhythmia_p94,94,83,0.4960,1.0012
2026-04-12 18:21:17,Arrhythmia_p94,94,89,0.5314,1.0002
2026-04-12 18:21:18,Arrhythmia_p94,94,92,0.5454,1.0000
2026-04-12 18:21:18,Arrhythmia_p94,94,93,0.5459,1.0000
2026-04-12 18:21:19,Arrhythmia_p94,94,94,0.5646,1.0000
2026-04-12 18:21:19,Arrhythmia_p98,98,49,0.2998,0.9979
2026-04-12 18:21:20,Arrhythmia_p98,98,74,0.5145,1.0009
2026-04-12 18:21:20,Arrhythmia_p98,98,86,0.5824,1.0011
2026-04-12 18:21:20,Arrhythmia_p98,98,92,0.6115,1.0006
2026-04-12 18:21:21,Arrhythmia_p98,98,95,0.6043,1.0003
2026-04-12 18:21:22,Arrhythmia_p98,98,97,0.6225,1.0001
2026-04-12 18:21:22,Arrhythmia_p98,98,98,0.6217,1.0000
2026-04-12 18:21:22,Arrhythmia_p101,101,51,0.3161,0.9924
2026-04-12 18:21:23,Arrhythmia_p101,101,76,0.5455,1.0013
2026-04-12 18:21:23,Arrhythmia_p101,101,89,0.6368,1.0011
2026-04-12 18:21:24,Arrhythmia_p101,101,95,0.6596,1.0006
2026-04-12 18:21:24,Arrhythmia_p101,101,98,0.6644,1.0000
2026-04-12 18:21:25,Arrhythmia_p101,101,100,0.6561,1.0000
2026-04-12 18:21:26,Arrhythmia_p101,101,101,0.6784,1.0000
2026-04-12 18:21:26,Arrhythmia_p105,105,53,0.3490,0.9950
2026-04-12 18:21:26,Arrhythmia_p105,105,79,0.6026,0.9994
2026-04-12 18:21:27,Arrhythmia_p105,105,92,0.7048,1.0017
2026-04-12 18:21:28,Arrhythmia_p105,105,99,0.7371,1.0002
2026-04-12 18:21:28,Arrhythmia_p105,105,102,0.7448,0.9999
2026-04-12 18:21:29,Arrhythmia_p105,105,104,0.7437,1.0000
2026-04-12 18:21:29,Arrhythmia_p105,105,105,0.7580,1.0000
2026-04-12 18:21:30,Arrhythmia_p109,109,55,0.3894,0.9980
2026-04-12 18:21:30,Arrhythmia_p109,109,82,0.6773,1.0018
2026-04-12 18:21:31,Arrhythmia_p109,109,96,0.7971,1.0020
2026-04-12 18:21:31,Arrhythmia_p109,109,103,0.8351,1.0003
2026-04-12 18:21:32,Arrhythmia_p109,109,106,0.8184,1.0000
2026-04-12 18:21:33,Arrhythmia_p109,109,108,0.8604,1.0000
2026-04-12 18:21:33,Arrhythmia_p109,109,109,0.8479,1.0000
2026-04-12 18:21:34,Arrhythmia_p112,112,56,0.4167,0.9999
2026-04-12 18:21:34,Arrhythmia_p112,112,84,0.7531,1.0044
2026-04-12 18:21:35,Arrhythmia_p112,112,98,0.8683,1.0007
2026-04-12 18:21:35,Arrhythmia_p112,112,105,0.9113,1.0002
2026-04-12 18:21:36,Arrhythmia_p112,112,109,0.9166,1.0001
2026-04-12 18:21:37,Arrhythmia_p112,112,111,0.9300,1.0000
2026-04-12 18:21:37,Arrhythmia_p112,112,112,0.9358,1.0000
2026-04-12 18:21:38,Arrhythmia_p116,116,58,0.4468,0.9982
2026-04-12 18:21:38,Arrhythmia_p116,116,87,0.8013,1.0001
2026-04-12 18:21:39,Arrhythmia_p116,116,102,0.9304,1.0006
2026-04-12 18:21:40,Arrhythmia_p116,116,109,0.9700,1.0001
2026-04-12 18:21:40,Arrhythmia_p120,120,60,0.4886,1.0002
2026-04-12 18:21:41,Arrhythmia_p120,120,90,0.9049,1.0018
2026-04-12 18:21:41,Arrhythmia_p120,120,105,1.0635,1.0006
2026-04-12 18:21:42,Arrhythmia_p120,120,97,0.9855,1.0012
2026-04-12 18:21:43,Arrhythmia_p123,123,62,0.5212,0.9964
2026-04-12 18:21:43,Arrhythmia_p123,123,93,0.9489,1.0029
2026-04-12 18:21:44,Arrhythmia_p123,123,108,1.1080,1.0009
2026-04-12 18:21:45,Arrhythmia_p123,123,100,1.0186,1.0019
2026-04-12 18:21:45,Arrhythmia_p127,127,64,0.5653,0.9931
2026-04-12 18:21:46,Arrhythmia_p127,127,96,1.0433,1.0016
2026-04-12 18:21:46,Arrhythmia_p131,131,66,0.6112,0.9994
2026-04-12 18:21:47,Arrhythmia_p131,131,99,1.1100,1.0005
2026-04-12 18:21:48,Arrhythmia_p131,131,82,0.8591,1.0009
2026-04-12 18:21:49,Arrhythmia_p131,131,90,0.9721,1.0017
2026-04-12 18:21:49,Arrhythmia_p25,25,13,0.0489,0.9661
2026-04-12 18:21:49,Arrhythmia_p25,25,19,0.0443,1.0020
2026-04-12 18:21:49,Arrhythmia_p25,25,22,0.0416,1.0050
2026-04-12 18:21:49,Arrhythmia_p25,25,24,0.0412,0.9996
2026-04-12 18:21:49,Arrhythmia_p25,25,25,0.0398,1.0000
2026-04-12 18:21:49,Arrhythmia_p28,28,14,0.0555,0.9873
2026-04-12 18:21:49,Arrhythmia_p28,28,21,0.0528,1.0012
2026-04-12 18:21:49,Arrhythmia_p28,28,25,0.0488,1.0011
2026-04-12 18:21:50,Arrhythmia_p28,28,27,0.0465,1.0014
2026-04-12 18:21:50,Arrhythmia_p28,28,28,0.0451,1.0000
2026-04-12 18:21:50,Arrhythmia_p32,32,16,0.0653,0.9916
2026-04-12 18:21:50,Arrhythmia_p32,32,24,0.0642,0.9876
2026-04-12 18:21:50,Arrhythmia_p32,32,28,0.0611,0.9997
2026-04-12 18:21:50,Arrhythmia_p32,32,30,0.0582,1.0000
2026-04-12 18:21:50,Arrhythmia_p32,32,31,0.0564,1.0000
2026-04-12 18:21:51,Arrhythmia_p32,32,32,0.0557,1.0000
2026-04-12 18:21:51,Arrhythmia_p35,35,18,0.0727,0.9748
2026-04-12 18:21:51,Arrhythmia_p35,35,27,0.0711,0.9966
2026-04-12 18:21:51,Arrhythmia_p35,35,31,0.0673,1.0054
2026-04-12 18:21:51,Arrhythmia_p35,35,33,0.0645,1.0065
2026-04-12 18:21:51,Arrhythmia_p35,35,34,0.0634,1.0035
2026-04-12 18:21:51,Arrhythmia_p35,35,35,0.0612,1.0000
2026-04-12 18:21:52,Arrhythmia_p39,39,20,0.0833,0.9658
2026-04-12 18:21:52,Arrhythmia_p39,39,30,0.0835,1.0029
2026-04-12 18:21:52,Arrhythmia_p39,39,35,0.0770,1.0031
2026-04-12 18:21:52,Arrhythmia_p39,39,37,0.0745,1.0008
2026-04-12 18:21:52,Arrhythmia_p39,39,38,0.0746,1.0000
2026-04-12 18:21:53,Arrhythmia_p39,39,39,0.0734,1.0000
2026-04-12 18:21:53,Arrhythmia_p43,43,22,0.0947,0.9882
2026-04-12 18:21:53,Arrhythmia_p43,43,33,0.0957,1.0057
2026-04-12 18:21:53,Arrhythmia_p43,43,38,0.0903,1.0061
2026-04-12 18:21:53,Arrhythmia_p43,43,41,0.0866,1.0021
2026-04-12 18:21:53,Arrhythmia_p43,43,42,0.0850,1.0018
2026-04-12 18:21:54,Arrhythmia_p43,43,43,0.0846,1.0000
2026-04-12 18:21:54,Arrhythmia_p46,46,23,0.1039,1.0050
2026-04-12 18:21:54,Arrhythmia_p46,46,35,0.1070,1.0079
2026-04-12 18:21:54,Arrhythmia_p46,46,41,0.1001,1.0003
2026-04-12 18:21:55,Arrhythmia_p46,46,44,0.0972,1.0002
2026-04-12 18:21:55,Arrhythmia_p46,46,45,0.0932,1.0000
2026-04-12 18:21:55,Arrhythmia_p46,46,46,0.0939,1.0000
2026-04-12 18:21:55,Arrhythmia_p50,50,25,0.1141,0.9967
2026-04-12 18:21:55,Arrhythmia_p50,50,38,0.1170,1.0034
2026-04-12 18:21:56,Arrhythmia_p50,50,44,0.1131,1.0054
2026-04-12 18:21:56,Arrhythmia_p50,50,47,0.1059,1.0042
2026-04-12 18:21:56,Arrhythmia_p50,50,49,0.1045,1.0009
2026-04-12 18:21:56,Arrhythmia_p50,50,50,0.1075,1.0000
2026-04-12 18:21:57,Arrhythmia_p54,54,27,0.1285,0.9842
2026-04-12 18:21:57,Arrhythmia_p54,54,41,0.1304,1.0022
2026-04-12 18:21:57,Arrhythmia_p54,54,48,0.1250,1.0029
2026-04-12 18:21:57,Arrhythmia_p54,54,51,0.1258,1.0011
2026-04-12 18:21:58,Arrhythmia_p54,54,53,0.1260,1.0001
2026-04-12 18:21:58,Arrhythmia_p54,54,54,0.1249,1.0000
2026-04-12 18:21:58,Arrhythmia_p57,57,29,0.1392,0.9932
2026-04-12 18:21:58,Arrhythmia_p57,57,43,0.1455,1.0069
2026-04-12 18:21:59,Arrhythmia_p57,57,50,0.1343,1.0043
2026-04-12 18:21:59,Arrhythmia_p57,57,54,0.1433,1.0018
2026-04-12 18:21:59,Arrhythmia_p57,57,56,0.1449,1.0000
2026-04-12 18:22:00,Arrhythmia_p57,57,57,0.1448,1.0000
2026-04-12 18:22:00,Arrhythmia_p61,61,31,0.1553,0.9878
2026-04-12 18:22:00,Arrhythmia_p61,61,46,0.1552,1.0053
2026-04-12 18:22:00,Arrhythmia_p61,61,54,0.1690,1.0043
2026-04-12 18:22:01,Arrhythmia_p61,61,58,0.1757,1.0010
2026-04-12 18:22:01,Arrhythmia_p61,61,60,0.1725,1.0000
2026-04-12 18:22:01,Arrhythmia_p61,61,61,0.1721,1.0000
2026-04-12 18:22:02,Arrhythmia_p65,65,33,0.1705,0.9964
2026-04-12 18:22:02,Arrhythmia_p65,65,49,0.1741,1.0021
2026-04-12 18:22:02,Arrhythmia_p65,65,57,0.1929,1.0027
2026-04-12 18:22:03,Arrhythmia_p65,65,61,0.1991,1.0012
2026-04-12 18:22:03,Arrhythmia_p65,65,63,0.1989,1.0004
2026-04-12 18:22:03,Arrhythmia_p65,65,64,0.1998,1.0001
2026-04-12 18:22:04,Arrhythmia_p65,65,65,0.2033,1.0000
2026-04-12 18:22:04,Arrhythmia_p68,68,34,0.1807,0.9834
2026-04-12 18:22:04,Arrhythmia_p68,68,51,0.1908,1.0079
2026-04-12 18:22:04,Arrhythmia_p68,68,60,0.2168,1.0034
2026-04-12 18:22:05,Arrhythmia_p68,68,64,0.2273,1.0008
2026-04-12 18:22:05,Arrhythmia_p68,68,66,0.2276,1.0001
2026-04-12 18:22:05,Arrhythmia_p68,68,67,0.2241,1.0000
2026-04-12 18:22:06,Arrhythmia_p68,68,68,0.2296,1.0000
2026-04-12 18:22:06,Arrhythmia_p72,72,36,0.1983,0.9965
2026-04-12 18:22:06,Arrhythmia_p72,72,54,0.2283,1.0069
2026-04-12 18:22:07,Arrhythmia_p72,72,63,0.2540,1.0011
2026-04-12 18:22:07,Arrhythmia_p72,72,68,0.2684,1.0002
2026-04-12 18:22:07,Arrhythmia_p72,72,70,0.2688,1.0002
2026-04-12 18:22:08,Arrhythmia_p72,72,71,0.2705,1.0002
2026-04-12 18:22:08,Arrhythmia_p72,72,72,0.2717,1.0000
2026-04-12 18:22:08,Arrhythmia_p76,76,38,0.2117,0.9965
2026-04-12 18:22:09,Arrhythmia_p76,76,57,0.2533,1.0017
2026-04-12 18:22:09,Arrhythmia_p76,76,67,0.2980,1.0003
2026-04-12 18:22:09,Arrhythmia_p76,76,72,0.3105,1.0003
2026-04-12 18:22:10,Arrhythmia_p76,76,74,0.3132,1.0003
2026-04-12 18:22:10,Arrhythmia_p76,76,75,0.3104,1.0000
2026-04-12 18:22:11,Arrhythmia_p76,76,76,0.3127,1.0000
2026-04-12 18:22:11,Arrhythmia_p79,79,40,0.2243,0.9998
2026-04-12 18:22:11,Arrhythmia_p79,79,60,0.2871,1.0041
2026-04-12 18:22:12,Arrhythmia_p79,79,70,0.3278,1.0014
2026-04-12 18:22:12,Arrhythmia_p79,79,75,0.3407,1.0003
2026-04-12 18:22:12,Arrhythmia_p79,79,77,0.3423,1.0002
2026-04-12 18:22:13,Arrhythmia_p79,79,78,0.3461,1.0002
2026-04-12 18:22:13,Arrhythmia_p79,79,79,0.3446,1.0000
2026-04-12 18:22:13,Arrhythmia_p83,83,42,0.2347,0.9919
2026-04-12 18:22:14,Arrhythmia_p83,83,63,0.3168,0.9989
2026-04-12 18:22:14,Arrhythmia_p83,83,73,0.3620,1.0009
2026-04-12 18:22:15,Arrhythmia_p83,83,78,0.3829,1.0008
2026-04-12 18:22:15,Arrhythmia_p83,83,81,0.3808,1.0000
2026-04-12 18:22:16,Arrhythmia_p83,83,82,0.3842,1.0000
2026-04-12 18:22:16,Arrhythmia_p83,83,83,0.3903,1.0000
2026-04-12 18:22:16,Arrhythmia_p87,87,44,0.2527,0.9971
2026-04-12 18:22:17,Arrhythmia_p87,87,66,0.3598,1.0018
2026-04-12 18:22:17,Arrhythmia_p87,87,77,0.4169,1.0015
2026-04-12 18:22:18,Arrhythmia_p87,87,82,0.4405,1.0009
2026-04-12 18:22:18,Arrhythmia_p87,87,85,0.4384,1.0002
2026-04-12 18:22:18,Arrhythmia_p87,87,86,0.4366,1.0000
2026-04-12 18:22:19,Arrhythmia_p87,87,87,0.4429,1.0000
2026-04-12 18:22:19,Arrhythmia_p90,90,45,0.2626,0.9966
2026-04-12 18:22:20,Arrhythmia_p90,90,68,0.3952,1.0037
2026-04-12 18:22:20,Arrhythmia_p90,90,79,0.4565,1.0011
2026-04-12 18:22:20,Arrhythmia_p90,90,85,0.4776,1.0006
2026-04-12 18:22:21,Arrhythmia_p90,90,88,0.4772,1.0003
2026-04-12 18:22:21,Arrhythmia_p90,90,89,0.4831,1.0001
2026-04-12 18:22:22,Arrhythmia_p90,90,90,0.4885,1.0000
2026-04-12 18:22:22,Arrhythmia_p94,94,47,0.2789,0.9877
2026-04-12 18:22:23,Arrhythmia_p94,94,71,0.4520,1.0009
2026-04-12 18:22:23,Arrhythmia_p94,94,83,0.5199,1.0009
2026-04-12 18:22:24,Arrhythmia_p94,94,89,0.5358,1.0009
2026-04-12 18:22:24,Arrhythmia_p94,94,92,0.5459,1.0002
2026-04-12 18:22:25,Arrhythmia_p94,94,93,0.5486,1.0000
2026-04-12 18:22:25,Arrhythmia_p94,94,94,0.5470,1.0000
2026-04-12 18:22:25,Arrhythmia_p98,98,49,0.2997,0.9927
2026-04-12 18:22:26,Arrhythmia_p98,98,74,0.5075,1.0013
2026-04-12 18:22:26,Arrhythmia_p98,98,86,0.5774,1.0003
2026-04-12 18:22:27,Arrhythmia_p98,98,92,0.5993,1.0004
2026-04-12 18:22:27,Arrhythmia_p98,98,95,0.6233,1.0001
2026-04-12 18:22:28,Arrhythmia_p98,98,97,0.6081,1.0000
2026-04-12 18:22:28,Arrhythmia_p98,98,98,0.6191,1.0000
2026-04-12 18:22:29,Arrhythmia_p101,101,51,0.3243,0.9955
2026-04-12 18:22:29,Arrhythmia_p101,101,76,0.5439,1.0016
2026-04-12 18:22:30,Arrhythmia_p101,101,89,0.6318,1.0011
2026-04-12 18:22:30,Arrhythmia_p101,101,95,0.6537,1.0004
2026-04-12 18:22:31,Arrhythmia_p101,101,98,0.6730,1.0003
2026-04-12 18:22:31,Arrhythmia_p101,101,100,0.6827,1.0002
2026-04-12 18:22:32,Arrhythmia_p101,101,101,0.6900,1.0000
2026-04-12 18:22:32,Arrhythmia_p105,105,53,0.3510,0.9899
2026-04-12 18:22:33,Arrhythmia_p105,105,79,0.6137,1.0001
2026-04-12 18:22:33,Arrhythmia_p105,105,92,0.7096,1.0004
2026-04-12 18:22:34,Arrhythmia_p105,105,99,0.7425,1.0001
2026-04-12 18:22:34,Arrhythmia_p105,105,102,0.7368,0.9998
2026-04-12 18:22:35,Arrhythmia_p105,105,104,0.7363,1.0000
2026-04-12 18:22:36,Arrhythmia_p105,105,105,0.7574,1.0000
2026-04-12 18:22:36,Arrhythmia_p109,109,55,0.3905,0.9917
2026-04-12 18:22:37,Arrhythmia_p109,109,82,0.6742,1.0013
2026-04-12 18:22:37,Arrhythmia_p109,109,96,0.7978,1.0010
2026-04-12 18:22:38,Arrhythmia_p109,109,103,0.8372,1.0005
2026-04-12 18:22:38,Arrhythmia_p109,109,106,0.8394,1.0004
2026-04-12 18:22:39,Arrhythmia_p109,109,108,0.8408,1.0001
2026-04-12 18:22:39,Arrhythmia_p109,109,109,0.8587,1.0000
2026-04-12 18:22:40,Arrhythmia_p112,112,56,0.4222,0.9980
2026-04-12 18:22:40,Arrhythmia_p112,112,84,0.7641,1.0021
2026-04-12 18:22:41,Arrhythmia_p112,112,98,0.8815,1.0014
2026-04-12 18:22:42,Arrhythmia_p112,112,105,0.9202,1.0003
2026-04-12 18:22:42,Arrhythmia_p112,112,109,0.9311,1.0001
2026-04-12 18:22:43,Arrhythmia_p112,112,111,0.9451,1.0000
2026-04-12 18:22:44,Arrhythmia_p112,112,112,0.9312,1.0000
2026-04-12 18:22:44,Arrhythmia_p116,116,58,0.4532,1.0031
2026-04-12 18:22:45,Arrhythmia_p116,116,87,0.8188,1.0026
2026-04-12 18:22:45,Arrhythmia_p116,116,102,0.9409,1.0006
2026-04-12 18:22:46,Arrhythmia_p116,116,109,0.9826,1.0001
2026-04-12 18:22:46,Arrhythmia_p120,120,60,0.5110,1.0017
2026-04-12 18:22:47,Arrhythmia_p120,120,90,0.8931,1.0022
2026-04-12 18:22:48,Arrhythmia_p120,120,105,1.0494,1.0002
2026-04-12 18:22:48,Arrhythmia_p123,123,62,0.5272,0.9993
2026-04-12 18:22:49,Arrhythmia_p123,123,93,0.9361,1.0010
2026-04-12 18:22:50,Arrhythmia_p123,123,108,1.1081,1.0007
2026-04-12 18:22:50,Arrhythmia_p123,123,100,1.0242,1.0011
2026-04-12 18:22:51,Arrhythmia_p127,127,64,0.5736,0.9980
2026-04-12 18:22:52,Arrhythmia_p127,127,96,1.0492,1.0015
2026-04-12 18:22:52,Arrhythmia_p131,131,66,0.6090,0.9994
2026-04-12 18:22:53,Arrhythmia_p131,131,99,1.1088,1.0027
2026-04-12 18:22:53,Arrhythmia_p131,131,82,0.8604,1.0046
2026-04-12 18:22:54,Arrhythmia_p131,131,90,0.9766,1.0044
2026-04-12 18:22:54,Arrhythmia_p25,25,13,0.0501,0.9960
2026-04-12 18:22:54,Arrhythmia_p25,25,19,0.0455,1.0047
2026-04-12 18:22:54,Arrhythmia_p25,25,22,0.0422,1.0075
2026-04-12 18:22:55,Arrhythmia_p25,25,24,0.0398,1.0026
2026-04-12 18:22:55,Arrhythmia_p25,25,25,0.0393,1.0000
2026-04-12 18:22:55,Arrhythmia_p28,28,14,0.0547,0.9677
2026-04-12 18:22:55,Arrhythmia_p28,28,21,0.0523,0.9975
2026-04-12 18:22:55,Arrhythmia_p28,28,25,0.0479,1.0017
2026-04-12 18:22:55,Arrhythmia_p28,28,27,0.0466,1.0009
2026-04-12 18:22:55,Arrhythmia_p28,28,28,0.0465,1.0000
2026-04-12 18:22:55,Arrhythmia_p32,32,16,0.0668,0.9856
2026-04-12 18:22:56,Arrhythmia_p32,32,24,0.0636,1.0029
2026-04-12 18:22:56,Arrhythmia_p32,32,28,0.0606,1.0032
2026-04-12 18:22:56,Arrhythmia_p32,32,30,0.0569,1.0017
2026-04-12 18:22:56,Arrhythmia_p32,32,31,0.0566,1.0000
2026-04-12 18:22:56,Arrhythmia_p32,32,32,0.0553,1.0000
2026-04-12 18:22:56,Arrhythmia_p35,35,18,0.0731,0.9848
2026-04-12 18:22:56,Arrhythmia_p35,35,27,0.0710,1.0083
2026-04-12 18:22:57,Arrhythmia_p35,35,31,0.0677,1.0046
2026-04-12 18:22:57,Arrhythmia_p35,35,33,0.0642,1.0027
2026-04-12 18:22:57,Arrhythmia_p35,35,34,0.0631,1.0000
2026-04-12 18:22:57,Arrhythmia_p35,35,35,0.0629,1.0000
2026-04-12 18:22:57,Arrhythmia_p39,39,20,0.0825,0.9796
2026-04-12 18:22:57,Arrhythmia_p39,39,30,0.0832,1.0044
2026-04-12 18:22:58,Arrhythmia_p39,39,35,0.0782,1.0054
2026-04-12 18:22:58,Arrhythmia_p39,39,37,0.0763,1.0019
2026-04-12 18:22:58,Arrhythmia_p39,39,38,0.0741,1.0009
2026-04-12 18:22:58,Arrhythmia_p39,39,39,0.0728,1.0000
2026-04-12 18:22:58,Arrhythmia_p43,43,22,0.0956,0.9770
2026-04-12 18:22:58,Arrhythmia_p43,43,33,0.0957,1.0008
2026-04-12 18:22:59,Arrhythmia_p43,43,38,0.0906,1.0021
2026-04-12 18:22:59,Arrhythmia_p43,43,41,0.0865,1.0006
2026-04-12 18:22:59,Arrhythmia_p43,43,42,0.0852,1.0003
2026-04-12 18:22:59,Arrhythmia_p43,43,43,0.0836,1.0000
2026-04-12 18:22:59,Arrhythmia_p46,46,23,0.1043,1.0015
2026-04-12 18:23:00,Arrhythmia_p46,46,35,0.1050,1.0067
2026-04-12 18:23:00,Arrhythmia_p46,46,41,0.1002,1.0022
2026-04-12 18:23:00,Arrhythmia_p46,46,44,0.0958,1.0000
2026-04-12 18:23:00,Arrhythmia_p46,46,45,0.0942,1.0000
2026-04-12 18:23:01,Arrhythmia_p46,46,46,0.0923,1.0000
2026-04-12 18:23:01,Arrhythmia_p50,50,25,0.1154,0.9661
2026-04-12 18:23:01,Arrhythmia_p50,50,38,0.1169,1.0007
2026-04-12 18:23:01,Arrhythmia_p50,50,44,0.1149,1.0024
2026-04-12 18:23:01,Arrhythmia_p50,50,47,0.1069,1.0011
2026-04-12 18:23:02,Arrhythmia_p50,50,49,0.1044,1.0000
2026-04-12 18:23:02,Arrhythmia_p50,50,50,0.1051,1.0000
2026-04-12 18:23:02,Arrhythmia_p54,54,27,0.1282,0.9904
2026-04-12 18:23:02,Arrhythmia_p54,54,41,0.1333,1.0085
2026-04-12 18:23:03,Arrhythmia_p54,54,48,0.1259,1.0036
2026-04-12 18:23:03,Arrhythmia_p54,54,51,0.1236,1.0030
2026-04-12 18:23:03,Arrhythmia_p54,54,53,0.1247,1.0005
2026-04-12 18:23:04,Arrhythmia_p54,54,54,0.1259,1.0000
2026-04-12 18:23:04,Arrhythmia_p57,57,29,0.1413,0.9871
2026-04-12 18:23:04,Arrhythmia_p57,57,43,0.1439,1.0076
2026-04-12 18:23:04,Arrhythmia_p57,57,50,0.1377,1.0046
2026-04-12 18:23:05,Arrhythmia_p57,57,54,0.1415,1.0017
2026-04-12 18:23:05,Arrhythmia_p57,57,56,0.1468,1.0000
2026-04-12 18:23:05,Arrhythmia_p57,57,57,0.1461,1.0000
2026-04-12 18:23:05,Arrhythmia_p61,61,31,0.1563,0.9923
2026-04-12 18:23:06,Arrhythmia_p61,61,46,0.1608,0.9972
2026-04-12 18:23:06,Arrhythmia_p61,61,54,0.1663,1.0014
2026-04-12 18:23:06,Arrhythmia_p61,61,58,0.1720,1.0018
2026-04-12 18:23:07,Arrhythmia_p61,61,60,0.1726,1.0005
2026-04-12 18:23:07,Arrhythmia_p61,61,61,0.1720,1.0000
2026-04-12 18:23:07,Arrhythmia_p65,65,33,0.1678,0.9867
2026-04-12 18:23:07,Arrhythmia_p65,65,49,0.1736,1.0037
2026-04-12 18:23:08,Arrhythmia_p65,65,57,0.1943,1.0006
2026-04-12 18:23:08,Arrhythmia_p65,65,61,0.1950,1.0000
2026-04-12 18:23:08,Arrhythmia_p65,65,63,0.2001,0.9999
2026-04-12 18:23:09,Arrhythmia_p65,65,64,0.2048,1.0001
2026-04-12 18:23:09,Arrhythmia_p65,65,65,0.2024,1.0000
2026-04-12 18:23:09,Arrhythmia_p68,68,34,0.1766,0.9869
2026-04-12 18:23:10,Arrhythmia_p68,68,51,0.1936,1.0088
2026-04-12 18:23:10,Arrhythmia_p68,68,60,0.2134,1.0025
2026-04-12 18:23:10,Arrhythmia_p68,68,64,0.2259,1.0023
2026-04-12 18:23:11,Arrhythmia_p68,68,66,0.2254,1.0006
2026-04-12 18:23:11,Arrhythmia_p68,68,67,0.2236,1.0000
2026-04-12 18:23:11,Arrhythmia_p68,68,68,0.2282,1.0000
2026-04-12 18:23:12,Arrhythmia_p72,72,36,0.1983,0.9915
2026-04-12 18:23:12,Arrhythmia_p72,72,54,0.2233,1.0011
2026-04-12 18:23:12,Arrhythmia_p72,72,63,0.2569,1.0018
2026-04-12 18:23:13,Arrhythmia_p72,72,68,0.2682,1.0006
2026-04-12 18:23:13,Arrhythmia_p72,72,70,0.2678,1.0003
2026-04-12 18:23:13,Arrhythmia_p72,72,71,0.2686,1.0001
2026-04-12 18:23:14,Arrhythmia_p72,72,72,0.2738,1.0000
2026-04-12 18:23:14,Arrhythmia_p76,76,38,0.2110,1.0030
2026-04-12 18:23:14,Arrhythmia_p76,76,57,0.2577,1.0043
2026-04-12 18:23:15,Arrhythmia_p76,76,67,0.2961,1.0017
2026-04-12 18:23:15,Arrhythmia_p76,76,72,0.3089,1.0003
2026-04-12 18:23:15,Arrhythmia_p76,76,74,0.3060,1.0001
2026-04-12 18:23:16,Arrhythmia_p76,76,75,0.3097,1.0000
2026-04-12 18:23:16,Arrhythmia_p76,76,76,0.3134,1.0000
2026-04-12 18:23:16,Arrhythmia_p79,79,40,0.2196,0.9888
2026-04-12 18:23:17,Arrhythmia_p79,79,60,0.2888,1.0013
2026-04-12 18:23:17,Arrhythmia_p79,79,70,0.3310,1.0007
2026-04-12 18:23:18,Arrhythmia_p79,79,75,0.3394,1.0002
2026-04-12 18:23:18,Arrhythmia_p79,79,77,0.3398,1.0002
2026-04-12 18:23:18,Arrhythmia_p79,79,78,0.3403,1.0000
2026-04-12 18:23:19,Arrhythmia_p79,79,79,0.3440,1.0000
2026-04-12 18:23:19,Arrhythmia_p83,83,42,0.2320,0.9862
2026-04-12 18:23:19,Arrhythmia_p83,83,63,0.3213,1.0006
2026-04-12 18:23:20,Arrhythmia_p83,83,73,0.3638,1.0013
2026-04-12 18:23:20,Arrhythmia_p83,83,78,0.3803,1.0011
2026-04-12 18:23:21,Arrhythmia_p83,83,81,0.3765,1.0003
2026-04-12 18:23:21,Arrhythmia_p83,83,82,0.3792,1.0000
2026-04-12 18:23:21,Arrhythmia_p83,83,83,0.3870,1.0000
2026-04-12 18:23:22,Arrhythmia_p87,87,44,0.2518,0.9925
2026-04-12 18:23:22,Arrhythmia_p87,87,66,0.3596,1.0014
2026-04-12 18:23:23,Arrhythmia_p87,87,77,0.4254,1.0029
2026-04-12 18:23:23,Arrhythmia_p87,87,82,0.4288,1.0007
2026-04-12 18:23:24,Arrhythmia_p87,87,85,0.4362,1.0003
2026-04-12 18:23:24,Arrhythmia_p87,87,86,0.4461,1.0002
2026-04-12 18:23:24,Arrhythmia_p87,87,87,0.4424,1.0000
2026-04-12 18:23:25,Arrhythmia_p90,90,45,0.2723,0.9903
2026-04-12 18:23:25,Arrhythmia_p90,90,68,0.3995,1.0028
2026-04-12 18:23:26,Arrhythmia_p90,90,79,0.4592,1.0015
2026-04-12 18:23:26,Arrhythmia_p90,90,85,0.4742,1.0002
2026-04-12 18:23:27,Arrhythmia_p90,90,88,0.5010,1.0001
2026-04-12 18:23:27,Arrhythmia_p90,90,89,0.4901,1.0001
2026-04-12 18:23:27,Arrhythmia_p90,90,90,0.4770,1.0000
2026-04-12 18:23:28,Arrhythmia_p94,94,47,0.2805,0.9892
2026-04-12 18:23:28,Arrhythmia_p94,94,71,0.4466,1.0008
2026-04-12 18:23:29,Arrhythmia_p94,94,83,0.5295,1.0017
2026-04-12 18:23:29,Arrhythmia_p94,94,89,0.5471,1.0005
2026-04-12 18:23:30,Arrhythmia_p94,94,92,0.5500,1.0000
2026-04-12 18:23:30,Arrhythmia_p94,94,93,0.5508,1.0000
2026-04-12 18:23:31,Arrhythmia_p94,94,94,0.5547,1.0000
2026-04-12 18:23:31,Arrhythmia_p98,98,49,0.2999,0.9939
2026-04-12 18:23:31,Arrhythmia_p98,98,74,0.4999,1.0053
2026-04-12 18:23:32,Arrhythmia_p98,98,86,0.5907,1.0023
2026-04-12 18:23:32,Arrhythmia_p98,98,92,0.5981,1.0003
2026-04-12 18:23:33,Arrhythmia_p98,98,95,0.6116,1.0000
2026-04-12 18:23:33,Arrhythmia_p98,98,97,0.6193,1.0000
2026-04-12 18:23:34,Arrhythmia_p98,98,98,0.6134,1.0000
2026-04-12 18:23:34,Arrhythmia_p101,101,51,0.3228,0.9953
2026-04-12 18:23:35,Arrhythmia_p101,101,76,0.5475,1.0019
2026-04-12 18:23:35,Arrhythmia_p101,101,89,0.6314,1.0007
2026-04-12 18:23:36,Arrhythmia_p101,101,95,0.6565,1.0006
2026-04-12 18:23:36,Arrhythmia_p101,101,98,0.6730,1.0003
2026-04-12 18:23:37,Arrhythmia_p101,101,100,0.6672,1.0000
2026-04-12 18:23:37,Arrhythmia_p101,101,101,0.6736,1.0000
2026-04-12 18:23:38,Arrhythmia_p105,105,53,0.3521,1.0038
2026-04-12 18:23:38,Arrhythmia_p105,105,79,0.6011,1.0051
2026-04-12 18:23:39,Arrhythmia_p105,105,92,0.7054,1.0006
2026-04-12 18:23:40,Arrhythmia_p105,105,99,0.7597,1.0001
2026-04-12 18:23:40,Arrhythmia_p105,105,102,0.7474,1.0001
2026-04-12 18:23:41,Arrhythmia_p105,105,104,0.7458,1.0000
2026-04-12 18:23:41,Arrhythmia_p105,105,105,0.7593,1.0000
2026-04-12 18:23:42,Arrhythmia_p109,109,55,0.3947,0.9985
2026-04-12 18:23:42,Arrhythmia_p109,109,82,0.6938,1.0029
2026-04-12 18:23:43,Arrhythmia_p109,109,96,0.7967,1.0031
2026-04-12 18:23:43,Arrhythmia_p109,109,103,0.8314,1.0008
2026-04-12 18:23:44,Arrhythmia_p109,109,106,0.8431,1.0002
2026-04-12 18:23:44,Arrhythmia_p109,109,108,0.8366,1.0000
2026-04-12 18:23:45,Arrhythmia_p109,109,109,0.8502,1.0000
2026-04-12 18:23:46,Arrhythmia_p112,112,56,0.4215,0.9950
2026-04-12 18:23:46,Arrhythmia_p112,112,84,0.7496,1.0023
2026-04-12 18:23:47,Arrhythmia_p112,112,98,0.8836,1.0009
2026-04-12 18:23:47,Arrhythmia_p112,112,105,0.9237,1.0004
2026-04-12 18:23:48,Arrhythmia_p112,112,109,0.9403,1.0000
2026-04-12 18:23:49,Arrhythmia_p112,112,111,0.9275,1.0000
2026-04-12 18:23:49,Arrhythmia_p112,112,112,0.9391,1.0000
2026-04-12 18:23:50,Arrhythmia_p116,116,58,0.4467,0.9970
2026-04-12 18:23:50,Arrhythmia_p116,116,87,0.8054,1.0021
2026-04-12 18:23:51,Arrhythmia_p116,116,102,0.9558,1.0010
2026-04-12 18:23:51,Arrhythmia_p120,120,60,0.4959,0.9970
2026-04-12 18:23:52,Arrhythmia_p120,120,90,0.9092,1.0031
2026-04-12 18:23:53,Arrhythmia_p120,120,105,1.0699,1.0009
2026-04-12 18:23:53,Arrhythmia_p120,120,97,0.9783,1.0025
2026-04-12 18:23:54,Arrhythmia_p123,123,62,0.5293,0.9980
2026-04-12 18:23:54,Arrhythmia_p123,123,93,0.9427,1.0031
2026-04-12 18:23:55,Arrhythmia_p123,123,108,1.1192,1.0006
2026-04-12 18:23:56,Arrhythmia_p123,123,100,1.0354,1.0028
2026-04-12 18:23:56,Arrhythmia_p127,127,64,0.5673,0.9933
2026-04-12 18:23:57,Arrhythmia_p127,127,96,1.0435,1.0017
2026-04-12 18:23:58,Arrhythmia_p131,131,66,0.5991,0.9970
2026-04-12 18:23:58,Arrhythmia_p131,131,99,1.1031,1.0027
2026-04-12 18:23:59,Arrhythmia_p131,131,82,0.8709,1.0017
2026-04-12 18:24:00,Arrhythmia_p131,131,90,0.9771,1.0033
2026-04-12 18:24:00,Arrhythmia_p25,25,13,0.0479,0.9813
2026-04-12 18:24:00,Arrhythmia_p25,25,19,0.0455,0.9973
2026-04-12 18:24:00,Arrhythmia_p25,25,22,0.0426,1.0097
2026-04-12 18:24:00,Arrhythmia_p25,25,24,0.0401,1.0066
2026-04-12 18:24:00,Arrhythmia_p25,25,25,0.0385,1.0000
2026-04-12 18:24:00,Arrhythmia_p28,28,14,0.0550,1.0028
2026-04-12 18:24:01,Arrhythmia_p28,28,21,0.0517,0.9993
2026-04-12 18:24:01,Arrhythmia_p28,28,25,0.0484,1.0004
2026-04-12 18:24:01,Arrhythmia_p28,28,27,0.0465,1.0001
2026-04-12 18:24:01,Arrhythmia_p28,28,28,0.0445,1.0000
2026-04-12 18:24:01,Arrhythmia_p32,32,16,0.0651,0.9640
2026-04-12 18:24:01,Arrhythmia_p32,32,24,0.0629,1.0004
2026-04-12 18:24:01,Arrhythmia_p32,32,28,0.0597,1.0051
2026-04-12 18:24:01,Arrhythmia_p32,32,30,0.0563,1.0014
2026-04-12 18:24:02,Arrhythmia_p32,32,31,0.0555,1.0011
2026-04-12 18:24:02,Arrhythmia_p32,32,32,0.0546,1.0000
2026-04-12 18:24:02,Arrhythmia_p35,35,18,0.0730,0.9786
2026-04-12 18:24:02,Arrhythmia_p35,35,27,0.0707,1.0028
2026-04-12 18:24:02,Arrhythmia_p35,35,31,0.0662,1.0057
2026-04-12 18:24:02,Arrhythmia_p35,35,33,0.0639,1.0007
2026-04-12 18:24:03,Arrhythmia_p35,35,34,0.0622,1.0002
2026-04-12 18:24:03,Arrhythmia_p35,35,35,0.0664,1.0000
2026-04-12 18:24:03,Arrhythmia_p39,39,20,0.0828,0.9752
2026-04-12 18:24:03,Arrhythmia_p39,39,30,0.0820,0.9974
2026-04-12 18:24:03,Arrhythmia_p39,39,35,0.0777,1.0032
2026-04-12 18:24:03,Arrhythmia_p39,39,37,0.0750,1.0006
2026-04-12 18:24:04,Arrhythmia_p39,39,38,0.0736,1.0005
2026-04-12 18:24:04,Arrhythmia_p39,39,39,0.0717,1.0000
2026-04-12 18:24:04,Arrhythmia_p43,43,22,0.0946,0.9711
2026-04-12 18:24:04,Arrhythmia_p43,43,33,0.0952,0.9989
2026-04-12 18:24:04,Arrhythmia_p43,43,38,0.0903,1.0031
2026-04-12 18:24:04,Arrhythmia_p43,43,41,0.0865,1.0006
2026-04-12 18:24:05,Arrhythmia_p43,43,42,0.0845,1.0000
2026-04-12 18:24:05,Arrhythmia_p43,43,43,0.0846,1.0000
2026-04-12 18:24:05,Arrhythmia_p46,46,23,0.1030,0.9811
2026-04-12 18:24:05,Arrhythmia_p46,46,35,0.1058,1.0012
2026-04-12 18:24:06,Arrhythmia_p46,46,41,0.0988,1.0025
2026-04-12 18:24:06,Arrhythmia_p46,46,44,0.0964,1.0010
2026-04-12 18:24:06,Arrhythmia_p46,46,45,0.0950,1.0000
2026-04-12 18:24:06,Arrhythmia_p46,46,46,0.0914,1.0000
2026-04-12 18:24:06,Arrhythmia_p50,50,25,0.1153,0.9870
2026-04-12 18:24:07,Arrhythmia_p50,50,38,0.1188,0.9988
2026-04-12 18:24:07,Arrhythmia_p50,50,44,0.1120,1.0015
2026-04-12 18:24:07,Arrhythmia_p50,50,47,0.1115,1.0005
2026-04-12 18:24:07,Arrhythmia_p50,50,49,0.1063,1.0000
2026-04-12 18:24:08,Arrhythmia_p50,50,50,0.1022,1.0000
2026-04-12 18:24:08,Arrhythmia_p54,54,27,0.1337,0.9794
2026-04-12 18:24:08,Arrhythmia_p54,54,41,0.1328,1.0014
2026-04-12 18:24:08,Arrhythmia_p54,54,48,0.1283,0.9988
2026-04-12 18:24:09,Arrhythmia_p54,54,51,0.1258,0.9987
2026-04-12 18:24:09,Arrhythmia_p54,54,53,0.1251,1.0002
2026-04-12 18:24:09,Arrhythmia_p54,54,54,0.1262,1.0000
2026-04-12 18:24:09,Arrhythmia_p57,57,29,0.1413,0.9965
2026-04-12 18:24:10,Arrhythmia_p57,57,43,0.1424,0.9995
2026-04-12 18:24:10,Arrhythmia_p57,57,50,0.1395,1.0007
2026-04-12 18:24:10,Arrhythmia_p57,57,54,0.1462,1.0012
2026-04-12 18:24:11,Arrhythmia_p57,57,56,0.1439,1.0006
2026-04-12 18:24:11,Arrhythmia_p57,57,57,0.1443,1.0000
2026-04-12 18:24:11,Arrhythmia_p61,61,31,0.1560,0.9812
2026-04-12 18:24:11,Arrhythmia_p61,61,46,0.1647,1.0005
2026-04-12 18:24:12,Arrhythmia_p61,61,54,0.1643,1.0025
2026-04-12 18:24:12,Arrhythmia_p61,61,58,0.1726,1.0003
2026-04-12 18:24:12,Arrhythmia_p61,61,60,0.1709,1.0002
2026-04-12 18:24:13,Arrhythmia_p61,61,61,0.1742,1.0000
2026-04-12 18:24:13,Arrhythmia_p65,65,33,0.1695,0.9923
2026-04-12 18:24:13,Arrhythmia_p65,65,49,0.1770,1.0050
2026-04-12 18:24:14,Arrhythmia_p65,65,57,0.1940,1.0011
2026-04-12 18:24:14,Arrhythmia_p65,65,61,0.2000,1.0007
2026-04-12 18:24:14,Arrhythmia_p65,65,63,0.1970,1.0005
2026-04-12 18:24:14,Arrhythmia_p65,65,64,0.2002,1.0000
2026-04-12 18:24:15,Arrhythmia_p65,65,65,0.2011,1.0000
2026-04-12 18:24:15,Arrhythmia_p68,68,34,0.1782,0.9864
2026-04-12 18:24:15,Arrhythmia_p68,68,51,0.1919,1.0058
2026-04-12 18:24:16,Arrhythmia_p68,68,60,0.2137,1.0036
2026-04-12 18:24:16,Arrhythmia_p68,68,64,0.1961,1.0008
2026-04-12 18:24:16,Arrhythmia_p68,68,66,0.2313,1.0001
2026-04-12 18:24:17,Arrhythmia_p68,68,67,0.3566,1.0000
2026-04-12 18:24:17,Arrhythmia_p68,68,68,0.2307,1.0000
2026-04-12 18:24:17,Arrhythmia_p72,72,36,0.1977,0.9884
2026-04-12 18:24:18,Arrhythmia_p72,72,54,0.2243,1.0036
2026-04-12 18:24:18,Arrhythmia_p72,72,63,0.2489,1.0018
2026-04-12 18:24:18,Arrhythmia_p72,72,68,0.3871,1.0004
2026-04-12 18:24:19,Arrhythmia_p72,72,70,0.2721,1.0002
2026-04-12 18:24:19,Arrhythmia_p72,72,71,0.2648,1.0000
2026-04-12 18:24:20,Arrhythmia_p72,72,72,0.2730,1.0000
2026-04-12 18:24:20,Arrhythmia_p76,76,38,0.2156,1.0010
2026-04-12 18:24:20,Arrhythmia_p76,76,57,0.2577,1.0076
2026-04-12 18:24:21,Arrhythmia_p76,76,67,0.2924,1.0024
2026-04-12 18:24:21,Arrhythmia_p76,76,72,0.3060,1.0006
2026-04-12 18:24:21,Arrhythmia_p76,76,74,0.3090,1.0000
2026-04-12 18:24:22,Arrhythmia_p76,76,75,0.3166,1.0000
2026-04-12 18:24:22,Arrhythmia_p76,76,76,0.3104,1.0000
2026-04-12 18:24:22,Arrhythmia_p79,79,40,0.2086,0.9987
2026-04-12 18:24:23,Arrhythmia_p79,79,60,0.2918,1.0054
2026-04-12 18:24:23,Arrhythmia_p79,79,70,0.3248,1.0030
2026-04-12 18:24:24,Arrhythmia_p79,79,75,0.3550,1.0010
2026-04-12 18:24:24,Arrhythmia_p79,79,77,0.3274,1.0002
2026-04-12 18:24:24,Arrhythmia_p79,79,78,0.3359,1.0000
2026-04-12 18:24:25,Arrhythmia_p79,79,79,0.3408,1.0000
2026-04-12 18:24:25,Arrhythmia_p83,83,42,0.2343,0.9953
2026-04-12 18:24:25,Arrhythmia_p83,83,63,0.3175,1.0053
2026-04-12 18:24:26,Arrhythmia_p83,83,73,0.3571,1.0016
2026-04-12 18:24:26,Arrhythmia_p83,83,78,0.3725,1.0003
2026-04-12 18:24:27,Arrhythmia_p83,83,81,0.3967,1.0001
2026-04-12 18:24:27,Arrhythmia_p83,83,82,0.3744,1.0000
2026-04-12 18:24:28,Arrhythmia_p83,83,83,0.3657,1.0000
2026-04-12 18:24:28,Arrhythmia_p87,87,44,0.2949,0.9982
2026-04-12 18:24:28,Arrhythmia_p87,87,66,0.4089,1.0035
2026-04-12 18:24:29,Arrhythmia_p87,87,77,0.4171,1.0021
2026-04-12 18:24:29,Arrhythmia_p87,87,82,0.4424,1.0003
2026-04-12 18:24:30,Arrhythmia_p87,87,85,0.4252,1.0000
2026-04-12 18:24:30,Arrhythmia_p87,87,86,0.4375,1.0000
2026-04-12 18:24:30,Arrhythmia_p87,87,87,0.4399,1.0000
2026-04-12 18:24:31,Arrhythmia_p90,90,45,0.2657,0.9993
2026-04-12 18:24:31,Arrhythmia_p90,90,68,0.3996,1.0024
2026-04-12 18:24:32,Arrhythmia_p90,90,79,0.4562,1.0020
2026-04-12 18:24:32,Arrhythmia_p90,90,85,0.4602,1.0010
2026-04-12 18:24:33,Arrhythmia_p90,90,88,0.4840,1.0002
2026-04-12 18:24:33,Arrhythmia_p90,90,89,0.4846,1.0000
2026-04-12 18:24:34,Arrhythmia_p90,90,90,0.4906,1.0000
2026-04-12 18:24:34,Arrhythmia_p94,94,47,0.2769,0.9942
2026-04-12 18:24:34,Arrhythmia_p94,94,71,0.4500,1.0028
2026-04-12 18:24:35,Arrhythmia_p94,94,83,0.5014,1.0003
2026-04-12 18:24:35,Arrhythmia_p94,94,89,0.5373,1.0007
2026-04-12 18:24:36,Arrhythmia_p94,94,92,0.5662,1.0003
2026-04-12 18:24:36,Arrhythmia_p94,94,93,0.5420,1.0001
2026-04-12 18:24:37,Arrhythmia_p94,94,94,0.5545,1.0000
2026-04-12 18:24:37,Arrhythmia_p98,98,49,0.3813,1.0000
2026-04-12 18:24:38,Arrhythmia_p98,98,74,0.5054,1.0016
2026-04-12 18:24:38,Arrhythmia_p98,98,86,0.5830,1.0010
2026-04-12 18:24:39,Arrhythmia_p98,98,92,0.6029,1.0000
2026-04-12 18:24:39,Arrhythmia_p98,98,95,0.6125,1.0002
2026-04-12 18:24:40,Arrhythmia_p98,98,97,0.6166,1.0000
2026-04-12 18:24:40,Arrhythmia_p98,98,98,0.6123,1.0000
2026-04-12 18:24:41,Arrhythmia_p101,101,51,0.3235,0.9948
2026-04-12 18:24:41,Arrhythmia_p101,101,76,0.5424,0.9987
2026-04-12 18:24:42,Arrhythmia_p101,101,89,0.6579,1.0014
2026-04-12 18:24:42,Arrhythmia_p101,101,95,0.6734,1.0014
2026-04-12 18:24:43,Arrhythmia_p101,101,98,0.6674,1.0007
2026-04-12 18:24:43,Arrhythmia_p101,101,100,0.6817,1.0003
2026-04-12 18:24:44,Arrhythmia_p101,101,101,0.6799,1.0000
2026-04-12 18:24:44,Arrhythmia_p105,105,53,0.3560,0.9982
2026-04-12 18:24:45,Arrhythmia_p105,105,79,0.6060,1.0006
2026-04-12 18:24:45,Arrhythmia_p105,105,92,0.7080,1.0003
2026-04-12 18:24:46,Arrhythmia_p105,105,99,0.7321,1.0003
2026-04-12 18:24:46,Arrhythmia_p105,105,102,0.7414,1.0004
2026-04-12 18:24:47,Arrhythmia_p105,105,104,0.7209,1.0001
2026-04-12 18:24:47,Arrhythmia_p105,105,105,0.7541,1.0000
2026-04-12 18:24:48,Arrhythmia_p109,109,55,0.3884,1.0046
2026-04-12 18:24:48,Arrhythmia_p109,109,82,0.6832,1.0034
2026-04-12 18:24:49,Arrhythmia_p109,109,96,0.8089,1.0009
2026-04-12 18:24:49,Arrhythmia_p109,109,103,0.8356,1.0003
2026-04-12 18:24:50,Arrhythmia_p109,109,106,0.8451,1.0000
2026-04-12 18:24:51,Arrhythmia_p109,109,108,0.8438,1.0000
2026-04-12 18:24:51,Arrhythmia_p109,109,109,0.8322,1.0000
2026-04-12 18:24:52,Arrhythmia_p112,112,56,0.4217,0.9905
2026-04-12 18:24:52,Arrhythmia_p112,112,84,0.7514,1.0031
2026-04-12 18:24:53,Arrhythmia_p112,112,98,0.8810,1.0010
2026-04-12 18:24:53,Arrhythmia_p112,112,105,0.9060,1.0001
2026-04-12 18:24:54,Arrhythmia_p112,112,109,0.8304,1.0001
2026-04-12 18:24:55,Arrhythmia_p112,112,111,0.8929,1.0000
2026-04-12 18:24:55,Arrhythmia_p112,112,112,0.9340,1.0000
2026-04-12 18:24:56,Arrhythmia_p116,116,58,0.4493,0.9977
2026-04-12 18:24:56,Arrhythmia_p116,116,87,0.7490,1.0014
2026-04-12 18:24:57,Arrhythmia_p116,116,102,0.9390,1.0005
2026-04-12 18:24:58,Arrhythmia_p116,116,109,0.9678,1.0001
2026-04-12 18:24:58,Arrhythmia_p120,120,60,0.4985,0.9920
2026-04-12 18:24:59,Arrhythmia_p120,120,90,0.9233,1.0019
2026-04-12 18:25:00,Arrhythmia_p120,120,105,1.0579,1.0017
2026-04-12 18:25:00,Arrhythmia_p120,120,97,1.0172,1.0015
2026-04-12 18:25:01,Arrhythmia_p123,123,62,0.5217,1.0047
2026-04-12 18:25:01,Arrhythmia_p123,123,93,0.9594,1.0037
2026-04-12 18:25:02,Arrhythmia_p127,127,64,0.5734,0.9947
2026-04-12 18:25:03,Arrhythmia_p127,127,96,1.0011,1.0022
2026-04-12 18:25:03,Arrhythmia_p131,131,66,0.5914,0.9930
2026-04-12 18:25:04,Arrhythmia_p131,131,99,1.1370,1.0026
2026-04-12 18:25:05,Arrhythmia_p131,131,82,0.8705,0.9995
2026-04-12 18:25:05,Arrhythmia_p131,131,90,1.0152,1.0026
2026-04-12 18:25:20,Synthetic_high_corr_p25,25,13,0.0631,0.9999
2026-04-12 18:25:21,Synthetic_high_corr_p41,41,21,0.0981,0.9998
2026-04-12 18:25:21,Synthetic_high_corr_p57,57,29,0.1406,0.9998
2026-04-12 18:25:21,Synthetic_high_corr_p74,74,37,0.2055,0.9998
2026-04-12 18:25:21,Synthetic_high_corr_p90,90,45,0.2665,0.9998
2026-04-12 18:25:22,Synthetic_high_corr_p106,106,53,0.3576,0.9998
2026-04-12 18:25:22,Synthetic_high_corr_p123,123,62,0.5298,0.9999
2026-04-12 18:25:23,Synthetic_high_corr_p139,139,70,0.7123,0.9999
2026-04-12 18:25:24,Synthetic_high_corr_p156,156,78,0.9673,0.9999
2026-04-12 18:25:25,Synthetic_high_corr_p172,172,86,1.2595,0.9999
2026-04-12 18:25:26,Synthetic_high_corr_p188,188,94,1.5982,0.9999
2026-04-12 18:25:27,Synthetic_high_corr_p205,205,103,1.9371,0.9999
2026-04-12 18:25:29,Synthetic_high_corr_p221,221,111,2.3447,0.9999
2026-04-12 18:25:31,Synthetic_high_corr_p237,237,119,2.7599,1.0000
2026-04-12 18:25:33,Synthetic_high_corr_p254,254,127,3.3480,0.9999
2026-04-12 18:25:36,Synthetic_high_corr_p270,270,135,3.8773,0.9999
2026-04-12 18:25:40,Synthetic_high_corr_p287,287,144,4.4070,0.9999
2026-04-12 18:25:44,Synthetic_high_corr_p303,303,152,4.9262,0.9999
2026-04-12 18:25:50,Synthetic_high_corr_p319,319,160,5.5324,0.9999
2026-04-12 18:25:56,Synthetic_high_corr_p336,336,168,6.6160,0.9999
2026-04-12 18:26:03,Synthetic_high_corr_p352,352,176,7.3886,0.9999
2026-04-12 18:26:11,Synthetic_high_corr_p368,368,184,8.1047,0.9999
2026-04-12 18:26:20,Synthetic_high_corr_p385,385,193,8.1043,0.9999
2026-04-12 18:26:31,Synthetic_high_corr_p401,401,201,8.8263,0.9999
2026-04-12 18:26:44,Synthetic_high_corr_p418,418,209,9.5713,0.9999
2026-04-12 18:26:59,Synthetic_high_corr_p434,434,217,10.4067,0.9999
2026-04-12 18:27:15,Synthetic_high_corr_p450,450,225,11.4203,0.9999
2026-04-12 18:27:34,Synthetic_high_corr_p467,467,234,12.1634,0.9999
2026-04-12 18:27:56,Synthetic_high_corr_p483,483,242,13.0312,0.9999
2026-04-12 18:28:20,Synthetic_high_corr_p500,500,250,14.5791,0.9999
2026-04-12 18:28:20,Synthetic_high_corr_p25,25,13,0.0492,0.9996
2026-04-12 18:28:20,Synthetic_high_corr_p41,41,21,0.0901,0.9998
2026-04-12 18:28:20,Synthetic_high_corr_p57,57,29,0.1406,0.9998
2026-04-12 18:28:20,Synthetic_high_corr_p74,74,37,0.2039,1.0000
2026-04-12 18:28:21,Synthetic_high_corr_p90,90,45,0.2637,0.9999
2026-04-12 18:28:21,Synthetic_high_corr_p106,106,53,0.3615,0.9999
2026-04-12 18:28:22,Synthetic_high_corr_p123,123,62,0.5220,0.9999
2026-04-12 18:28:22,Synthetic_high_corr_p139,139,70,0.6976,0.9999
2026-04-12 18:28:23,Synthetic_high_corr_p156,156,78,0.9733,0.9999
2026-04-12 18:28:24,Synthetic_high_corr_p172,172,86,1.2401,0.9999
2026-04-12 18:28:25,Synthetic_high_corr_p188,188,94,1.5888,0.9999
2026-04-12 18:28:27,Synthetic_high_corr_p205,205,103,1.9426,0.9999
2026-04-12 18:28:28,Synthetic_high_corr_p221,221,111,2.3598,0.9999
2026-04-12 18:28:30,Synthetic_high_corr_p237,237,119,2.7956,0.9999
2026-04-12 18:28:33,Synthetic_high_corr_p254,254,127,3.2934,0.9999
2026-04-12 18:28:36,Synthetic_high_corr_p270,270,135,3.8291,0.9999
2026-04-12 18:28:40,Synthetic_high_corr_p287,287,144,4.3807,0.9999
2026-04-12 18:28:44,Synthetic_high_corr_p303,303,152,4.9333,0.9999
2026-04-12 18:28:49,Synthetic_high_corr_p319,319,160,5.5435,0.9999
2026-04-12 18:28:55,Synthetic_high_corr_p336,336,168,6.6687,0.9999
2026-04-12 18:29:02,Synthetic_high_corr_p352,352,176,7.3037,0.9999
2026-04-12 18:29:10,Synthetic_high_corr_p368,368,184,8.1025,0.9999
2026-04-12 18:29:20,Synthetic_high_corr_p385,385,193,8.0882,0.9999
2026-04-12 18:29:31,Synthetic_high_corr_p401,401,201,8.8474,0.9999
2026-04-12 18:29:44,Synthetic_high_corr_p418,418,209,9.5417,0.9999
2026-04-12 18:29:58,Synthetic_high_corr_p434,434,217,10.3908,0.9999
2026-04-12 18:30:15,Synthetic_high_corr_p450,450,225,11.3943,0.9999
2026-04-12 18:30:34,Synthetic_high_corr_p467,467,234,12.1619,0.9999
2026-04-12 18:30:55,Synthetic_high_corr_p483,483,242,13.0186,0.9999
2026-04-12 18:31:19,Synthetic_high_corr_p500,500,250,14.5925,0.9999
2026-04-12 18:31:19,Synthetic_high_corr_p25,25,13,0.0493,0.9995
2026-04-12 18:31:20,Synthetic_high_corr_p41,41,21,0.0892,0.9999
2026-04-12 18:31:20,Synthetic_high_corr_p57,57,29,0.1411,0.9999
2026-04-12 18:31:20,Synthetic_high_corr_p74,74,37,0.2050,0.9999
2026-04-12 18:31:20,Synthetic_high_corr_p90,90,45,0.2640,0.9998
2026-04-12 18:31:21,Synthetic_high_corr_p106,106,53,0.3578,0.9999
2026-04-12 18:31:21,Synthetic_high_corr_p123,123,62,0.5213,0.9999
2026-04-12 18:31:22,Synthetic_high_corr_p139,139,70,0.7064,1.0000
2026-04-12 18:31:23,Synthetic_high_corr_p156,156,78,0.9607,0.9999
2026-04-12 18:31:24,Synthetic_high_corr_p172,172,86,1.2599,0.9999
2026-04-12 18:31:25,Synthetic_high_corr_p188,188,94,1.5798,0.9999
2026-04-12 18:31:26,Synthetic_high_corr_p205,205,103,1.9182,0.9999
2026-04-12 18:31:28,Synthetic_high_corr_p221,221,111,2.3579,0.9999
2026-04-12 18:31:30,Synthetic_high_corr_p237,237,119,2.7989,1.0000
2026-04-12 18:31:32,Synthetic_high_corr_p254,254,127,3.3069,0.9999
2026-04-12 18:31:35,Synthetic_high_corr_p270,270,135,3.8457,0.9999
2026-04-12 18:31:39,Synthetic_high_corr_p287,287,144,4.4176,0.9999
2026-04-12 18:31:43,Synthetic_high_corr_p303,303,152,4.9056,0.9999
2026-04-12 18:31:48,Synthetic_high_corr_p319,319,160,5.5330,0.9999
2026-04-12 18:31:54,Synthetic_high_corr_p336,336,168,6.6353,0.9999
2026-04-12 18:32:01,Synthetic_high_corr_p352,352,176,7.5261,0.9999
2026-04-12 18:32:10,Synthetic_high_corr_p368,368,184,8.2149,0.9999
2026-04-12 18:32:19,Synthetic_high_corr_p385,385,193,8.1118,0.9999
2026-04-12 18:32:30,Synthetic_high_corr_p401,401,201,8.8091,0.9999
2026-04-12 18:32:43,Synthetic_high_corr_p418,418,209,9.5811,0.9999
2026-04-12 18:32:58,Synthetic_high_corr_p434,434,217,10.3020,0.9999
2026-04-12 18:33:14,Synthetic_high_corr_p450,450,225,11.3723,0.9999
2026-04-12 18:33:33,Synthetic_high_corr_p467,467,234,12.1586,0.9999
2026-04-12 18:33:55,Synthetic_high_corr_p483,483,242,13.0445,0.9999
2026-04-12 18:34:19,Synthetic_high_corr_p500,500,250,14.5791,0.9999
2026-04-12 18:34:19,Synthetic_high_corr_p25,25,13,0.0495,1.0000
2026-04-12 18:34:19,Synthetic_high_corr_p41,41,21,0.0887,0.9996
2026-04-12 18:34:19,Synthetic_high_corr_p57,57,29,0.1402,0.9997
2026-04-12 18:34:20,Synthetic_high_corr_p74,74,37,0.2015,0.9999
2026-04-12 18:34:20,Synthetic_high_corr_p90,90,45,0.2677,1.0000
2026-04-12 18:34:20,Synthetic_high_corr_p106,106,53,0.3615,0.9999
2026-04-12 18:34:21,Synthetic_high_corr_p123,123,62,0.5197,0.9999
2026-04-12 18:34:21,Synthetic_high_corr_p139,139,70,0.7021,0.9999
2026-04-12 18:34:22,Synthetic_high_corr_p156,156,78,0.9689,0.9999
2026-04-12 18:34:23,Synthetic_high_corr_p172,172,86,1.2380,0.9999
2026-04-12 18:34:24,Synthetic_high_corr_p188,188,94,1.5879,0.9999
2026-04-12 18:34:26,Synthetic_high_corr_p205,205,103,1.9328,0.9999
2026-04-12 18:34:27,Synthetic_high_corr_p221,221,111,2.3443,0.9999
2026-04-12 18:34:29,Synthetic_high_corr_p237,237,119,2.8170,1.0000
2026-04-12 18:34:32,Synthetic_high_corr_p254,254,127,3.2902,0.9999
2026-04-12 18:34:35,Synthetic_high_corr_p270,270,135,3.8447,0.9999
2026-04-12 18:34:39,Synthetic_high_corr_p287,287,144,4.4212,0.9999
2026-04-12 18:34:43,Synthetic_high_corr_p303,303,152,4.8740,0.9999
2026-04-12 18:34:48,Synthetic_high_corr_p319,319,160,5.5280,0.9999
2026-04-12 18:34:54,Synthetic_high_corr_p336,336,168,6.6280,0.9999
2026-04-12 18:35:01,Synthetic_high_corr_p352,352,176,7.3769,0.9999
2026-04-12 18:35:09,Synthetic_high_corr_p368,368,184,8.0601,0.9999
2026-04-12 18:35:19,Synthetic_high_corr_p385,385,193,8.1213,0.9999
2026-04-12 18:35:30,Synthetic_high_corr_p401,401,201,8.7992,0.9999
2026-04-12 18:35:42,Synthetic_high_corr_p418,418,209,9.5557,0.9999
2026-04-12 18:35:57,Synthetic_high_corr_p434,434,217,10.3449,0.9999
2026-04-12 18:36:14,Synthetic_high_corr_p450,450,225,11.3895,0.9999
2026-04-12 18:36:33,Synthetic_high_corr_p467,467,234,12.1630,0.9999
2026-04-12 18:36:54,Synthetic_high_corr_p483,483,242,13.0481,0.9999
2026-04-12 18:37:18,Synthetic_high_corr_p500,500,250,14.6024,0.9999
2026-04-12 18:37:18,Synthetic_high_corr_p25,25,13,0.0510,0.9995
2026-04-12 18:37:18,Synthetic_high_corr_p41,41,21,0.0897,0.9995
2026-04-12 18:37:19,Synthetic_high_corr_p57,57,29,0.1416,0.9999
2026-04-12 18:37:19,Synthetic_high_corr_p74,74,37,0.2025,0.9998
2026-04-12 18:37:19,Synthetic_high_corr_p90,90,45,0.2638,1.0000
2026-04-12 18:37:20,Synthetic_high_corr_p106,106,53,0.3572,1.0000
2026-04-12 18:37:20,Synthetic_high_corr_p123,123,62,0.5307,1.0000
2026-04-12 18:37:21,Synthetic_high_corr_p139,139,70,0.6881,0.9999
2026-04-12 18:37:22,Synthetic_high_corr_p156,156,78,0.9581,0.9999
2026-04-12 18:37:22,Synthetic_high_corr_p172,172,86,1.2556,0.9999
2026-04-12 18:37:24,Synthetic_high_corr_p188,188,94,1.5918,0.9999
2026-04-12 18:37:25,Synthetic_high_corr_p205,205,103,1.9122,0.9999
2026-04-12 18:37:27,Synthetic_high_corr_p221,221,111,2.3516,0.9999
2026-04-12 18:37:29,Synthetic_high_corr_p237,237,119,2.7806,0.9999
2026-04-12 18:37:31,Synthetic_high_corr_p254,254,127,3.2917,0.9999
2026-04-12 18:37:34,Synthetic_high_corr_p270,270,135,3.7420,0.9999
2026-04-12 18:37:38,Synthetic_high_corr_p287,287,144,4.4122,0.9999
2026-04-12 18:37:42,Synthetic_high_corr_p303,303,152,4.9017,0.9999
2026-04-12 18:37:47,Synthetic_high_corr_p319,319,160,5.5425,0.9999
2026-04-12 18:37:53,Synthetic_high_corr_p336,336,168,6.6612,0.9999
2026-04-12 18:38:00,Synthetic_high_corr_p352,352,176,7.4253,0.9999
2026-04-12 18:38:09,Synthetic_high_corr_p368,368,184,8.0941,0.9999
2026-04-12 18:38:18,Synthetic_high_corr_p385,385,193,8.1299,0.9999
2026-04-12 18:38:29,Synthetic_high_corr_p401,401,201,8.8322,0.9999
2026-04-12 18:38:42,Synthetic_high_corr_p418,418,209,9.5663,0.9999
2026-04-12 18:38:57,Synthetic_high_corr_p434,434,217,10.4018,0.9999
2026-04-12 18:39:13,Synthetic_high_corr_p450,450,225,11.3617,0.9999
2026-04-12 18:39:32,Synthetic_high_corr_p467,467,234,12.1581,0.9999
2026-04-12 18:39:54,Synthetic_high_corr_p483,483,242,13.1028,0.9999
2026-04-12 18:40:18,Synthetic_high_corr_p500,500,250,14.6621,0.9999
2026-04-12 18:40:19,Mnist_p25,25,13,0.0515,0.9874
2026-04-12 18:40:19,Mnist_p46,46,23,0.1030,0.9759
2026-04-12 18:40:19,Mnist_p67,67,34,0.1748,0.9871
2026-04-12 18:40:20,Mnist_p88,88,44,0.2600,0.9786
2026-04-12 18:40:20,Mnist_p109,109,55,0.3913,0.9881
2026-04-12 18:40:21,Mnist_p130,130,65,0.5883,0.9944
2026-04-12 18:40:21,Mnist_p152,152,76,0.9338,0.9927
2026-04-12 18:40:22,Mnist_p173,173,87,1.2664,0.9940
2026-04-12 18:40:24,Mnist_p194,194,97,1.6839,0.9946
2026-04-12 18:40:25,Mnist_p215,215,108,2.2166,1.0001
2026-04-12 18:40:27,Mnist_p236,236,118,2.8093,0.9959
2026-04-12 18:40:30,Mnist_p257,257,129,3.2734,0.9995
2026-04-12 18:40:33,Mnist_p279,279,140,3.9985,1.0019
2026-04-12 18:40:37,Mnist_p300,300,150,4.8682,1.0023
2026-04-12 18:40:42,Mnist_p321,321,161,5.4330,1.0012
2026-04-12 18:40:49,Mnist_p342,342,171,6.1869,0.9997
2026-04-12 18:40:57,Mnist_p363,363,182,7.2135,0.9996
2026-04-12 18:41:06,Mnist_p384,384,192,8.5088,1.0031
2026-04-12 18:41:18,Mnist_p406,406,203,9.0339,1.0001
2026-04-12 18:41:32,Mnist_p427,427,214,9.8131,1.0036
2026-04-12 18:41:48,Mnist_p448,448,224,12.0818,1.0036
2026-04-12 18:42:07,Mnist_p469,469,235,12.3331,0.9999
2026-04-12 18:42:30,Mnist_p490,490,245,13.5869,1.0024
2026-04-12 18:42:56,Mnist_p511,511,256,13.4517,1.0026
